
{
  "species": "cobblemon:enamorus",
  "order": 10,
  "variations": [
    {
      "aspects": [],
      "poser": "pokemans:enamorus",
      "model": "pokemans:enamorus.geo",
      "texture": "pokemans:textures/pokemon/enamorus/enamorus.png",
      "layers": []
    },
    {
      "aspects": [ "shiny" ],
      "texture": "pokemans:textures/pokemon/enamorus/enamorus_shiny.png"
    },
    {
      "aspects": [ "therian-forme" ],
      "poser": "pokemans:enamorus_therian",
      "model": "pokemans:enamorus_therian.geo",
      "texture": "pokemans:textures/pokemon/enamorus/enamorus_therian.png"
    },
    {
      "aspects": [ "therian-forme","shiny" ],
      "poser": "pokemans:enamorus_therian",
      "model": "pokemans:enamorus_therian.geo",
      "texture": "pokemans:textures/pokemon/enamorus/enamorus_therian_shiny.png"
    }
  ]
}
