{
	"species": "cobblemon:eternatus",
	"order": 10,
	"variations": [
		{
			"aspects": [],
			"poser": "pokemans:eternatus",
			"model": "pokemans:eternatus.geo",
			"texture": "pokemans:textures/pokemon/eternatus/eternatus.png",
			"layers": [
        {
              "name": "emissive",
              "emissive": true,
              "texture": "pokemans:textures/pokemon/eternatus/eternatus_emissive.png",
              "translucent": true
        }
      ]
		},
		{
			"aspects": [ "shiny" ],
			"texture": "pokemans:textures/pokemon/eternatus/eternatus_shiny.png"
		}
	]
}