
{
  "species": "cobblemon:landorus",
  "order": 10,
  "variations": [
    {
      "aspects": [],
      "poser": "pokemans:landorus",
      "model": "pokemans:landorus.geo",
      "texture": "pokemans:textures/pokemon/landorus/landorus.png",
      "layers": []
    },
    {
      "aspects": [ "shiny" ],
      "texture": "pokemans:textures/pokemon/landorus/landorus_shiny.png"
    },
    {
      "aspects": [ "therian-forme" ],
      "poser": "pokemans:landorus_therian",
      "model": "pokemans:landorus_therian.geo",
      "texture": "pokemans:textures/pokemon/landorus/landorus_therian.png"
    },
    {
      "aspects": [ "therian-forme","shiny" ],
      "poser": "pokemans:landorus_therian",
      "model": "pokemans:landorus_therian.geo",
      "texture": "pokemans:textures/pokemon/landorus/landorus_therian_shiny.png"
    }
  ]
}
