{
    "species": "cobblemon:silvally",
    "order": 10,
    "variations": [
        {
            "aspects": [],
            "poser": "pokemans:silvally",
            "model": "pokemans:silvally.geo",
            "texture": "pokemans:textures/pokemon/silvally/silvally.png",
            "layers": [
                {
                    "name": "emissive",
                    "emissive": true,
                    "texture": "pokemans:textures/pokemon/silvally/silvally_emmisive.png"
              }
            ]
        },
        {
            "aspects": [
                "shiny"
            ],
            "texture": "pokemans:textures/pokemon/silvally/silvally_shiny.png",
            "layers":[] 
        },
        {
            "aspects": [
                "fire-memory"
            ],
            "layers":[
                {
                    "name": "emissive",
                    "emissive": true,
                    "texture": "pokemans:textures/pokemon/silvally/silvally_emmisive_fire.png"
              }
            ] 
        },
        {
            "aspects": [
                "water-memory"
            ],
            "layers":[
                {
                    "name": "emissive",
                    "emissive": true,
                    "texture": "pokemans:textures/pokemon/silvally/silvally_emmisive_water.png"
              }
            ] 
        },
        {
            "aspects": [
                "grass-memory"
            ],
            "layers":[
                {
                    "name": "emissive",
                    "emissive": true,
                    "texture": "pokemans:textures/pokemon/silvally/silvally_emmisive_grass.png"
              }
            ] 
        },
        {
            "aspects": [
                "electric-memory"
            ],
            "layers":[
                {
                    "name": "emissive",
                    "emissive": true,
                    "texture": "pokemans:textures/pokemon/silvally/silvally_emmisive_electric.png"
              }
            ] 
        },
        {
            "aspects": [
                "ice-memory"
            ],
            "layers":[
                {
                    "name": "emissive",
                    "emissive": true,
                    "texture": "pokemans:textures/pokemon/silvally/silvally_emmisive_ice.png"
              }
            ] 
        },
        {
            "aspects": [
                "fighting-memory"
            ],
            "layers":[
                {
                    "name": "emissive",
                    "emissive": true,
                    "texture": "pokemans:textures/pokemon/silvally/silvally_emmisive_fighting.png"
              }
            ] 
        },
        {
            "aspects": [
                "poison-memory"
            ],
            "layers":[
                {
                    "name": "emissive",
                    "emissive": true,
                    "texture": "pokemans:textures/pokemon/silvally/silvally_emmisive_poison.png"
              }
            ] 
        },
        {
            "aspects": [
                "ground-memory"
            ],
            "layers":[
                {
                    "name": "emissive",
                    "emissive": true,
                    "texture": "pokemans:textures/pokemon/silvally/silvally_emmisive_ground.png"
              }
            ] 
        },
        {
            "aspects": [
                "flying-memory"
            ],
            "layers":[
                {
                    "name": "emissive",
                    "emissive": true,
                    "texture": "pokemans:textures/pokemon/silvally/silvally_emmisive_flying.png"
              }
            ] 
        },
        {
            "aspects": [
                "psychic-memory"
            ],
            "layers":[
                {
                    "name": "emissive",
                    "emissive": true,
                    "texture": "pokemans:textures/pokemon/silvally/silvally_emmisive_psychic.png"
              }
            ] 
        },
        {
            "aspects": [
                "bug-memory"
            ],
            "layers":[
                {
                    "name": "emissive",
                    "emissive": true,
                    "texture": "pokemans:textures/pokemon/silvally/silvally_emmisive_bug.png"
              }
            ] 
        },
        {
            "aspects": [
                "rock-memory"
            ],
            "layers":[
                {
                    "name": "emissive",
                    "emissive": true,
                    "texture": "pokemans:textures/pokemon/silvally/silvally_emmisive_rock.png"
              }
            ] 
        },
        {
            "aspects": [
                "ghost-memory"
            ],
            "layers":[
                {
                    "name": "emissive",
                    "emissive": true,
                    "texture": "pokemans:textures/pokemon/silvally/silvally_emmisive_ghost.png"
              }
            ] 
        },
        {
            "aspects": [
                "dragon-memory"
            ],
            "layers":[
                {
                    "name": "emissive",
                    "emissive": true,
                    "texture": "pokemans:textures/pokemon/silvally/silvally_emmisive_dragon.png"
              }
            ] 
        },
        {
            "aspects": [
                "dark-memory"
            ],
            "layers":[
                {
                    "name": "emissive",
                    "emissive": true,
                    "texture": "pokemans:textures/pokemon/silvally/silvally_emmisive_dark.png"
              }
            ] 
        },
        {
            "aspects": [
                "steel-memory"
            ],
            "layers":[
                {
                    "name": "emissive",
                    "emissive": true,
                    "texture": "pokemans:textures/pokemon/silvally/silvally_emmisive_steel.png"
              }
            ] 
        },
        {
            "aspects": [
                "fairy-memory"
            ],
            "layers":[
                {
                    "name": "emissive",
                    "emissive": true,
                    "texture": "pokemans:textures/pokemon/silvally/silvally_emmisive_fairy.png"
              }
            ] 
        }
    ]
}