{
	"format_version": "1.12.0",
	"minecraft:geometry": [
		{
			"description": {
				"identifier": "geometry.fezandipiti",
				"texture_width": 128,
				"texture_height": 128,
				"visible_bounds_width": 5,
				"visible_bounds_height": 3.5,
				"visible_bounds_offset": [0, 1.25, 0]
			},
			"bones": [
				{
					"name": "fezandipiti",
					"pivot": [-0.5, -0.6, 0]
				},
				{
					"name": "body",
					"parent": "fezandipiti",
					"pivot": [0, 19.08456, -0.88878]
				},
				{
					"name": "torso",
					"parent": "body",
					"pivot": [0, 19.08456, -0.88878],
					"cubes": [
						{"origin": [-4, 13.3842, -3.6749], "size": [8, 7, 7], "pivot": [-1, 19.08456, -0.88878], "rotation": [35, 0, 0], "uv": [0, 0]},
						{"origin": [-1, 18.55111, -4.91648], "size": [2, 3, 1], "uv": [54, 57]}
					]
				},
				{
					"name": "wings_close",
					"parent": "torso",
					"pivot": [-1, 19.08456, -0.88878]
				},
				{
					"name": "wing_close_right",
					"parent": "wings_close",
					"pivot": [-5, 19.90141, 0.48523],
					"cubes": [
						{"origin": [-6, 12.08456, -2.88878], "size": [2, 9, 7], "pivot": [-5, 19.08456, -1.88878], "rotation": [25, 0, 0], "uv": [79, 0], "mirror": true},
						{"origin": [-5.5, 20.18426, -3.05432], "size": [1, 4, 5], "inflate": -0.01, "pivot": [-4.5, 21.68426, -1.55432], "rotation": [-14, 0, 0], "uv": [100, 0], "mirror": true}
					]
				},
				{
					"name": "wing_close_right2",
					"parent": "wing_close_right",
					"pivot": [-4.99, 13.2038, 1.98817],
					"cubes": [
						{"origin": [-5.49, 11.8738, 2.79817], "size": [1, 5, 5], "inflate": -0.01, "pivot": [-4.49, 14.3738, 5.29817], "rotation": [65, 0, 0], "uv": [82, 18], "mirror": true}
					]
				},
				{
					"name": "wing_close_right3",
					"parent": "wing_close_right2",
					"pivot": [-4.99, 11.2416, 6.59104],
					"rotation": [4.91626, 0.64437, -0.87331],
					"cubes": [
						{"origin": [-4.99, 5.35948, 2.79001], "size": [0, 8, 5], "inflate": -0.01, "pivot": [-3.99, 13.85948, 5.29001], "rotation": [85, 0, 0], "uv": [98, 15], "mirror": true}
					]
				},
				{
					"name": "wing_close_left",
					"parent": "wings_close",
					"pivot": [5, 19.90141, 0.48523],
					"cubes": [
						{"origin": [4, 12.08456, -2.88878], "size": [2, 9, 7], "pivot": [5, 19.08456, -1.88878], "rotation": [25, 0, 0], "uv": [79, 0]},
						{"origin": [4.5, 20.18426, -3.05432], "size": [1, 4, 5], "inflate": -0.01, "pivot": [4.5, 21.68426, -1.55432], "rotation": [-14, 0, 0], "uv": [100, 0]}
					]
				},
				{
					"name": "wing_close_left2",
					"parent": "wing_close_left",
					"pivot": [4.99, 13.2038, 1.98817],
					"cubes": [
						{"origin": [4.49, 11.8738, 2.79817], "size": [1, 5, 5], "inflate": -0.01, "pivot": [4.49, 14.3738, 5.29817], "rotation": [65, 0, 0], "uv": [82, 18]}
					]
				},
				{
					"name": "wing_close_left3",
					"parent": "wing_close_left2",
					"pivot": [4.99, 11.2416, 6.59104],
					"rotation": [4.91626, -0.64437, 0.87331],
					"cubes": [
						{"origin": [4.99, 5.35948, 2.79001], "size": [0, 8, 5], "inflate": -0.01, "pivot": [3.99, 13.85948, 5.29001], "rotation": [85, 0, 0], "uv": [98, 15]}
					]
				},
				{
					"name": "torso3",
					"parent": "torso",
					"pivot": [0, 15.81704, 2.09855],
					"cubes": [
						{"origin": [-3.5, 12.81704, 0.09855], "size": [7, 4, 6], "uv": [0, 26]}
					]
				},
				{
					"name": "tail",
					"parent": "torso3",
					"pivot": [0, 16.81704, 6.09855],
					"cubes": [
						{"origin": [-3.5, 16.81704, 6.09855], "size": [7, 0, 7], "uv": [30, 0]}
					]
				},
				{
					"name": "tail2",
					"parent": "tail",
					"pivot": [0, 16.81704, 13.09855],
					"cubes": [
						{"origin": [-2.5, 16.81704, 13.09855], "size": [5, 0, 7], "uv": [32, 18]}
					]
				},
				{
					"name": "tail3",
					"parent": "tail2",
					"pivot": [0, 16.81704, 20.09855],
					"cubes": [
						{"origin": [-1.5, 16.81704, 20.09855], "size": [3, 0, 6], "uv": [42, 46]}
					]
				},
				{
					"name": "tail4",
					"parent": "tail3",
					"pivot": [0, 16.81704, 26.09855],
					"cubes": [
						{"origin": [-3.5, 16.81704, 26.09855], "size": [7, 0, 5], "uv": [0, 46]}
					]
				},
				{
					"name": "torso2",
					"parent": "torso",
					"pivot": [0, 19.05111, 0.08352],
					"cubes": [
						{"origin": [-3, 18.55111, -3.91648], "size": [6, 5, 6], "uv": [26, 26]}
					]
				},
				{
					"name": "neck",
					"parent": "torso2",
					"pivot": [0, 23.55111, -0.91648],
					"cubes": [
						{"origin": [-1.5, 22.55111, -2.41648], "size": [3, 3, 3], "uv": [41, 69]}
					]
				},
				{
					"name": "neck2",
					"parent": "neck",
					"pivot": [0, 25.55111, -0.91648],
					"cubes": [
						{"origin": [-1, 24.55111, -1.91648], "size": [2, 5, 2], "uv": [64, 34]}
					]
				},
				{
					"name": "head",
					"parent": "neck2",
					"pivot": [-0.03846, 28.61049, -0.88299],
					"cubes": [
						{"origin": [-2.5, 28.55111, -4.41648], "size": [5, 5, 6], "uv": [32, 7]},
						{"origin": [0, 33.30111, -4.91648], "size": [0, 3, 3], "pivot": [0, 33.30111, -3.41648], "rotation": [40, 0, 0], "uv": [56, 16]},
						{"origin": [0, 33.30111, -1.16648], "size": [0, 3, 3], "pivot": [0, 33.30111, 0.33352], "rotation": [-17.5, 0, 0], "uv": [42, 57]},
						{"origin": [0, 29.05111, -0.41648], "size": [0, 3, 6], "pivot": [0, 30.55111, 1.58352], "rotation": [12.5, 0, 0], "uv": [10, 51]},
						{"origin": [2.5, 30.55111, 1.58352], "size": [0, 3, 3], "pivot": [2.5, 32.05111, 1.58352], "rotation": [0, 30, 0], "uv": [48, 57]},
						{"origin": [-2.5, 30.55111, 1.58352], "size": [0, 3, 3], "pivot": [-2.5, 32.05111, 1.58352], "rotation": [0, -30, 0], "uv": [48, 57], "mirror": true}
					]
				},
				{
					"name": "eye_left",
					"parent": "head",
					"pivot": [2.5, 31.55111, -2.94981],
					"cubes": [
						{"origin": [2.5, 30.50111, -3.96648], "size": [0, 1, 1], "inflate": 0.02, "uv": [30, 7]},
						{"origin": [2.5, 31.10111, -3.76648], "size": [0, 1, 1], "inflate": 0.03, "uv": [30, 9]},
						{"origin": [2.5, 30.50111, -3.36648], "size": [0, 1, 1], "inflate": 0.02, "uv": [30, 7]},
						{"origin": [1.5, 30.50111, -4.41], "size": [1, 1, 0], "inflate": 0.01, "uv": [30, 11]},
						{"origin": [2.5, 30.25111, -4.16], "size": [0, 2, 2], "inflate": 0.01, "uv": [62, 16]},
						{"origin": [1.5, 31.00111, -2.41], "size": [1, 1, 1], "inflate": 0.01, "uv": [14, 63]},
						{"origin": [2.5, 31.55111, -4.51648], "size": [0, 2, 5], "inflate": 0.04, "pivot": [2.5, 32.55111, -1.91648], "rotation": [7, 0, 0], "uv": [22, 53]}
					]
				},
				{
					"name": "eye_left_lid",
					"parent": "eye_left",
					"pivot": [1.96, 30.59111, -2.83648],
					"cubes": [
						{"origin": [1.46, 29.59111, -4.33648], "size": [1, 2, 3], "inflate": 0.021, "uv": [88, 32]}
					]
				},
				{
					"name": "eye_detail_left",
					"parent": "eye_left",
					"pivot": [2.5, 32.45488, -1.5198],
					"cubes": [
						{"origin": [2.5, 24.23675, -1.39442], "size": [0, 8, 5], "inflate": 0.03, "pivot": [2.5, 32.35488, -0.8698], "rotation": [24.34616, 4.95237, -10.03303], "uv": [0, 51]},
						{"origin": [2.5, 24.92686, -3.53087], "size": [0, 1, 2], "inflate": 0.02, "pivot": [2.5, 32.35488, -0.8698], "rotation": [59.34616, 4.95237, -10.03303], "uv": [62, 62]}
					]
				},
				{
					"name": "eye_right",
					"parent": "head",
					"pivot": [-2.5, 31.55111, -2.94981],
					"cubes": [
						{"origin": [-2.5, 30.50111, -3.96648], "size": [0, 1, 1], "inflate": 0.02, "uv": [30, 7], "mirror": true},
						{"origin": [-2.5, 31.10111, -3.76648], "size": [0, 1, 1], "inflate": 0.03, "uv": [30, 9], "mirror": true},
						{"origin": [-2.5, 30.50111, -3.36648], "size": [0, 1, 1], "inflate": 0.02, "uv": [30, 7], "mirror": true},
						{"origin": [-2.5, 30.50111, -4.41], "size": [1, 1, 0], "inflate": 0.01, "uv": [30, 11], "mirror": true},
						{"origin": [-2.5, 30.25111, -4.16], "size": [0, 2, 2], "inflate": 0.01, "uv": [62, 16], "mirror": true},
						{"origin": [-2.5, 31.00111, -2.41], "size": [1, 1, 1], "inflate": 0.01, "uv": [14, 63], "mirror": true},
						{"origin": [-2.5, 31.55111, -4.51648], "size": [0, 2, 5], "inflate": 0.04, "pivot": [-2.5, 32.55111, -1.91648], "rotation": [7, 0, 0], "uv": [22, 53], "mirror": true}
					]
				},
				{
					"name": "eye_right_lid",
					"parent": "eye_right",
					"pivot": [-1.96, 30.59111, -2.83648],
					"cubes": [
						{"origin": [-2.46, 29.59111, -4.33648], "size": [1, 2, 3], "inflate": 0.021, "uv": [88, 32], "mirror": true}
					]
				},
				{
					"name": "eye_detail_right",
					"parent": "eye_right",
					"pivot": [-2.5, 32.45488, -1.5198],
					"cubes": [
						{"origin": [-2.5, 24.23675, -1.39442], "size": [0, 8, 5], "inflate": 0.03, "pivot": [-2.5, 32.35488, -0.8698], "rotation": [24.34616, -4.95237, 10.03303], "uv": [0, 51], "mirror": true},
						{"origin": [-2.5, 24.92686, -3.53087], "size": [0, 1, 2], "inflate": 0.02, "pivot": [-2.5, 32.35488, -0.8698], "rotation": [59.34616, -4.95237, 10.03303], "uv": [62, 62], "mirror": true}
					]
				},
				{
					"name": "jaw",
					"parent": "head",
					"pivot": [0, 29.55111, -4.35648],
					"cubes": [
						{"origin": [-1, 28.55111, -6.41648], "size": [2, 1, 3], "inflate": 0.01, "pivot": [0.5, 29.55111, -4.11648], "rotation": [2.5, 0, 0], "uv": [65, 7]}
					]
				},
				{
					"name": "beak",
					"parent": "head",
					"pivot": [0, 29.76025, -4.27659],
					"cubes": [
						{"origin": [-1, 29.31111, -6.71648], "size": [2, 1, 1], "uv": [47, 55]},
						{"origin": [-1, 29.55111, -6.41648], "size": [2, 1, 3], "inflate": 0.01, "pivot": [0.5, 29.55111, -4.11648], "rotation": [2.5, 0, 0], "uv": [54, 7]},
						{"origin": [-0.5, 27.92945, -7.39201], "size": [1, 2, 1], "pivot": [0, 28.92945, -6.89201], "rotation": [2.5, 0, 0], "uv": [10, 63]}
					]
				},
				{
					"name": "torso_detail",
					"parent": "torso",
					"pivot": [0.78611, 19.06813, -4.41648],
					"cubes": [
						{"origin": [1, 18.55111, -4.91648], "size": [3, 1, 1], "pivot": [1, 19.08456, -4.88878], "rotation": [0, 0, 31], "uv": [58, 0]},
						{"origin": [1, 18.55111, -4.91648], "size": [3, 1, 1], "inflate": 0.01, "pivot": [1, 19.08456, -4.88878], "rotation": [0, 0, -32], "uv": [56, 22]},
						{"origin": [3.3, 17.07, -4.91648], "size": [1, 4, 1], "uv": [38, 59]}
					]
				},
				{
					"name": "torso_detail2",
					"parent": "torso_detail",
					"pivot": [4.31785, 19.07, -4.41648],
					"cubes": [
						{"origin": [6.3, 17.57, -4.91648], "size": [2, 1, 1], "pivot": [7.8, 19.07, -4.41648], "rotation": [0, 0, -45], "uv": [62, 2]},
						{"origin": [5.3, 17.57, -4.91648], "size": [1, 4, 1], "pivot": [7.8, 19.07, -4.41648], "rotation": [0, 0, -45], "uv": [28, 60]},
						{"origin": [6.3, 20.57, -4.91648], "size": [2, 1, 1], "pivot": [7.8, 19.07, -4.41648], "rotation": [0, 0, -45], "uv": [62, 4]},
						{"origin": [8.3, 17.57, -4.91648], "size": [1, 4, 1], "pivot": [7.8, 19.07, -4.41648], "rotation": [0, 0, -45], "uv": [60, 57]},
						{"origin": [9.3, 18.07, -4.91648], "size": [1, 1, 1], "pivot": [7.8, 19.07, -4.41648], "rotation": [0, 0, -45], "uv": [62, 20]},
						{"origin": [7.8, 16.57, -4.91648], "size": [1, 1, 1], "pivot": [7.8, 19.07, -4.41648], "rotation": [0, 0, -45], "uv": [62, 55]}
					]
				},
				{
					"name": "torso_detail3",
					"parent": "torso",
					"pivot": [-0.78611, 19.06813, -4.41648],
					"cubes": [
						{"origin": [-4, 18.55111, -4.91648], "size": [3, 1, 1], "pivot": [-1, 19.08456, -4.88878], "rotation": [0, 0, -31], "uv": [58, 0], "mirror": true},
						{"origin": [-4, 18.55111, -4.91648], "size": [3, 1, 1], "inflate": 0.01, "pivot": [-1, 19.08456, -4.88878], "rotation": [0, 0, 32], "uv": [56, 22], "mirror": true},
						{"origin": [-4.3, 17.07, -4.91648], "size": [1, 4, 1], "uv": [38, 59], "mirror": true}
					]
				},
				{
					"name": "torso_detail4",
					"parent": "torso_detail3",
					"pivot": [-4.31785, 19.07, -4.41648],
					"cubes": [
						{"origin": [-8.3, 17.57, -4.91648], "size": [2, 1, 1], "pivot": [-7.8, 19.07, -4.41648], "rotation": [0, 0, 45], "uv": [62, 2], "mirror": true},
						{"origin": [-6.3, 17.57, -4.91648], "size": [1, 4, 1], "pivot": [-7.8, 19.07, -4.41648], "rotation": [0, 0, 45], "uv": [28, 60], "mirror": true},
						{"origin": [-8.3, 20.57, -4.91648], "size": [2, 1, 1], "pivot": [-7.8, 19.07, -4.41648], "rotation": [0, 0, 45], "uv": [62, 4], "mirror": true},
						{"origin": [-9.3, 17.57, -4.91648], "size": [1, 4, 1], "pivot": [-7.8, 19.07, -4.41648], "rotation": [0, 0, 45], "uv": [60, 57], "mirror": true},
						{"origin": [-10.3, 18.07, -4.91648], "size": [1, 1, 1], "pivot": [-7.8, 19.07, -4.41648], "rotation": [0, 0, 45], "uv": [62, 20], "mirror": true},
						{"origin": [-8.8, 16.57, -4.91648], "size": [1, 1, 1], "pivot": [-7.8, 19.07, -4.41648], "rotation": [0, 0, 45], "uv": [62, 55], "mirror": true}
					]
				},
				{
					"name": "wings",
					"parent": "torso",
					"pivot": [-3.08333, 21.55111, -0.49981]
				},
				{
					"name": "wing_left",
					"parent": "wings",
					"pivot": [3.08333, 21.55111, -0.49981],
					"cubes": [
						{"origin": [4, 21.55111, 2.08352], "size": [1, 0, 4], "uv": [54, 12]},
						{"origin": [5.25, 21.55111, 2.08352], "size": [2, 0, 5], "uv": [50, 31]},
						{"origin": [7.5, 21.55111, 2.08352], "size": [2, 0, 5], "uv": [50, 31]},
						{"origin": [9.75, 21.55111, 2.08352], "size": [2, 0, 6], "uv": [50, 25]},
						{"origin": [12, 21.55111, 2.08352], "size": [2, 0, 5], "uv": [50, 31]},
						{"origin": [3, 20.55111, -2.91648], "size": [11, 2, 5], "uv": [0, 14]}
					]
				},
				{
					"name": "wing_left2",
					"parent": "wing_left",
					"pivot": [13.8527, 21.61111, -2.47108],
					"cubes": [
						{"origin": [14, 21.61111, 1.08352], "size": [2, 0, 7], "pivot": [15, 21.61111, 1.58352], "rotation": [0, 5, 0], "uv": [24, 46]},
						{"origin": [14, 21.11111, -2.41648], "size": [12, 1, 4], "uv": [0, 21]},
						{"origin": [16.5, 21.61111, 1.08352], "size": [2, 0, 7], "pivot": [17.5, 21.61111, 1.58352], "rotation": [0, 5, 0], "uv": [24, 46]},
						{"origin": [18.75, 21.61111, 1.08352], "size": [2, 0, 7], "pivot": [19.75, 21.61111, 1.58352], "rotation": [0, 10, 0], "uv": [24, 46]},
						{"origin": [20.5, 21.61111, 1.08352], "size": [2, 0, 9], "pivot": [21.5, 21.61111, 1.58352], "rotation": [0, 22.5, 0], "uv": [0, 36]},
						{"origin": [24.5, 21.61111, 0.83352], "size": [2, 0, 9], "pivot": [25.5, 21.61111, 1.33352], "rotation": [0, 35, 0], "uv": [44, 37]},
						{"origin": [22.35, 21.61111, 1.08352], "size": [2, 0, 9], "pivot": [23.35, 21.61111, 1.58352], "rotation": [0, 30, 0], "uv": [22, 37]}
					]
				},
				{
					"name": "wing_right",
					"parent": "wings",
					"pivot": [-3.08333, 21.55111, -0.49981],
					"cubes": [
						{"origin": [-5, 21.55111, 2.08352], "size": [1, 0, 4], "uv": [54, 12], "mirror": true},
						{"origin": [-7.25, 21.55111, 2.08352], "size": [2, 0, 5], "uv": [50, 31], "mirror": true},
						{"origin": [-9.5, 21.55111, 2.08352], "size": [2, 0, 5], "uv": [50, 31], "mirror": true},
						{"origin": [-11.75, 21.55111, 2.08352], "size": [2, 0, 6], "uv": [50, 25], "mirror": true},
						{"origin": [-14, 21.55111, 2.08352], "size": [2, 0, 5], "uv": [50, 31], "mirror": true},
						{"origin": [-14, 20.55111, -2.91648], "size": [11, 2, 5], "uv": [0, 14], "mirror": true}
					]
				},
				{
					"name": "wing_right2",
					"parent": "wing_right",
					"pivot": [-13.8527, 21.61111, -2.47108],
					"cubes": [
						{"origin": [-16, 21.61111, 1.08352], "size": [2, 0, 7], "pivot": [-15, 21.61111, 1.58352], "rotation": [0, -5, 0], "uv": [24, 46], "mirror": true},
						{"origin": [-26, 21.11111, -2.41648], "size": [12, 1, 4], "uv": [0, 21], "mirror": true},
						{"origin": [-18.5, 21.61111, 1.08352], "size": [2, 0, 7], "pivot": [-17.5, 21.61111, 1.58352], "rotation": [0, -5, 0], "uv": [24, 46], "mirror": true},
						{"origin": [-20.75, 21.61111, 1.08352], "size": [2, 0, 7], "pivot": [-19.75, 21.61111, 1.58352], "rotation": [0, -10, 0], "uv": [24, 46], "mirror": true},
						{"origin": [-22.5, 21.61111, 1.08352], "size": [2, 0, 9], "pivot": [-21.5, 21.61111, 1.58352], "rotation": [0, -22.5, 0], "uv": [0, 36], "mirror": true},
						{"origin": [-26.5, 21.61111, 0.83352], "size": [2, 0, 9], "pivot": [-25.5, 21.61111, 1.33352], "rotation": [0, -35, 0], "uv": [44, 37], "mirror": true},
						{"origin": [-24.35, 21.61111, 1.08352], "size": [2, 0, 9], "pivot": [-23.35, 21.61111, 1.58352], "rotation": [0, -30, 0], "uv": [22, 37], "mirror": true}
					]
				},
				{
					"name": "legs",
					"parent": "body",
					"pivot": [1.5, 12.81704, 2.59855]
				},
				{
					"name": "right_leg",
					"parent": "legs",
					"pivot": [-1.5, 12.81704, 2.59855],
					"cubes": [
						{"origin": [-2.5, 9.81704, 1.09855], "size": [2, 3, 3], "uv": [32, 53], "mirror": true}
					]
				},
				{
					"name": "right_leg2",
					"parent": "right_leg",
					"pivot": [-1.5, 9.81704, 2.59855],
					"cubes": [
						{"origin": [-2, 6.81704, 2.09855], "size": [1, 3, 1], "uv": [54, 61], "mirror": true}
					]
				},
				{
					"name": "right_leg3",
					"parent": "right_leg",
					"pivot": [-1.5, 6.81704, 2.09855],
					"cubes": [
						{"origin": [-2, 2.81704, 2.09855], "size": [1, 4, 1], "uv": [58, 2], "mirror": true}
					]
				},
				{
					"name": "right_finger_back",
					"parent": "right_leg3",
					"pivot": [-1.5, 2.45038, 2.66213],
					"cubes": [
						{"origin": [-1.5, 0.92063, 6.27369], "size": [0, 1, 2], "pivot": [-1.5, 1.41704, 5.46747], "rotation": [-30, 0, 0], "uv": [32, 62], "mirror": true},
						{"origin": [-2, 1.53143, 2.76895], "size": [1, 1, 2], "inflate": 0.01, "pivot": [-1.5, 1.41704, 5.46747], "rotation": [-10, 0, 0], "uv": [32, 59], "mirror": true},
						{"origin": [-2, 0.92063, 4.27369], "size": [1, 1, 2], "pivot": [-1.5, 1.41704, 5.46747], "rotation": [-30, 0, 0], "uv": [10, 60], "mirror": true}
					]
				},
				{
					"name": "right_finger_left",
					"parent": "right_leg3",
					"pivot": [-1.47445, 2.45038, 2.58162],
					"cubes": [
						{"origin": [-3, 1.53143, 1.23105], "size": [1, 1, 2], "inflate": 0.01, "pivot": [-2.5, 1.41704, 0.53253], "rotation": [10, 27.5, 0], "uv": [22, 60], "mirror": true},
						{"origin": [-3, 0.92063, -0.27369], "size": [1, 1, 2], "pivot": [-2.5, 1.41704, 0.53253], "rotation": [30, 27.5, 0], "uv": [16, 60], "mirror": true},
						{"origin": [-2.5, 0.92063, -2.27369], "size": [0, 1, 2], "pivot": [-2.5, 1.41704, 0.53253], "rotation": [30, 27.5, 0], "uv": [62, 52], "mirror": true}
					]
				},
				{
					"name": "left_finger_right2",
					"parent": "right_leg3",
					"pivot": [-1.32555, 2.45038, 2.58162],
					"cubes": [
						{"origin": [-0.8, 1.53143, 1.23105], "size": [1, 1, 2], "inflate": 0.01, "pivot": [-0.3, 1.41704, 0.53253], "rotation": [10, -27.5, 0], "uv": [60, 49], "mirror": true},
						{"origin": [-0.8, 0.92063, -0.27369], "size": [1, 1, 2], "pivot": [-0.3, 1.41704, 0.53253], "rotation": [30, -27.5, 0], "uv": [60, 46], "mirror": true},
						{"origin": [-0.3, 0.92063, -2.27369], "size": [0, 1, 2], "pivot": [-0.3, 1.41704, 0.53253], "rotation": [30, -27.5, 0], "uv": [58, 62], "mirror": true}
					]
				},
				{
					"name": "left_leg",
					"parent": "legs",
					"pivot": [1.5, 12.81704, 2.59855],
					"cubes": [
						{"origin": [0.5, 9.81704, 1.09855], "size": [2, 3, 3], "uv": [32, 53]}
					]
				},
				{
					"name": "left_leg2",
					"parent": "left_leg",
					"pivot": [1.5, 9.81704, 2.59855],
					"cubes": [
						{"origin": [1, 6.81704, 2.09855], "size": [1, 3, 1], "uv": [54, 61]}
					]
				},
				{
					"name": "left_leg3",
					"parent": "left_leg",
					"pivot": [1.5, 6.81704, 2.09855],
					"cubes": [
						{"origin": [1, 2.81704, 2.09855], "size": [1, 4, 1], "uv": [58, 2]}
					]
				},
				{
					"name": "left_finger_back",
					"parent": "left_leg3",
					"pivot": [1.5, 2.45038, 2.66213],
					"cubes": [
						{"origin": [1.5, 0.92063, 6.27369], "size": [0, 1, 2], "pivot": [1.5, 1.41704, 5.46747], "rotation": [-30, 0, 0], "uv": [32, 62]},
						{"origin": [1, 1.53143, 2.76895], "size": [1, 1, 2], "inflate": 0.01, "pivot": [1.5, 1.41704, 5.46747], "rotation": [-10, 0, 0], "uv": [32, 59]},
						{"origin": [1, 0.92063, 4.27369], "size": [1, 1, 2], "pivot": [1.5, 1.41704, 5.46747], "rotation": [-30, 0, 0], "uv": [10, 60]}
					]
				},
				{
					"name": "left_finger_left",
					"parent": "left_leg3",
					"pivot": [1.47445, 2.45038, 2.58162],
					"cubes": [
						{"origin": [2, 1.53143, 1.23105], "size": [1, 1, 2], "inflate": 0.01, "pivot": [2.5, 1.41704, 0.53253], "rotation": [10, -27.5, 0], "uv": [22, 60]},
						{"origin": [2, 0.92063, -0.27369], "size": [1, 1, 2], "pivot": [2.5, 1.41704, 0.53253], "rotation": [30, -27.5, 0], "uv": [16, 60]},
						{"origin": [2.5, 0.92063, -2.27369], "size": [0, 1, 2], "pivot": [2.5, 1.41704, 0.53253], "rotation": [30, -27.5, 0], "uv": [62, 52]}
					]
				},
				{
					"name": "left_finger_right",
					"parent": "left_leg3",
					"pivot": [1.32555, 2.45038, 2.58162],
					"cubes": [
						{"origin": [-0.2, 1.53143, 1.23105], "size": [1, 1, 2], "inflate": 0.01, "pivot": [0.3, 1.41704, 0.53253], "rotation": [10, 27.5, 0], "uv": [60, 49]},
						{"origin": [-0.2, 0.92063, -0.27369], "size": [1, 1, 2], "pivot": [0.3, 1.41704, 0.53253], "rotation": [30, 27.5, 0], "uv": [60, 46]},
						{"origin": [0.3, 0.92063, -2.27369], "size": [0, 1, 2], "pivot": [0.3, 1.41704, 0.53253], "rotation": [30, 27.5, 0], "uv": [58, 62]}
					]
				}
			]
		}
	]
}