{
	"format_version": "1.21.6",
	"credit": "Made with Blockbench",
	"texture_size": [128, 128],
	"textures": {
		"0": "item/creakingfawn"
	},
	"elements": [
		{
			"name": "Trunk",
			"from": [5.09012, 13.95275, 3.08088],
			"to": [11.829, 19.89883, 18.55494],
			"rotation": {"angle": 0, "axis": "y", "origin": [6.97304, 4.04262, 9.02696]},
			"faces": {
				"north": {"uv": [1.375, 1.375, 2, 1.875], "texture": "#0"},
				"east": {"uv": [0, 1.375, 1.375, 1.875], "texture": "#0"},
				"south": {"uv": [3.375, 1.375, 4, 1.875], "texture": "#0"},
				"west": {"uv": [2, 1.375, 3.375, 1.875], "texture": "#0"},
				"up": {"uv": [2, 1.375, 1.375, 0], "texture": "#0"},
				"down": {"uv": [2.625, 0, 2, 1.375], "texture": "#0"}
			}
		},
		{
			"name": "Rump",
			"from": [4.99101, 13.36009, 14.93417],
			"to": [11.9281, 20.27612, 21.50853],
			"rotation": {"angle": 8.5, "axis": "x", "origin": [4.99101, 17.89413, 16.57291]},
			"faces": {
				"north": {"uv": [4.5, 5.125, 5.25, 5.875], "texture": "#0"},
				"east": {"uv": [3.75, 5.125, 4.5, 5.875], "texture": "#0"},
				"south": {"uv": [6, 5.125, 6.75, 5.875], "texture": "#0"},
				"west": {"uv": [5.25, 5.125, 6, 5.875], "texture": "#0"},
				"up": {"uv": [5.25, 5.125, 4.5, 4.375], "texture": "#0"},
				"down": {"uv": [6, 4.375, 5.25, 5.125], "texture": "#0"}
			}
		},
		{
			"name": "Shoulders",
			"from": [4.38215, 11.44392, 1.25432],
			"to": [12.1548, 18.55156, 9.67468],
			"rotation": {"angle": 0, "axis": "y", "origin": [6.97304, 11.42664, 8.37924]},
			"faces": {
				"north": {"uv": [1, 5.375, 1.875, 6.25], "texture": "#0"},
				"east": {"uv": [0, 5.375, 1, 6.25], "texture": "#0"},
				"south": {"uv": [2.875, 5.375, 3.75, 6.25], "texture": "#0"},
				"west": {"uv": [1.875, 5.375, 2.875, 6.25], "texture": "#0"},
				"up": {"uv": [1.875, 5.375, 1, 4.375], "texture": "#0"},
				"down": {"uv": [2.75, 4.375, 1.875, 5.375], "texture": "#0"}
			}
		},
		{
			"name": "Tail",
			"from": [7.16735, 18.81065, 20.03822],
			"to": [9.75823, 23.37926, 21.33366],
			"rotation": {"angle": 0, "axis": "y", "origin": [7.81507, 18.81065, 20.68594]},
			"faces": {
				"north": {"uv": [6.625, 6, 6.875, 6.375], "texture": "#0"},
				"east": {"uv": [7, 6.375, 6.875, 6.75], "texture": "#0"},
				"south": {"uv": [6.5, 6.375, 6.875, 6.875], "texture": "#0"},
				"west": {"uv": [7.125, 6.5, 7, 6.875], "texture": "#0"},
				"up": {"uv": [7.125, 6, 6.875, 6.375], "texture": "#0"},
				"down": {"uv": [7.5, 6.375, 7.375, 6.375], "texture": "#0"}
			}
		},
		{
			"name": "Ribs",
			"from": [3.92875, 13.62889, 2.93839],
			"to": [13.12638, 20.49473, 12.26557],
			"rotation": {"angle": 0, "axis": "y", "origin": [13.06161, 14.01752, 3.19748]},
			"faces": {
				"north": {"uv": [1.125, 3.625, 2.25, 4.375], "texture": "#0"},
				"east": {"uv": [0, 3.625, 1.125, 4.375], "texture": "#0"},
				"south": {"uv": [3.375, 3.625, 4.5, 4.375], "texture": "#0"},
				"west": {"uv": [2.25, 3.625, 3.375, 4.375], "texture": "#0"},
				"up": {"uv": [2.25, 3.625, 1.125, 2.5], "texture": "#0"},
				"down": {"uv": [3.375, 2.5, 2.25, 3.625], "texture": "#0"}
			}
		},
		{
			"name": "Head",
			"from": [5.54805, 21.64334, -5.20561],
			"to": [11.53947, 27.17489, 1.28888],
			"rotation": {"angle": -5, "axis": "x", "origin": [6.97304, 21.64334, -1.98429]},
			"faces": {
				"north": {"uv": [6, 0.75, 6.625, 1.375], "texture": "#0"},
				"east": {"uv": [5.25, 0.75, 6, 1.375], "texture": "#0"},
				"south": {"uv": [7.375, 0.75, 8, 1.375], "texture": "#0"},
				"west": {"uv": [6.625, 0.75, 7.375, 1.375], "texture": "#0"},
				"up": {"uv": [6.625, 0.75, 6, 0], "texture": "#0"},
				"down": {"uv": [7.25, 0, 6.625, 0.75], "texture": "#0"}
			}
		},
		{
			"name": "Mid Neck",
			"from": [6.34259, 16.57384, -3.05085],
			"to": [10.68015, 22.43789, 1.32126],
			"rotation": {"angle": -17.5, "axis": "x", "origin": [7.30554, 19.81245, -2.07927]},
			"faces": {
				"north": {"uv": [6, 1.625, 6.5, 2.25], "texture": "#0"},
				"east": {"uv": [5.5, 1.625, 6, 2.25], "texture": "#0"},
				"south": {"uv": [7, 1.625, 7.5, 2.25], "texture": "#0"},
				"west": {"uv": [6.5, 1.625, 7, 2.25], "texture": "#0"},
				"up": {"uv": [6.5, 1.625, 6, 1.125], "texture": "#0"},
				"down": {"uv": [7, 1.125, 6.5, 1.625], "texture": "#0"}
			}
		},
		{
			"name": "Lower Neck",
			"from": [5.62082, 12.7739, -0.50101],
			"to": [11.29829, 18.38099, 4.94956],
			"rotation": {"angle": -42.5, "axis": "x", "origin": [6.97304, 14.75593, 0.49]},
			"faces": {
				"north": {"uv": [5.25, 3.125, 5.875, 3.75], "texture": "#0"},
				"east": {"uv": [4.625, 3.125, 5.25, 3.75], "texture": "#0"},
				"south": {"uv": [6.5, 3.125, 7.125, 3.75], "texture": "#0"},
				"west": {"uv": [5.875, 3.125, 6.5, 3.75], "texture": "#0"},
				"up": {"uv": [5.875, 3.125, 5.25, 2.5], "texture": "#0"},
				"down": {"uv": [6.5, 2.5, 5.875, 3.125], "texture": "#0"}
			}
		},
		{
			"name": "Muzzle",
			"from": [6.85032, 21.32895, -7.78377],
			"to": [10.17242, 22.60711, -4.49767],
			"rotation": {"angle": -5, "axis": "x", "origin": [6.97304, 21.32895, -5.21016]},
			"faces": {
				"north": {"uv": [4.75, 3.875, 5, 4], "texture": "#0"},
				"east": {"uv": [4.75, 0, 5, 0.125], "texture": "#0"},
				"south": {"uv": [5.5, 4.25, 5.75, 4.25], "texture": "#0"},
				"west": {"uv": [4.75, 4, 5, 4.125], "texture": "#0"},
				"up": {"uv": [5.25, 4.25, 5, 4], "texture": "#0"},
				"down": {"uv": [5.5, 4, 5.25, 4.25], "texture": "#0"}
			}
		},
		{
			"name": "Muzzle 2",
			"from": [7.01225, 22.10494, -7.60546],
			"to": [10.01049, 24.0481, -3.93073],
			"rotation": {"angle": -13.5, "axis": "x", "origin": [6.97304, 22.10494, -4.708]},
			"faces": {
				"north": {"uv": [0.625, 6.75, 0.875, 6.875], "texture": "#0"},
				"east": {"uv": [0.25, 6.75, 0.625, 6.875], "texture": "#0"},
				"south": {"uv": [1.25, 6.75, 1.5, 6.875], "texture": "#0"},
				"west": {"uv": [0.875, 6.75, 1.25, 6.875], "texture": "#0"},
				"up": {"uv": [0.875, 6.75, 0.625, 6.375], "texture": "#0"},
				"down": {"uv": [1.125, 6.375, 0.875, 6.75], "texture": "#0"}
			}
		},
		{
			"name": "Ear 2",
			"from": [10.52753, 26.4314, -1.13447],
			"to": [13.11841, 31, -0.12367],
			"rotation": {"angle": -32.5, "axis": "z", "origin": [11.14069, 28.7909, -0.44753]},
			"faces": {
				"north": {"uv": [1.125, 6.25, 1.5, 7], "texture": "#0"},
				"east": {"uv": [2.375, 7, 2.5, 7.375], "texture": "#0"},
				"south": {"uv": [2, 6.25, 2.375, 7], "texture": "#0"},
				"west": {"uv": [1.625, 6.875, 1.75, 7.25], "texture": "#0"},
				"up": {"uv": [2.375, 7.375, 2, 7], "rotation": 270, "texture": "#0"},
				"down": {"uv": [2.375, 7.25, 2.375, 7.375], "rotation": 90, "texture": "#0"}
			}
		},
		{
			"name": "Ear 3",
			"from": [3.96003, 25.4314, -1.13447],
			"to": [6.55091, 30, -0.12367],
			"rotation": {"angle": 30, "axis": "z", "origin": [4.57319, 28.7884, -0.44753]},
			"faces": {
				"north": {"uv": [1.625, 6.25, 2, 6.875], "texture": "#0"},
				"east": {"uv": [2.25, 7, 2.375, 7.375], "texture": "#0"},
				"south": {"uv": [2.375, 6.25, 2.625, 7.125], "texture": "#0"},
				"west": {"uv": [2.375, 7, 2.5, 7.375], "texture": "#0"},
				"up": {"uv": [1.5, 7, 1.625, 6.5], "rotation": 270, "texture": "#0"},
				"down": {"uv": [2.375, 7.25, 2.375, 7.375], "rotation": 90, "texture": "#0"}
			}
		},
		{
			"from": [6.38957, 26.9087, -2.86797],
			"to": [7.13957, 28.6587, -1.61797],
			"rotation": {"angle": 0, "axis": "y", "origin": [6.13957, 26.9087, -2.61797]},
			"faces": {
				"north": {"uv": [0, 0, 0.125, 0.25], "texture": "#0"},
				"east": {"uv": [0.125, 0, 0.25, 0.25], "texture": "#0"},
				"south": {"uv": [0.125, 0, 0.25, 0.25], "texture": "#0"},
				"west": {"uv": [0.25, 0, 0.375, 0.25], "texture": "#0"},
				"up": {"uv": [0.25, 0.375, 0.125, 0.25], "texture": "#0"},
				"down": {"uv": [0.375, 0.25, 0.25, 0.375], "texture": "#0"}
			}
		},
		{
			"from": [10.13957, 26.9087, -2.86797],
			"to": [10.88957, 28.6587, -1.61797],
			"rotation": {"angle": 0, "axis": "y", "origin": [9.88957, 26.9087, -2.61797]},
			"faces": {
				"north": {"uv": [0, 0, 0.125, 0.25], "texture": "#0"},
				"east": {"uv": [0.125, 0, 0.25, 0.25], "texture": "#0"},
				"south": {"uv": [0.125, 0, 0.25, 0.25], "texture": "#0"},
				"west": {"uv": [0.25, 0, 0.375, 0.25], "texture": "#0"},
				"up": {"uv": [0.25, 0.375, 0.125, 0.25], "texture": "#0"},
				"down": {"uv": [0.375, 0.25, 0.25, 0.375], "texture": "#0"}
			}
		},
		{
			"name": "Upper Bicep",
			"from": [3.5045, 10.47773, 3.5764],
			"to": [6.13424, 16.42381, 7.54044],
			"rotation": {"angle": -17.5, "axis": "x", "origin": [4, 11.46875, 3.5764]},
			"faces": {
				"north": {"uv": [2.375, 6.625, 2.625, 7.25], "texture": "#0"},
				"east": {"uv": [2, 6.625, 2.375, 7.25], "texture": "#0"},
				"south": {"uv": [3, 6.625, 3.25, 7.25], "texture": "#0"},
				"west": {"uv": [2.625, 6.625, 3, 7.25], "texture": "#0"},
				"up": {"uv": [2.625, 6.625, 2.375, 6.25], "texture": "#0"},
				"down": {"uv": [2.875, 6.25, 2.625, 6.625], "texture": "#0"}
			}
		},
		{
			"name": "Lower Bicep",
			"from": [3.60359, 7.25695, 4.171],
			"to": [6.03513, 11.22099, 7.63954],
			"rotation": {"angle": -7.5, "axis": "x", "origin": [4.4955, 9.23897, 4.6665]},
			"faces": {
				"north": {"uv": [7.125, 5.25, 7.375, 5.625], "texture": "#0"},
				"east": {"uv": [6.75, 5.25, 7.125, 5.625], "texture": "#0"},
				"south": {"uv": [7.75, 5.25, 8, 5.625], "texture": "#0"},
				"west": {"uv": [7.375, 5.25, 7.75, 5.625], "texture": "#0"},
				"up": {"uv": [7.375, 5.25, 7.125, 4.875], "texture": "#0"},
				"down": {"uv": [7.625, 4.875, 7.375, 5.25], "texture": "#0"}
			}
		},
		{
			"name": "Foreleg",
			"from": [3.75225, -1.21904, 5.39541],
			"to": [5.23877, 9.98222, 7.04494],
			"rotation": {"angle": 0, "axis": "y", "origin": [4.74326, 6.01817, 6.05393]},
			"faces": {
				"north": {"uv": [1.25, 8.125, 1.5, 9.25], "texture": "#0"},
				"east": {"uv": [1.25, 7, 1.5, 8.125], "texture": "#0"},
				"south": {"uv": [1.5, 7, 1.75, 8.125], "texture": "#0"},
				"west": {"uv": [1.5, 8.125, 1.75, 9.25], "texture": "#0"},
				"up": {"uv": [1.5, 7, 1.375, 6.875], "texture": "#0"},
				"down": {"uv": [1.625, 6.875, 1.5, 7], "texture": "#0"}
			}
		},
		{
			"name": "Upper Bicep",
			"from": [10.62942, 10.47773, 3.5764],
			"to": [13.25917, 16.42381, 7.54044],
			"rotation": {"angle": -17.5, "axis": "x", "origin": [11.12493, 11.46875, 3.5764]},
			"faces": {
				"north": {"uv": [7.125, 4.25, 7.375, 4.875], "texture": "#0"},
				"east": {"uv": [6.75, 4.25, 7.125, 4.875], "texture": "#0"},
				"south": {"uv": [7.75, 4.25, 8, 4.875], "texture": "#0"},
				"west": {"uv": [7.375, 4.25, 7.75, 4.875], "texture": "#0"},
				"up": {"uv": [7.375, 4.25, 7.125, 3.875], "texture": "#0"},
				"down": {"uv": [7.625, 3.875, 7.375, 4.25], "texture": "#0"}
			}
		},
		{
			"name": "Lower Bicep",
			"from": [10.72852, 7.25695, 4.171],
			"to": [13.16006, 11.22099, 7.63954],
			"rotation": {"angle": -7.5, "axis": "x", "origin": [11.62043, 9.23897, 4.6665]},
			"faces": {
				"north": {"uv": [0.375, 7.25, 0.625, 7.625], "texture": "#0"},
				"east": {"uv": [0, 7.25, 0.375, 7.625], "texture": "#0"},
				"south": {"uv": [1, 7.25, 1.25, 7.625], "texture": "#0"},
				"west": {"uv": [0.625, 7.25, 1, 7.625], "texture": "#0"},
				"up": {"uv": [0.625, 7.25, 0.375, 6.875], "texture": "#0"},
				"down": {"uv": [0.875, 6.875, 0.625, 7.25], "texture": "#0"}
			}
		},
		{
			"name": "Foreleg",
			"from": [11.5249, -1.21904, 5.39541],
			"to": [13.01141, 9.98222, 7.04494],
			"rotation": {"angle": 0, "axis": "y", "origin": [11.86819, 6.01817, 6.05393]},
			"faces": {
				"north": {"uv": [4.5, 8.375, 4.75, 9.5], "texture": "#0"},
				"east": {"uv": [4.75, 8.375, 5, 9.5], "texture": "#0"},
				"south": {"uv": [4.75, 7.25, 5, 8.375], "texture": "#0"},
				"west": {"uv": [4.5, 7.25, 4.75, 8.375], "texture": "#0"},
				"up": {"uv": [4.75, 7.25, 4.625, 7.125], "texture": "#0"},
				"down": {"uv": [4.875, 7.125, 4.75, 7.25], "texture": "#0"}
			}
		},
		{
			"name": "Upper thigh",
			"from": [3.5045, 12.26867, 14.60167],
			"to": [7.42968, 18.86248, 19.54595],
			"rotation": {"angle": 20, "axis": "x", "origin": [4, 13.25969, 15.58189]},
			"faces": {
				"north": {"uv": [4.25, 6.375, 4.625, 7.125], "texture": "#0"},
				"east": {"uv": [3.75, 6.375, 4.25, 7.125], "texture": "#0"},
				"south": {"uv": [5.125, 6.375, 5.5, 7.125], "texture": "#0"},
				"west": {"uv": [4.625, 6.375, 5.125, 7.125], "texture": "#0"},
				"up": {"uv": [4.625, 6.375, 4.25, 5.875], "texture": "#0"},
				"down": {"uv": [5, 5.875, 4.625, 6.375], "texture": "#0"}
			}
		},
		{
			"name": "Knee joint",
			"from": [3.75225, 7.80913, 16.32516],
			"to": [6.53421, 12.76419, 19.2982],
			"rotation": {"angle": -20, "axis": "x", "origin": [4.24776, 8.80013, 17.31617]},
			"faces": {
				"north": {"uv": [5.25, 7.375, 5.5, 7.875], "texture": "#0"},
				"east": {"uv": [5, 7.375, 5.25, 7.875], "texture": "#0"},
				"south": {"uv": [5.75, 7.375, 6, 7.875], "texture": "#0"},
				"west": {"uv": [5.5, 7.375, 5.75, 7.875], "texture": "#0"},
				"up": {"uv": [5.5, 7.375, 5.25, 7.125], "texture": "#0"},
				"down": {"uv": [5.75, 7.125, 5.5, 7.375], "texture": "#0"}
			}
		},
		{
			"name": "Foot",
			"from": [4.1695, -1.21904, 17.64867],
			"to": [6.15152, 8.30463, 19.05044],
			"rotation": {"angle": 0, "axis": "y", "origin": [5.1605, 6.3226, 18.30718]},
			"faces": {
				"north": {"uv": [7.25, 7.25, 7.5, 8.25], "texture": "#0"},
				"east": {"uv": [7, 7.25, 7.25, 8.25], "texture": "#0"},
				"south": {"uv": [7.25, 8.25, 7.5, 9.25], "texture": "#0"},
				"west": {"uv": [7, 8.25, 7.25, 9.25], "texture": "#0"},
				"up": {"uv": [7.25, 7.25, 7.125, 7.125], "texture": "#0"},
				"down": {"uv": [7.375, 7.125, 7.25, 7.25], "texture": "#0"}
			}
		},
		{
			"from": [5.33215, -1.59472, 17.42359],
			"to": [6.30373, -0.29928, 19.29334],
			"rotation": {"angle": 0, "axis": "y", "origin": [5.65601, -1.59472, 16.57291]},
			"faces": {
				"north": {"uv": [7.375, 3.5, 7.5, 3.625], "texture": "#0"},
				"east": {"uv": [7.25, 3.625, 7.5, 3.75], "texture": "#0"},
				"south": {"uv": [7.625, 3.5, 7.5, 3.625], "texture": "#0"},
				"west": {"uv": [7.5, 3.625, 7.75, 3.75], "texture": "#0"},
				"up": {"uv": [7.5, 3.5, 7.625, 3.25], "texture": "#0"},
				"down": {"uv": [7.625, 3.5, 7.75, 3.75], "texture": "#0"}
			}
		},
		{
			"from": [10.47935, -1.59472, 17.42359],
			"to": [11.45094, -0.29928, 19.29334],
			"rotation": {"angle": 0, "axis": "y", "origin": [10.80321, -1.59472, 16.57291]},
			"faces": {
				"north": {"uv": [7.75, 2.125, 7.875, 2.25], "texture": "#0"},
				"east": {"uv": [7.5, 2, 7.75, 2.125], "texture": "#0"},
				"south": {"uv": [8, 2, 8.125, 2.125], "texture": "#0"},
				"west": {"uv": [7.75, 2, 8, 2.125], "texture": "#0"},
				"up": {"uv": [7.75, 2, 7.625, 1.75], "texture": "#0"},
				"down": {"uv": [7.75, 1.75, 8, 2], "texture": "#0"}
			}
		},
		{
			"from": [11.7748, -1.59472, 17.42359],
			"to": [12.74638, -0.29928, 19.29334],
			"rotation": {"angle": 0, "axis": "y", "origin": [12.09866, -1.59472, 16.57291]},
			"faces": {
				"north": {"uv": [7.75, 7.25, 7.875, 7.375], "texture": "#0"},
				"east": {"uv": [7.5, 7.125, 7.75, 7.25], "texture": "#0"},
				"south": {"uv": [8, 7.125, 8.125, 7.25], "texture": "#0"},
				"west": {"uv": [7.75, 7.125, 8, 7.25], "texture": "#0"},
				"up": {"uv": [7.75, 7.125, 7.625, 6.875], "texture": "#0"},
				"down": {"uv": [7.75, 6.875, 8, 7.125], "texture": "#0"}
			}
		},
		{
			"from": [4.03671, -1.59472, 17.42359],
			"to": [5.00829, -0.29928, 19.29334],
			"rotation": {"angle": 0, "axis": "y", "origin": [4.36057, -1.59472, 16.57291]},
			"faces": {
				"north": {"uv": [7.75, 7.625, 7.875, 7.75], "texture": "#0"},
				"east": {"uv": [7.5, 7.5, 7.75, 7.625], "texture": "#0"},
				"south": {"uv": [8, 7.5, 8.125, 7.625], "texture": "#0"},
				"west": {"uv": [7.75, 7.5, 8, 7.625], "texture": "#0"},
				"up": {"uv": [7.75, 7.5, 7.625, 7.25], "texture": "#0"},
				"down": {"uv": [7.75, 7.25, 7.875, 7.5], "texture": "#0"}
			}
		},
		{
			"from": [4.73192, -1.59472, 5.24644],
			"to": [5.44441, -0.29928, 7.11619],
			"rotation": {"angle": 0, "axis": "y", "origin": [4.99101, -1.59472, 4.39576]},
			"faces": {
				"north": {"uv": [0.25, 7.75, 0.125, 7.875], "texture": "#0"},
				"east": {"uv": [0, 7.875, 0.25, 8], "texture": "#0"},
				"south": {"uv": [0.5, 7.75, 0.625, 7.875], "texture": "#0"},
				"west": {"uv": [0.25, 7.875, 0.5, 8], "texture": "#0"},
				"up": {"uv": [0.5, 7.875, 0.375, 7.625], "texture": "#0"},
				"down": {"uv": [0.25, 7.625, 0.375, 7.875], "texture": "#0"}
			}
		},
		{
			"from": [3.56602, -1.59472, 5.24644],
			"to": [4.40806, -0.29928, 7.11619],
			"rotation": {"angle": 0, "axis": "y", "origin": [3.88988, -1.59472, 4.39576]},
			"faces": {
				"north": {"uv": [7.25, 7, 7.375, 7.125], "texture": "#0"},
				"east": {"uv": [6.5, 4.25, 6.75, 4.375], "texture": "#0"},
				"south": {"uv": [7.375, 7, 7.5, 7.125], "texture": "#0"},
				"west": {"uv": [7, 2.125, 7.25, 2.25], "texture": "#0"},
				"up": {"uv": [7.125, 2.5, 7, 2.25], "texture": "#0"},
				"down": {"uv": [7.25, 2.25, 7.125, 2.5], "texture": "#0"}
			}
		},
		{
			"from": [12.50457, -1.59472, 5.24644],
			"to": [13.21706, -0.29928, 7.11619],
			"rotation": {"angle": 0, "axis": "y", "origin": [12.76366, -1.59472, 4.39576]},
			"faces": {
				"north": {"uv": [0.875, 8.125, 0.75, 8.25], "texture": "#0"},
				"east": {"uv": [0.5, 7.875, 0.75, 8], "texture": "#0"},
				"south": {"uv": [1, 8.125, 0.875, 8.25], "texture": "#0"},
				"west": {"uv": [0.75, 7.875, 1, 8], "texture": "#0"},
				"up": {"uv": [0.75, 7.875, 0.625, 7.625], "texture": "#0"},
				"down": {"uv": [0.75, 7.625, 1, 7.875], "texture": "#0"}
			}
		},
		{
			"from": [11.33867, -1.59472, 5.24644],
			"to": [12.18071, -0.29928, 7.11619],
			"rotation": {"angle": 0, "axis": "y", "origin": [11.66253, -1.59472, 4.39576]},
			"faces": {
				"north": {"uv": [7.75, 8, 7.875, 8.125], "texture": "#0"},
				"east": {"uv": [7.5, 7.875, 7.75, 8], "texture": "#0"},
				"south": {"uv": [8, 7.875, 8.125, 8], "texture": "#0"},
				"west": {"uv": [7.75, 7.875, 8, 8], "texture": "#0"},
				"up": {"uv": [7.75, 7.875, 7.625, 7.625], "texture": "#0"},
				"down": {"uv": [7.75, 7.625, 8, 7.875], "texture": "#0"}
			}
		},
		{
			"name": "Upper thigh",
			"from": [9.33398, 12.26867, 14.60167],
			"to": [13.25917, 18.86248, 19.54595],
			"rotation": {"angle": 20, "axis": "x", "origin": [9.82949, 13.25969, 15.58189]},
			"faces": {
				"north": {"uv": [6, 6.375, 6.375, 7.125], "texture": "#0"},
				"east": {"uv": [5.5, 6.375, 6, 7.125], "texture": "#0"},
				"south": {"uv": [6.875, 6.375, 7.25, 7.125], "texture": "#0"},
				"west": {"uv": [6.375, 6.375, 6.875, 7.125], "texture": "#0"},
				"up": {"uv": [6.375, 6.375, 6, 5.875], "texture": "#0"},
				"down": {"uv": [6.75, 5.875, 6.375, 6.375], "texture": "#0"}
			}
		},
		{
			"name": "Knee joint",
			"from": [10.22946, 7.80913, 16.32516],
			"to": [13.01141, 12.76419, 19.2982],
			"rotation": {"angle": -20, "axis": "x", "origin": [10.72496, 8.80013, 17.31617]},
			"faces": {
				"north": {"uv": [6.25, 7.375, 6.5, 7.875], "texture": "#0"},
				"east": {"uv": [6, 7.375, 6.25, 7.875], "texture": "#0"},
				"south": {"uv": [6.75, 7.375, 7, 7.875], "texture": "#0"},
				"west": {"uv": [6.5, 7.375, 6.75, 7.875], "texture": "#0"},
				"up": {"uv": [6.5, 7.375, 6.25, 7.125], "texture": "#0"},
				"down": {"uv": [6.75, 7.125, 6.5, 7.375], "texture": "#0"}
			}
		},
		{
			"name": "Foot",
			"from": [10.61214, -1.21904, 17.64867],
			"to": [12.59417, 8.30463, 19.05044],
			"rotation": {"angle": 0, "axis": "y", "origin": [10.95543, 6.3226, 18.30718]},
			"faces": {
				"north": {"uv": [2, 7.375, 2.25, 8.375], "texture": "#0"},
				"east": {"uv": [1.75, 7.375, 2, 8.375], "texture": "#0"},
				"south": {"uv": [2.25, 8.5, 2.5, 9.5], "texture": "#0"},
				"west": {"uv": [2, 8.5, 2.25, 9.5], "texture": "#0"},
				"up": {"uv": [2, 7.375, 1.875, 7.25], "texture": "#0"},
				"down": {"uv": [2.125, 7.25, 2, 7.375], "texture": "#0"}
			}
		}
	],
	"display": {
		"thirdperson_righthand": {
			"rotation": [66, 0, 0],
			"translation": [-7, 1.75, 26],
			"scale": [4, 4, 4]
		},
		"thirdperson_lefthand": {
			"rotation": [66, 0, 0],
			"translation": [-7, 1.75, 26],
			"scale": [4, 4, 4]
		},
		"firstperson_righthand": {
			"translation": [2, 0, 0],
			"scale": [0.45, 0.44, 0.43]
		},
		"firstperson_lefthand": {
			"translation": [2, 0, 0],
			"scale": [0.45, 0.44, 0.43]
		},
		"ground": {
			"translation": [0, 5.75, 0]
		},
		"gui": {
			"rotation": [-154.89, 28.26, -177.5],
			"translation": [0, -2.5, 0],
			"scale": [0.51, 0.51, 0.51]
		},
		"head": {
			"translation": [-0.25, 16, -4.25]
		},
		"fixed": {
			"rotation": [-90, 0, 0],
			"translation": [0, -7.25, -19.25],
			"scale": [1.98, 2.01, 1.89]
		},
		"on_shelf": {
			"rotation": [0, -180, 0]
		}
	},
	"groups": [
		{
			"name": "Body",
			"origin": [4, -0.3, 12],
			"color": 0,
			"children": [
				{
					"name": "Torso",
					"origin": [8.63957, -2.1237, 7.36043],
					"color": 0,
					"children": [0, 1, 2, 3, 4]
				},
				{
					"name": "Head",
					"origin": [8.63957, 0.9087, 9.38203],
					"color": 0,
					"children": [5, 6, 7, 8, 9, 10, 11, 12, 13]
				},
				{
					"name": "FrontLeg1",
					"origin": [5.54652, 21.07416, 15.09305],
					"color": 0,
					"children": [14, 15, 16]
				},
				{
					"name": "FrontLeg2",
					"origin": [16.66532, 21.07416, 15.09305],
					"color": 0,
					"children": [17, 18, 19]
				},
				{
					"name": "BackLeg1",
					"origin": [5.54652, 23.09576, 19.13625],
					"color": 0,
					"children": [20, 21, 22, 23, 24, 25, 26, 27, 28, 29, 30]
				},
				{
					"name": "BackLeg2",
					"origin": [14.64372, 23.09576, 19.13625],
					"color": 0,
					"children": [31, 32, 33]
				}
			]
		}
	]
}