{
	"credit": "Made with Blockbench",
	"texture_size": [32, 32],
	"textures": {
		"0": "item/goblin_texture",
		"particle": "item/block/blank"
	},
	"elements": [
		{
			"from": [4, 0, 4],
			"to": [6, 2, 8],
			"rotation": {"angle": 22.5, "axis": "y", "origin": [5, 1, 5.5]},
			"faces": {
				"north": {"uv": [9.5, 9, 10.5, 10], "texture": "#0"},
				"east": {"uv": [8, 7, 10, 8], "texture": "#0"},
				"south": {"uv": [10, 0, 11, 1], "texture": "#0"},
				"west": {"uv": [8, 8, 10, 9], "texture": "#0"},
				"up": {"uv": [6, 9.5, 5, 7.5], "texture": "#0"},
				"down": {"uv": [1, 8.5, 0, 10.5], "texture": "#0"}
			}
		},
		{
			"from": [6, 0.025, 6],
			"to": [10, 6, 10],
			"faces": {
				"north": {"uv": [0, 11.5, 3.5, 16], "texture": "#0"},
				"east": {"uv": [3.5, 11.5, 6.5, 16], "texture": "#0"},
				"south": {"uv": [0, 11.5, 3.5, 16], "texture": "#0"},
				"west": {"uv": [3.5, 11.5, 6.5, 16], "texture": "#0"},
				"up": {"uv": [8.5, 13.5, 6.5, 11.5], "texture": "#0"},
				"down": {"uv": [8.5, 14, 6.5, 16], "texture": "#0"}
			}
		},
		{
			"from": [5, 6, 5],
			"to": [11, 11, 11],
			"faces": {
				"north": {"uv": [8.5, 11.5, 13.5, 16], "texture": "#0"},
				"east": {"uv": [5, 3, 0, 7.5], "texture": "#0"},
				"south": {"uv": [8.5, 11.5, 13.5, 16], "texture": "#0"},
				"west": {"uv": [0, 3, 5, 7.5], "texture": "#0"},
				"up": {"uv": [16, 4.5, 11.5, 0], "texture": "#0"},
				"down": {"uv": [16, 4.75, 13, 7.75], "texture": "#0"}
			}
		},
		{
			"from": [7, 6, 3],
			"to": [9, 8, 6],
			"rotation": {"angle": -22.5, "axis": "x", "origin": [8, 7, 4]},
			"faces": {
				"north": {"uv": [10, 1, 11, 2], "texture": "#0"},
				"east": {"uv": [8, 9, 9.5, 10], "texture": "#0"},
				"south": {"uv": [10, 2, 11, 3], "texture": "#0"},
				"west": {"uv": [9.5, 4, 11, 5], "texture": "#0"},
				"up": {"uv": [6, 11, 5, 9.5], "texture": "#0"},
				"down": {"uv": [10.5, 5, 9.5, 6.5], "texture": "#0"}
			}
		},
		{
			"from": [2, 7, 8],
			"to": [5, 10, 9],
			"rotation": {"angle": 0, "axis": "y", "origin": [3, 8, 7]},
			"faces": {
				"north": {"uv": [8, 4, 9.5, 5.5], "texture": "#0"},
				"east": {"uv": [9, 10, 9.5, 11.5], "texture": "#0"},
				"south": {"uv": [8, 5.5, 9.5, 7], "texture": "#0"},
				"west": {"uv": [9.5, 10, 10, 11.5], "texture": "#0"},
				"up": {"uv": [11.5, 9, 10, 8.5], "texture": "#0"},
				"down": {"uv": [11.5, 10, 10, 10.5], "texture": "#0"}
			}
		},
		{
			"from": [0, 8, 8],
			"to": [2, 10, 9],
			"rotation": {"angle": 0, "axis": "y", "origin": [0, 8, 7]},
			"faces": {
				"north": {"uv": [10, 3, 11, 4], "texture": "#0"},
				"east": {"uv": [0, 10.5, 0.5, 11.5], "texture": "#0"},
				"south": {"uv": [10, 6.5, 11, 7.5], "texture": "#0"},
				"west": {"uv": [0.5, 10.5, 1, 11.5], "texture": "#0"},
				"up": {"uv": [2, 11, 1, 10.5], "texture": "#0"},
				"down": {"uv": [3, 10.5, 2, 11], "texture": "#0"}
			}
		},
		{
			"from": [-1, 9, 8],
			"to": [0, 10, 9],
			"rotation": {"angle": 0, "axis": "y", "origin": [-1, 8, 7]},
			"faces": {
				"north": {"uv": [3.5, 10.5, 4, 11], "texture": "#0"},
				"east": {"uv": [4, 10.5, 4.5, 11], "texture": "#0"},
				"south": {"uv": [4.5, 10.5, 5, 11], "texture": "#0"},
				"west": {"uv": [10.5, 5, 11, 5.5], "texture": "#0"},
				"up": {"uv": [11, 6, 10.5, 5.5], "texture": "#0"},
				"down": {"uv": [11, 6, 10.5, 6.5], "texture": "#0"}
			}
		},
		{
			"from": [11, 7, 8],
			"to": [14, 10, 9],
			"rotation": {"angle": 0, "axis": "y", "origin": [13, 8, 7]},
			"faces": {
				"north": {"uv": [9.5, 4, 8, 5.5], "texture": "#0"},
				"east": {"uv": [10, 10, 9.5, 11.5], "texture": "#0"},
				"south": {"uv": [9.5, 5.5, 8, 7], "texture": "#0"},
				"west": {"uv": [9.5, 10, 9, 11.5], "texture": "#0"},
				"up": {"uv": [10, 9, 11.5, 8.5], "texture": "#0"},
				"down": {"uv": [10, 10, 11.5, 10.5], "texture": "#0"}
			}
		},
		{
			"from": [14, 8, 8],
			"to": [16, 10, 9],
			"rotation": {"angle": 0, "axis": "y", "origin": [16, 8, 7]},
			"faces": {
				"north": {"uv": [11, 3, 10, 4], "texture": "#0"},
				"east": {"uv": [1, 10.5, 0.5, 11.5], "texture": "#0"},
				"south": {"uv": [11, 6.5, 10, 7.5], "texture": "#0"},
				"west": {"uv": [0.5, 10.5, 0, 11.5], "texture": "#0"},
				"up": {"uv": [1, 11, 2, 10.5], "texture": "#0"},
				"down": {"uv": [2, 10.5, 3, 11], "texture": "#0"}
			}
		},
		{
			"from": [16, 9, 8],
			"to": [17, 10, 9],
			"rotation": {"angle": 0, "axis": "y", "origin": [17, 8, 7]},
			"faces": {
				"north": {"uv": [4, 10.5, 3.5, 11], "texture": "#0"},
				"east": {"uv": [11, 5, 10.5, 5.5], "texture": "#0"},
				"south": {"uv": [5, 10.5, 4.5, 11], "texture": "#0"},
				"west": {"uv": [4.5, 10.5, 4, 11], "texture": "#0"},
				"up": {"uv": [10.5, 6, 11, 5.5], "texture": "#0"},
				"down": {"uv": [10.5, 6, 11, 6.5], "texture": "#0"}
			}
		},
		{
			"from": [4, 2, 7.5],
			"to": [6, 6, 9.5],
			"rotation": {"angle": -22.5, "axis": "z", "origin": [5, 4, 8.5]},
			"faces": {
				"north": {"uv": [1, 8.5, 2, 10.5], "texture": "#0"},
				"east": {"uv": [2, 8.5, 3, 10.5], "texture": "#0"},
				"south": {"uv": [6, 9, 7, 11], "texture": "#0"},
				"west": {"uv": [7, 9, 8, 11], "texture": "#0"},
				"up": {"uv": [11, 8.5, 10, 7.5], "texture": "#0"},
				"down": {"uv": [9, 10, 8, 11], "texture": "#0"}
			}
		},
		{
			"from": [10, 2, 7.5],
			"to": [12, 6, 9.5],
			"rotation": {"angle": 22.5, "axis": "z", "origin": [11, 4, 8.5]},
			"faces": {
				"north": {"uv": [2, 8.5, 1, 10.5], "texture": "#0"},
				"east": {"uv": [8, 9, 7, 11], "texture": "#0"},
				"south": {"uv": [7, 9, 6, 11], "texture": "#0"},
				"west": {"uv": [3, 8.5, 2, 10.5], "texture": "#0"},
				"up": {"uv": [10, 8.5, 11, 7.5], "texture": "#0"},
				"down": {"uv": [8, 10, 9, 11], "texture": "#0"}
			}
		},
		{
			"from": [10, 0, 4],
			"to": [12, 2, 8],
			"rotation": {"angle": -22.5, "axis": "y", "origin": [11, 1, 5.5]},
			"faces": {
				"north": {"uv": [10.5, 9, 9.5, 10], "texture": "#0"},
				"east": {"uv": [10, 8, 8, 9], "texture": "#0"},
				"south": {"uv": [11, 0, 10, 1], "texture": "#0"},
				"west": {"uv": [10, 7, 8, 8], "texture": "#0"},
				"up": {"uv": [5, 9.5, 6, 7.5], "texture": "#0"},
				"down": {"uv": [0, 8.5, 1, 10.5], "texture": "#0"}
			}
		},
		{
			"from": [6, 9, 4.75],
			"to": [7, 10, 5],
			"rotation": {"angle": -22.5, "axis": "z", "origin": [6.5, 9.5, 5]},
			"faces": {
				"north": {"uv": [14.5, 14.5, 15.75, 15.75], "texture": "#0"},
				"east": {"uv": [1, 11, 1.25, 11.5], "texture": "#0"},
				"south": {"uv": [10.5, 9.5, 11, 10], "texture": "#0"},
				"west": {"uv": [11, 1, 11.25, 1.5], "texture": "#0"},
				"up": {"uv": [2, 11.25, 1.5, 11], "texture": "#0"},
				"down": {"uv": [11.5, 1.5, 11, 1.75], "texture": "#0"}
			}
		},
		{
			"from": [8.9, 8.9, 4.75],
			"to": [10.1, 10.1, 5],
			"rotation": {"angle": 22.5, "axis": "z", "origin": [9.5, 9.5, 5]},
			"faces": {
				"north": {"uv": [14.5, 14.5, 15.75, 15.75], "texture": "#0"},
				"east": {"uv": [10, 10.5, 10.25, 11], "texture": "#0"},
				"south": {"uv": [3, 10.5, 3.5, 11], "texture": "#0"},
				"west": {"uv": [10.5, 10.5, 10.75, 11], "texture": "#0"},
				"up": {"uv": [11.5, 0.25, 11, 0], "texture": "#0"},
				"down": {"uv": [11.5, 0.5, 11, 0.75], "texture": "#0"}
			}
		},
		{
			"from": [5.75, 0, 5.75],
			"to": [10.25, 2.75, 10.25],
			"rotation": {"angle": 0, "axis": "y", "origin": [7, 0, 6]},
			"faces": {
				"north": {"uv": [5, 0, 7.25, 1.5], "texture": "#0"},
				"east": {"uv": [5, 1.5, 7.25, 3], "texture": "#0"},
				"south": {"uv": [5, 3, 7.25, 4.5], "texture": "#0"},
				"west": {"uv": [5, 4.5, 7.25, 6], "texture": "#0"},
				"up": {"uv": [2.25, 2.25, 0, 0], "texture": "#0"},
				"down": {"uv": [4.75, 0, 2.5, 2.25], "texture": "#0"}
			}
		}
	],
	"display": {
		"thirdperson_righthand": {
			"rotation": [16, -84, 0],
			"translation": [0.25, -0.5, -4]
		},
		"thirdperson_lefthand": {
			"rotation": [0, -94, 0],
			"translation": [1, -3.25, -3.75]
		},
		"firstperson_righthand": {
			"rotation": [0, 180, 0],
			"translation": [-9, 2.25, -3]
		},
		"firstperson_lefthand": {
			"rotation": [0, 129, 0],
			"translation": [4.5, 2.25, -3]
		},
		"ground": {
			"translation": [0, 3.75, 0],
			"scale": [0.75, 0.75, 0.75]
		},
		"gui": {
			"rotation": [19, 156, 0],
			"translation": [0.25, 2.25, 0],
			"scale": [0.95, 0.95, 0.95]
		},
		"head": {
			"translation": [0, 14, 0]
		},
		"fixed": {
			"rotation": [-90, 0, 0],
			"translation": [0, 2.5, -8]
		}
	},
	"groups": [
		0,
		1,
		2,
		3,
		{
			"name": "group",
			"origin": [-1, 8, 7],
			"color": 0,
			"children": [4, 5, 6]
		},
		{
			"name": "group",
			"origin": [-1, 8, 7],
			"color": 0,
			"children": [7, 8, 9]
		},
		10,
		11,
		12,
		13,
		14,
		15
	]
}