{
	"format_version": "1.21.11",
	"credit": "Made with Blockbench",
	"texture_size": [32, 32],
	"textures": {
		"0": "item/opossum",
		"particle": "item/opossum"
	},
	"elements": [
		{
			"from": [5.5, 0, 5],
			"to": [7.5, 2, 7],
			"rotation": {"angle": 0, "axis": "y", "origin": [5.5, 0, 5]},
			"faces": {
				"north": {"uv": [9, 7.5, 10, 8.5], "texture": "#0"},
				"east": {"uv": [9.5, 0, 10.5, 1], "texture": "#0"},
				"south": {"uv": [1, 9.5, 2, 10.5], "texture": "#0"},
				"west": {"uv": [9.5, 1, 10.5, 2], "texture": "#0"},
				"up": {"uv": [8, 10.5, 7, 9.5], "texture": "#0"},
				"down": {"uv": [9, 9.5, 8, 10.5], "texture": "#0"}
			}
		},
		{
			"from": [8.5, 0, 5],
			"to": [10.5, 2, 7],
			"rotation": {"angle": 0, "axis": "y", "origin": [8.5, 0, 5]},
			"faces": {
				"north": {"uv": [9, 9.5, 10, 10.5], "texture": "#0"},
				"east": {"uv": [2, 10, 3, 11], "texture": "#0"},
				"south": {"uv": [10, 2, 11, 3], "texture": "#0"},
				"west": {"uv": [3, 10, 4, 11], "texture": "#0"},
				"up": {"uv": [11, 4, 10, 3], "texture": "#0"},
				"down": {"uv": [5, 10, 4, 11], "texture": "#0"}
			}
		},
		{
			"from": [5.5, 0, 10],
			"to": [7.5, 2, 12],
			"rotation": {"angle": 0, "axis": "y", "origin": [5.5, 0, 10]},
			"faces": {
				"north": {"uv": [10.5, 1, 11.5, 2], "texture": "#0"},
				"east": {"uv": [10.5, 5, 11.5, 6], "texture": "#0"},
				"south": {"uv": [6, 10.5, 7, 11.5], "texture": "#0"},
				"west": {"uv": [10.5, 6, 11.5, 7], "texture": "#0"},
				"up": {"uv": [8, 11.5, 7, 10.5], "texture": "#0"},
				"down": {"uv": [9, 10.5, 8, 11.5], "texture": "#0"}
			}
		},
		{
			"from": [5.5, 2, 4],
			"to": [10.5, 7, 13],
			"rotation": {"angle": 0, "axis": "y", "origin": [5.5, 2, 10]},
			"faces": {
				"north": {"uv": [0, 5, 2.5, 7.5], "texture": "#0"},
				"east": {"uv": [0, 0, 4.5, 2.5], "texture": "#0"},
				"south": {"uv": [7, 0, 9.5, 2.5], "texture": "#0"},
				"west": {"uv": [4.5, 0, 0, 2.5], "texture": "#0"},
				"up": {"uv": [7, 4.5, 4.5, 0], "texture": "#0"},
				"down": {"uv": [7, 4.5, 4.5, 9], "texture": "#0"}
			}
		},
		{
			"from": [6, 2, 0],
			"to": [10, 6, 4],
			"rotation": {"angle": 0, "axis": "y", "origin": [5.5, 2, 1]},
			"faces": {
				"north": {"uv": [2.5, 5, 4.5, 7], "texture": "#0"},
				"east": {"uv": [2.5, 7, 4.5, 9], "texture": "#0"},
				"south": {"uv": [7, 2.5, 9, 4.5], "texture": "#0"},
				"west": {"uv": [7, 4.5, 9, 6.5], "texture": "#0"},
				"up": {"uv": [9, 8.5, 7, 6.5], "texture": "#0"},
				"down": {"uv": [2, 7.5, 0, 9.5], "texture": "#0"}
			}
		},
		{
			"from": [9, 5, 2],
			"to": [11, 7, 3],
			"rotation": {"angle": 0, "axis": "y", "origin": [5.5, 2, 1]},
			"faces": {
				"north": {"uv": [11, 2, 12, 3], "texture": "#0"},
				"east": {"uv": [2, 7.5, 2.5, 8.5], "texture": "#0"},
				"south": {"uv": [3, 11, 4, 12], "texture": "#0"},
				"west": {"uv": [11, 4, 11.5, 5], "texture": "#0"},
				"up": {"uv": [11.5, 7.5, 10.5, 7], "texture": "#0"},
				"down": {"uv": [12, 7.5, 11, 8], "texture": "#0"}
			}
		},
		{
			"from": [5, 5, 2],
			"to": [7, 7, 3],
			"rotation": {"angle": 0, "axis": "y", "origin": [1.5, 2, 1]},
			"faces": {
				"north": {"uv": [11, 3, 12, 4], "texture": "#0"},
				"east": {"uv": [11, 8, 11.5, 9], "texture": "#0"},
				"south": {"uv": [4, 11, 5, 12], "texture": "#0"},
				"west": {"uv": [11, 9, 11.5, 10], "texture": "#0"},
				"up": {"uv": [12, 10.5, 11, 10], "texture": "#0"},
				"down": {"uv": [12, 10.5, 11, 11], "texture": "#0"}
			}
		},
		{
			"from": [7, 2, -3],
			"to": [9, 4, 0],
			"rotation": {"angle": 0, "axis": "y", "origin": [5.5, 2, -3]},
			"faces": {
				"north": {"uv": [0, 11, 1, 12], "texture": "#0"},
				"east": {"uv": [9, 5.5, 10.5, 6.5], "texture": "#0"},
				"south": {"uv": [2, 11, 3, 12], "texture": "#0"},
				"west": {"uv": [9, 6.5, 10.5, 7.5], "texture": "#0"},
				"up": {"uv": [7, 10.5, 6, 9], "texture": "#0"},
				"down": {"uv": [1, 9.5, 0, 11], "texture": "#0"}
			}
		},
		{
			"from": [7, 3, 13],
			"to": [9, 5, 19],
			"rotation": {"angle": 0, "axis": "y", "origin": [5.5, 2, 19]},
			"faces": {
				"north": {"uv": [9, 10.5, 10, 11.5], "texture": "#0"},
				"east": {"uv": [7, 8.5, 10, 9.5], "texture": "#0"},
				"south": {"uv": [10, 10.5, 11, 11.5], "texture": "#0"},
				"west": {"uv": [2, 9, 5, 10], "texture": "#0"},
				"up": {"uv": [10, 5.5, 9, 2.5], "texture": "#0"},
				"down": {"uv": [6, 9, 5, 12], "texture": "#0"}
			}
		},
		{
			"from": [8.5, 0, 10],
			"to": [10.5, 2, 12],
			"rotation": {"angle": 0, "axis": "y", "origin": [8.5, 0, 10]},
			"faces": {
				"north": {"uv": [10, 4, 11, 5], "texture": "#0"},
				"east": {"uv": [10, 7.5, 11, 8.5], "texture": "#0"},
				"south": {"uv": [10, 8.5, 11, 9.5], "texture": "#0"},
				"west": {"uv": [10, 9.5, 11, 10.5], "texture": "#0"},
				"up": {"uv": [11.5, 1, 10.5, 0], "texture": "#0"},
				"down": {"uv": [2, 10.5, 1, 11.5], "texture": "#0"}
			}
		}
	],
	"display": {
		"thirdperson_righthand": {
			"rotation": [3, 0, 0],
			"translation": [0, 4.25, 1],
			"scale": [0.52, 0.52, 0.52]
		},
		"thirdperson_lefthand": {
			"rotation": [3, 0, 0],
			"translation": [0, 4.25, 1],
			"scale": [0.52, 0.52, 0.52]
		},
		"firstperson_righthand": {
			"rotation": [-180, 70, -180],
			"translation": [3.25, 5.25, 0],
			"scale": [0.57, 0.57, 0.57]
		},
		"firstperson_lefthand": {
			"rotation": [-180, 70, -180],
			"translation": [3.25, 5.25, 0],
			"scale": [0.57, 0.57, 0.57]
		},
		"ground": {
			"translation": [0, 4.5, 0]
		},
		"gui": {
			"rotation": [-151.75, 48.25, -180],
			"translation": [0, 3, 0],
			"scale": [0.84, 0.84, 0.84]
		},
		"head": {
			"translation": [0, 14.25, 0]
		},
		"fixed": {
			"rotation": [-90, 0, 0],
			"translation": [0, 0, -8]
		},
		"on_shelf": {
			"rotation": [-180, 0, -180],
			"translation": [0, 2.75, 5.5]
		}
	}
}