{
	"credit": "Made with Blockbench",
	"texture_size": [32, 32],
	"textures": {
		"1": "item/shrump_texture",
		"particle": "item/block/blank"
	},
	"elements": [
		{
			"from": [4, 0, 4],
			"to": [6, 2, 8],
			"rotation": {"angle": 22.5, "axis": "y", "origin": [5, 1, 5.5]},
			"faces": {
				"north": {"uv": [6, 14.5, 7, 15.5], "texture": "#1"},
				"east": {"uv": [13, 7, 15, 8], "texture": "#1"},
				"south": {"uv": [11, 14.5, 12, 15.5], "texture": "#1"},
				"west": {"uv": [13, 8, 15, 9], "texture": "#1"},
				"up": {"uv": [4, 10, 3, 8], "texture": "#1"},
				"down": {"uv": [8, 13, 7, 15], "texture": "#1"}
			}
		},
		{
			"from": [6, 0, 6],
			"to": [10, 6, 10],
			"faces": {
				"north": {"uv": [6, 10, 8, 13], "texture": "#1"},
				"east": {"uv": [11, 2.5, 13, 5.5], "texture": "#1"},
				"south": {"uv": [11, 5.5, 13, 8.5], "texture": "#1"},
				"west": {"uv": [11, 8.5, 13, 11.5], "texture": "#1"},
				"up": {"uv": [10, 13.5, 8, 11.5], "texture": "#1"},
				"down": {"uv": [12, 11.5, 10, 13.5], "texture": "#1"}
			}
		},
		{
			"from": [5, 6, 5],
			"to": [11, 11, 11],
			"faces": {
				"north": {"uv": [8, 9, 11, 11.5], "texture": "#1"},
				"east": {"uv": [3, 10, 6, 12.5], "texture": "#1"},
				"south": {"uv": [0, 11, 3, 13.5], "texture": "#1"},
				"west": {"uv": [11, 0, 14, 2.5], "texture": "#1"},
				"up": {"uv": [3, 11, 0, 8], "texture": "#1"},
				"down": {"uv": [11, 0, 8, 3], "texture": "#1"}
			}
		},
		{
			"from": [4, 9, 4],
			"to": [12, 14, 12],
			"faces": {
				"north": {"uv": [4, 0, 8, 2.5], "texture": "#1"},
				"east": {"uv": [4, 2.5, 8, 5], "texture": "#1"},
				"south": {"uv": [4, 5, 8, 7.5], "texture": "#1"},
				"west": {"uv": [4, 7.5, 8, 10], "texture": "#1"},
				"up": {"uv": [4, 4, 0, 0], "texture": "#1"},
				"down": {"uv": [4, 4, 0, 8], "texture": "#1"}
			}
		},
		{
			"from": [5, 14, 5],
			"to": [11, 15, 11],
			"faces": {
				"north": {"uv": [14, 2, 16, 2.5], "texture": "#1"},
				"east": {"uv": [3, 14.5, 6, 15], "texture": "#1"},
				"south": {"uv": [8, 14.5, 11, 15], "texture": "#1"},
				"west": {"uv": [15, 0, 16, 0.5], "texture": "#1"},
				"up": {"uv": [11, 6, 8, 3], "texture": "#1"},
				"down": {"uv": [11, 6, 8, 9], "texture": "#1"}
			}
		},
		{
			"from": [4, 2, 7.5],
			"to": [6, 6, 9.5],
			"rotation": {"angle": -22.5, "axis": "z", "origin": [5, 4, 8.5]},
			"faces": {
				"north": {"uv": [13, 9, 14, 11], "texture": "#1"},
				"east": {"uv": [0, 13.5, 1, 15.5], "texture": "#1"},
				"south": {"uv": [1, 13.5, 2, 15.5], "texture": "#1"},
				"west": {"uv": [2, 13.5, 3, 15.5], "texture": "#1"},
				"up": {"uv": [16, 1.5, 15, 0.5], "texture": "#1"},
				"down": {"uv": [16, 2.5, 15, 3.5], "texture": "#1"}
			}
		},
		{
			"from": [10, 2, 7.5],
			"to": [12, 6, 9.5],
			"rotation": {"angle": 22.5, "axis": "z", "origin": [11, 4, 8.5]},
			"faces": {
				"north": {"uv": [14, 0, 15, 2], "texture": "#1"},
				"east": {"uv": [14, 9, 15, 11], "texture": "#1"},
				"south": {"uv": [14, 11, 15, 13], "texture": "#1"},
				"west": {"uv": [14, 13, 15, 15], "texture": "#1"},
				"up": {"uv": [5, 16, 4, 15], "texture": "#1"},
				"down": {"uv": [16, 4.5, 15, 5.5], "texture": "#1"}
			}
		},
		{
			"from": [10, 0, 4],
			"to": [12, 2, 8],
			"rotation": {"angle": -22.5, "axis": "y", "origin": [11, 1, 5.5]},
			"faces": {
				"north": {"uv": [3, 15, 4, 16], "texture": "#1"},
				"east": {"uv": [8, 13.5, 10, 14.5], "texture": "#1"},
				"south": {"uv": [15, 3.5, 16, 4.5], "texture": "#1"},
				"west": {"uv": [10, 13.5, 12, 14.5], "texture": "#1"},
				"up": {"uv": [13, 15.5, 12, 13.5], "texture": "#1"},
				"down": {"uv": [14, 13.5, 13, 15.5], "texture": "#1"}
			}
		},
		{
			"from": [5.75, 0, 5.75],
			"to": [10.25, 2.75, 10.25],
			"rotation": {"angle": 0, "axis": "y", "origin": [7, 0, 6]},
			"faces": {
				"north": {"uv": [13, 2.5, 15, 4], "texture": "#1"},
				"east": {"uv": [13, 4, 15, 5.5], "texture": "#1"},
				"south": {"uv": [5, 13, 7, 14.5], "texture": "#1"},
				"west": {"uv": [13, 5.5, 15, 7], "texture": "#1"},
				"up": {"uv": [14, 13.5, 12, 11.5], "texture": "#1"},
				"down": {"uv": [5, 12.5, 3, 14.5], "texture": "#1"}
			}
		}
	],
	"display": {
		"thirdperson_righthand": {
			"rotation": [90, 0, 0],
			"translation": [1, -2.5, 17.5],
			"scale": [0.7, 0.7, 0.7]
		},
		"thirdperson_lefthand": {
			"rotation": [90, 0, 0],
			"translation": [1.25, -2.75, 17.5],
			"scale": [0.7, 0.7, 0.7]
		},
		"firstperson_righthand": {
			"rotation": [-21, 180, 0],
			"translation": [-9, -1, -6.25]
		},
		"firstperson_lefthand": {
			"rotation": [0, 132, 0],
			"translation": [11.25, -2, -9]
		},
		"ground": {
			"translation": [0, 3.75, 0],
			"scale": [0.7, 0.7, 0.7]
		},
		"gui": {
			"rotation": [21, 138, 0],
			"translation": [0, 0.75, 0],
			"scale": [0.87, 0.87, 0.87]
		},
		"head": {
			"translation": [0, 14, 0]
		},
		"fixed": {
			"rotation": [-90, 0, 0],
			"translation": [0, 0, -8]
		}
	}
}