  {
    "model": {
      "type": "select",
      "property": "custom_model_data",
      "fallback": {
        "type": "model",
        "model": "item/glistering_melon_slice"
      },
      "cases": [
        {
          "when": "catcoin",
          "model": {
            "type": "model",
            "model": "item/catcoin"
          }
        },
        {
          "when": "darkdollar",
          "model": {
            "type": "model",
            "model": "item/dark_dollar"
          }
        }
      ]
    }
  }