{
  "target": "cobblemon:bisharp",

  "baseScale":1.0,
  "hitbox": {
    "width": 1,
    "height": 2.2,
    "fixed": false
  },
  "evolutions": [
    {
      "id": "bisharp_kingambit",
      "variant": "level_up",
      "result": "kingambit",
      "consumeHeldItem": false,
      "learnableMoves": [
        "kowtowcleave"
      ],
      "requirements": [
        {
          "variant": "defeat",
          "target": "bisharp",
          "amount": 3
        }
      ]
    }
  ],
  "behaviour": {
      "moving": {
        "canLook": true,
        "walk": {
          "walkSpeed": 0.3,
          "canWalk": true,
          "avoidsLand": false
        },
      "fly": {
        "canFly": false
      },
      "swim": {
        "swimSpeed": 0.2,
        "canSwimInWater": false,
        "canBreatheUnderwater": false
      }
    }
  }
}