{
  "target": "cobblemon:kyurem",
  "baseScale": 1,
  "hitbox": {
    "width": 1,
    "height": 1,
    "fixed": false
  },
  "evolutions": [
    {
      "id": "kyurem_white",
      "variant": "level_up",
      "result": "kyurem absofusion=white",
      "consumeHeldItem": false,
      "learnableMoves": [],
      "requirements": [
        {
          "variant": "party_member",
          "target": "reshiram",
          "contains": true
        }
      ]
    },
    {
      "id": "kyurem_black",
      "variant": "level_up",
      "result": "kyurem absofusion=black",
      "consumeHeldItem": false,
      "learnableMoves": [],
      "requirements": [
        {
          "variant": "party_member",
          "target": "zekrom",
          "contains": true
        }
      ]
    }
  ],
  "forms": [
    {
      "name": "White",
      "primaryType": "dragon",
      "secondaryType": "ice",
      "maleRatio": -1,
      "height": 36,
      "weight": 3250,
      "pokedex": [
        "cobblemon.species.kyurem-white.desc"
      ],
      "labels": [
        "gen5",
        "legendary",
        "restricted"
      ],
      "aspects": [
        "white-fusion"
      ],
      "abilities": [
        "turboblaze",
        "h:turboblaze"
      ],
      "baseStats": {
        "hp": 125,
        "attack": 120,
        "defence": 90,
        "special_attack": 170,
        "special_defence": 100,
        "speed": 95
      },
      "evYield": {
        "hp": 0,
        "attack": 0,
        "defence": 0,
        "special_attack": 3,
        "special_defence": 0,
        "speed": 0
      },
      "baseExperienceYield": 350,
      "moves": [
        "1:dragonrage",
        "1:ancientpower",
        "1:dragonbreath",
        "1:nobleroar",
        "1:freezedry",
        "8:slash",
        "16:endeavor",
        "24:dragonpulse",
        "32:icebeam",
        "40:hypervoice",
        "48:fusionflare",
        "56:blizzard",
        "64:imprison",
        "72:outrage",
        "80:iceburn",
        "88:sheercold",
        "tm:aerialace",
        "tm:ancientpower",
        "tm:avalanche",
        "tm:blizzard",
        "tm:bodypress",
        "tm:bodyslam",
        "tm:breakingswipe",
        "tm:brutalswing",
        "tm:cut",
        "tm:dracometeor",
        "tm:dragoncheer",
        "tm:dragonclaw",
        "tm:dragondance",
        "tm:dragonpulse",
        "tm:dragontail",
        "tm:dualwingbeat",
        "tm:earthpower",
        "tm:echoedvoice",
        "tm:endeavor",
        "tm:endure",
        "tm:facade",
        "tm:flashcannon",
        "tm:fling",
        "tm:fly",
        "tm:focusblast",
        "tm:gigaimpact",
        "tm:hail",
        "tm:helpinghand",
        "tm:honeclaws",
        "tm:hyperbeam",
        "tm:hypervoice",
        "tm:icebeam",
        "tm:icefang",
        "tm:iciclespear",
        "tm:icywind",
        "tm:imprison",
        "tm:ironhead",
        "tm:laserfocus",
        "tm:lightscreen",
        "tm:outrage",
        "tm:payback",
        "tm:protect",
        "tm:psychic",
        "tm:raindance",
        "tm:reflect",
        "tm:rest",
        "tm:roar",
        "tm:rockslide",
        "tm:rocksmash",
        "tm:rocktomb",
        "tm:roost",
        "tm:safeguard",
        "tm:scaleshot",
        "tm:scaryface",
        "tm:shadowball",
        "tm:shadowclaw",
        "tm:signalbeam",
        "tm:sleeptalk",
        "tm:snowscape",
        "tm:steelwing",
        "tm:stoneedge",
        "tm:strength",
        "tm:substitute",
        "tm:sunnyday",
        "tm:swift",
        "tm:takedown",
        "tm:terablast",
        "tm:weatherball",
        "tm:zenheadbutt",
        "tutor:aerialace",
        "tutor:ancientpower",
        "tutor:dracometeor",
        "tutor:dragonpulse",
        "tutor:dualwingbeat",
        "tutor:earthpower",
        "tutor:endeavor",
        "tutor:flashcannon",
        "tutor:gigaimpact",
        "tutor:helpinghand",
        "tutor:hyperbeam",
        "tutor:hypervoice",
        "tutor:icebeam",
        "tutor:icefang",
        "tutor:icywind",
        "tutor:ironhead",
        "tutor:laserfocus",
        "tutor:outrage",
        "tutor:psychic",
        "tutor:rest",
        "tutor:rockslide",
        "tutor:rocksmash",
        "tutor:roost",
        "tutor:scaleshot",
        "tutor:shadowball",
        "tutor:shadowclaw",
        "tutor:signalbeam",
        "tutor:sleeptalk",
        "tutor:stoneedge",
        "tutor:swift",
        "tutor:zenheadbutt"
      ],
      "evolutions": [
        {
          "id": "white_kyurem",
          "variant": "level_up",
          "result": "kyurem absofusion=none",
          "consumeHeldItem": false,
          "learnableMoves": [],
          "requirements": []
        }
      ],
      "battleOnly": false
    },
    {
      "name": "Black",
      "primaryType": "dragon",
      "secondaryType": "ice",
      "maleRatio": -1,
      "height": 33,
      "weight": 3250,
      "pokedex": [
        "cobblemon.species.kyurem-black.desc"
      ],
      "labels": [
        "gen5",
        "legendary",
        "restricted"
      ],
      "aspects": [
        "black-fusion"
      ],
      "abilities": [
        "teravolt",
        "h:teravolt"
      ],
      "baseStats": {
        "hp": 125,
        "attack": 170,
        "defence": 100,
        "special_attack": 120,
        "special_defence": 90,
        "speed": 95
      },
      "evYield": {
        "hp": 0,
        "attack": 3,
        "defence": 0,
        "special_attack": 0,
        "special_defence": 0,
        "speed": 0
      },
      "baseExperienceYield": 350,
      "moves": [
        "1:dragonrage",
        "1:ancientpower",
        "1:dragonbreath",
        "1:nobleroar",
        "1:freezedry",
        "8:slash",
        "16:endeavor",
        "24:dragonpulse",
        "32:icebeam",
        "40:hypervoice",
        "48:fusionbolt",
        "56:blizzard",
        "64:imprison",
        "72:outrage",
        "80:freezeshock",
        "88:sheercold",
        "tm:aerialace",
        "tm:ancientpower",
        "tm:avalanche",
        "tm:blizzard",
        "tm:bodypress",
        "tm:bodyslam",
        "tm:breakingswipe",
        "tm:brutalswing",
        "tm:cut",
        "tm:dracometeor",
        "tm:dragoncheer",
        "tm:dragonclaw",
        "tm:dragondance",
        "tm:dragonpulse",
        "tm:dragontail",
        "tm:dualwingbeat",
        "tm:earthpower",
        "tm:echoedvoice",
        "tm:endeavor",
        "tm:endure",
        "tm:facade",
        "tm:flashcannon",
        "tm:fling",
        "tm:fly",
        "tm:focusblast",
        "tm:gigaimpact",
        "tm:hail",
        "tm:helpinghand",
        "tm:honeclaws",
        "tm:hyperbeam",
        "tm:hypervoice",
        "tm:icebeam",
        "tm:icefang",
        "tm:iciclespear",
        "tm:icywind",
        "tm:imprison",
        "tm:ironhead",
        "tm:laserfocus",
        "tm:lightscreen",
        "tm:outrage",
        "tm:payback",
        "tm:protect",
        "tm:psychic",
        "tm:raindance",
        "tm:reflect",
        "tm:rest",
        "tm:roar",
        "tm:rockslide",
        "tm:rocksmash",
        "tm:rocktomb",
        "tm:roost",
        "tm:safeguard",
        "tm:scaleshot",
        "tm:scaryface",
        "tm:shadowball",
        "tm:shadowclaw",
        "tm:signalbeam",
        "tm:sleeptalk",
        "tm:snowscape",
        "tm:steelwing",
        "tm:stoneedge",
        "tm:strength",
        "tm:substitute",
        "tm:sunnyday",
        "tm:swift",
        "tm:takedown",
        "tm:terablast",
        "tm:weatherball",
        "tm:zenheadbutt",
        "tutor:aerialace",
        "tutor:ancientpower",
        "tutor:dracometeor",
        "tutor:dragonpulse",
        "tutor:dualwingbeat",
        "tutor:earthpower",
        "tutor:endeavor",
        "tutor:flashcannon",
        "tutor:gigaimpact",
        "tutor:helpinghand",
        "tutor:hyperbeam",
        "tutor:hypervoice",
        "tutor:icebeam",
        "tutor:icefang",
        "tutor:icywind",
        "tutor:ironhead",
        "tutor:laserfocus",
        "tutor:outrage",
        "tutor:psychic",
        "tutor:rest",
        "tutor:rockslide",
        "tutor:rocksmash",
        "tutor:roost",
        "tutor:scaleshot",
        "tutor:shadowball",
        "tutor:shadowclaw",
        "tutor:signalbeam",
        "tutor:sleeptalk",
        "tutor:stoneedge",
        "tutor:swift",
        "tutor:zenheadbutt"
      ],
      "evolutions": [
        {
          "id": "black_kyurem",
          "variant": "level_up",
          "result": "kyurem absofusion=none",
          "consumeHeldItem": false,
          "learnableMoves": [],
          "requirements": []
        }
      ],
      "battleOnly": false
    }
  ],
  "behaviour": {
    "moving": {
      "canLook": true,
      "walk": {
        "walkSpeed": 0.6,
        "canWalk": true,
        "avoidsLand": false
      },
      "fly": {
        "canFly": false
      },
      "swim": {
        "swimSpeed": 0.2,
        "canSwimInWater": false,
        "canBreatheUnderwater": false
      }
    }
  }
}