{
      "enabled": true,
      "neededInstalledMods": [],
      "neededUninstalledMods": [],
      "spawns": [
            {
                  "pokemon": "pangoro",
                  "presets": [
                        "natural",
                        "wild"
                  ],
                  "type": "pokemon",
                  "context": "grounded",
                  "bucket": "common",
                  "level": "32-48",
                  "weight": 0.76,
                  "condition": {
                        "biomes": [
                              "#cobblemon:is_bamboo_jungle"
                        ]
                  },
                  "id": "pangoro-1"
            },
            {
                  "pokemon": "pangoro",
                  "presets": [
                        "natural",
                        "wild"
                  ],
                  "type": "pokemon",
                  "context": "grounded",
                  "bucket": "rare",
                  "level": "32-48",
                  "weight": 0.76,
                  "condition": {
                        "biomes": [
                              "#cobblemon:is_forest"
                        ]
                  },
                  "id": "pangoro-2"
            }
      ]
}