{
   "enabled": true,
   "neededInstalledMods": [],
   "neededUninstalledMods": [],
   "spawns": [
       {
           "id": "enamorus-1",
           "pokemon": "enamorus",
           "presets": [
               "natural"
           ],
           "type": "pokemon",
           "context": "grounded",
           "bucket": "ultra-rare",
           "level": "70-100",
           "weight": 2,
           "condition": {
               "biomes": [
                   "#cobblemon:is_forest"
               ]
           }
       }
   ]
}