{
   "enabled": true,
   "neededInstalledMods": [],
   "neededUninstalledMods": [],
   "spawns": [
       {
           "id": "fezandipiti-1",
           "pokemon": "fezandipiti",
           "presets": [
               "natural"
           ],
           "type": "pokemon",
           "context": "grounded",
           "bucket": "ultra-rare",
           "level": "70-100",
           "weight": 1.5,
           "condition": {
               "biomes": [
                   "#cobblemon:is_magical"
               ]
           }
       }
   ]
}