{
  "parent": "minecraft:item/generated",
  "textures": {
    "layer0": "minecraft:item/amethyst_shard"
  },
  "overrides": [
    {
      "predicate": {
        "custom_model_data": 1
      },
      "model": "minecraft:item/custom/crystal_blue"
    },
    {
      "predicate": {
        "custom_model_data": 2
      },
      "model": "minecraft:item/custom/crystal_green"
    },
    {
      "predicate": {
        "custom_model_data": 3
      },
      "model": "minecraft:item/custom/crystal_orange"
    },
    {
      "predicate": {
        "custom_model_data": 4
      },
      "model": "minecraft:item/custom/crystal_red"
    },
    {
      "predicate": {
        "custom_model_data": 5
      },
      "model": "minecraft:item/custom/crystal_t"
    },
    {
      "predicate": {
        "custom_model_data": 6
      },
      "model": "minecraft:item/custom/crystal_yellow"
    }
  ]
}
