﻿{
    "parent": "minecraft:block/orientable",
    "textures": {
      "front": "minecraft:block/carved_pumpkin",
      "side": "minecraft:block/pumpkin_side",
      "top": "minecraft:block/pumpkin_top"
    },
    "overrides": [
      {
        "predicate": {
          "custom_model_data": 1
        },
        "model": "minecraft:block/custom/trophy_minigame_gold"
      },
      {
        "predicate": {
          "custom_model_data": 2
        },
        "model": "minecraft:block/custom/trophy_minigame_iron"
      },
      {
        "predicate": {
          "custom_model_data": 3
        },
        "model": "minecraft:block/custom/trophy_minigame_copper"
      },
      {
        "predicate": {
          "custom_model_data": 4
        },
        "model": "minecraft:block/custom/trophy_cake"
      },
      {
        "predicate": {
          "custom_model_data": 5
        },
        "model": "minecraft:block/custom/trophy_netherite"
      },
      {
        "predicate": {
          "custom_model_data": 6
        },
        "model": "minecraft:block/custom/trophy_potato"
      },
      {
        "predicate": {
          "custom_model_data": 7
        },
        "model": "minecraft:block/custom/trophy_potato_inverted"
      },
      {
        "predicate": {
          "custom_model_data": 8
        },
        "model": "minecraft:block/custom/trophy_heart"
      },
      {
        "predicate": {
          "custom_model_data": 9
        },
        "model": "minecraft:block/custom/trophy_diamond"
      },
      {
        "predicate": {
          "custom_model_data": 10
        },
        "model": "minecraft:block/custom/blahaj"
      },
      {
        "predicate": {
          "custom_model_data": 11
        },
        "model": "minecraft:block/custom/blahaj_pink"
      },
      {
        "predicate": {
          "custom_model_data": 12
        },
        "model": "minecraft:block/custom/trophy_iron_diamond"
      },
      {
        "predicate": {
          "custom_model_data": 13
        },
        "model": "minecraft:block/custom/trophy_horse"
      }
    ]
  
  }
  