{
  "parent": "minecraft:item/generated",
  "textures": {
    "layer0": "minecraft:item/cookie"
  },
  "overrides": [
    {
      "predicate": {
        "custom_model_data": 1
      },
      "model": "minecraft:item/custom/oreo"
    },
    {
      "predicate": {
        "custom_model_data": 2
      },
      "model": "minecraft:item/custom/choccookie"
    },
    {
      "predicate": {
        "custom_model_data": 3
      },
      "model": "minecraft:item/custom/fortunecookie"
    },
    {
      "predicate": {
        "custom_model_data": 4
      },
      "model": "minecraft:item/custom/macaroon"
    }
  ]
}
