{
  "parent": "minecraft:item/handheld",
  "display": {
    "thirdperson_righthand": {
      "rotation": [
        0,
        -90,
        55
      ],
      "translation": [
        0,
        4,
        1
      ],
      "scale": [
        1,
        1,
        1
      ]
    },
    "thirdperson_lefthand": {
      "rotation": [
        0,
        90,
        -55
      ],
      "translation": [
        0,
        4,
        1
      ],
      "scale": [
        1,
        1,
        1
      ]
    },
    "firstperson_righthand": {
      "rotation": [
        0,
        -90,
        25
      ],
      "translation": [
        0,
        3,
        0.8
      ],
      "scale": [
        0.9,
        0.9,
        0.9
      ]
    },
    "firstperson_lefthand": {
      "rotation": [
        0,
        90,
        -25
      ],
      "translation": [
        0,
        3,
        0.8
      ],
      "scale": [
        0.9,
        0.9,
        0.9
      ]
    },
  "overrides": [
    {
      "predicate": {
        "custom_model_data": 1
      },
      "model": "minecraft:item/custom/hammer_mace"
    },
    {
      "predicate": {
        "custom_model_data": 2
      },
      "model": "minecraft:item/custom/obsidian_hammer"
    }
  ]
  }
}