{
	"credit": "Made with Blockbench",
	"textures": {
		"0": "item/autumn",
		"particle": "item/autumn"
	},
	"elements": [
		{
			"name": "Cuerpo",
			"from": [5, 0, 7],
			"to": [10, 6, 10],
			"faces": {
				"north": {"uv": [5, 5, 7, 8], "texture": "#0"},
				"east": {"uv": [7, 5, 8, 8], "texture": "#0"},
				"south": {"uv": [8, 5, 10, 8], "texture": "#0"},
				"west": {"uv": [4, 5, 5, 8], "texture": "#0"},
				"up": {"uv": [7, 5, 5, 4], "texture": "#0"},
				"down": {"uv": [9, 4, 7, 5], "texture": "#0"}
			}
		},
		{
			"name": "Cuerpo_1",
			"from": [4.8, -0.2, 6.8],
			"to": [10.2, 6.2, 10.2],
			"faces": {
				"north": {"uv": [5, 9, 7, 12], "texture": "#0"},
				"east": {"uv": [7, 9, 8, 12], "texture": "#0"},
				"south": {"uv": [8, 9, 10, 12], "texture": "#0"},
				"west": {"uv": [4, 9, 5, 12], "texture": "#0"},
				"up": {"uv": [7, 9, 5, 8], "texture": "#0"},
				"down": {"uv": [9, 8, 7, 9], "texture": "#0"}
			}
		},
		{
			"name": "PiernaI",
			"from": [10, 0, -0.5],
			"to": [12, 2, 3.5],
			"rotation": {"angle": -22.5, "axis": "y", "origin": [0, 0, 0]},
			"faces": {
				"north": {"uv": [6, 12, 7, 13], "texture": "#0"},
				"east": {"uv": [6, 13, 7, 16], "rotation": 270, "texture": "#0"},
				"south": {"uv": [5, 12, 6, 13], "texture": "#0"},
				"west": {"uv": [5, 16, 4, 13], "rotation": 270, "texture": "#0"},
				"up": {"uv": [6, 16, 5, 13], "texture": "#0"},
				"down": {"uv": [7, 13, 8, 16], "texture": "#0"}
			}
		},
		{
			"name": "PiernaI_1",
			"from": [9.8, -0.2, -0.8],
			"to": [12.2, 2.2, 3.6],
			"rotation": {"angle": -22.5, "axis": "y", "origin": [0, 0, 0]},
			"faces": {
				"north": {"uv": [2, 8, 3, 9], "texture": "#0"},
				"east": {"uv": [2, 9, 3, 12], "rotation": 270, "texture": "#0"},
				"south": {"uv": [1, 8, 2, 9], "texture": "#0"},
				"west": {"uv": [1, 12, 0, 9], "rotation": 270, "texture": "#0"},
				"up": {"uv": [2, 12, 1, 9], "texture": "#0"},
				"down": {"uv": [3, 9, 4, 12], "texture": "#0"}
			}
		},
		{
			"name": "PiernaD",
			"from": [1.9, 0, 5],
			"to": [3.9, 2, 9],
			"rotation": {"angle": 22.5, "axis": "y", "origin": [0, 0, 0]},
			"faces": {
				"north": {"uv": [2, 4, 3, 5], "texture": "#0"},
				"east": {"uv": [2, 5, 3, 8], "rotation": 270, "texture": "#0"},
				"south": {"uv": [1, 4, 2, 5], "texture": "#0"},
				"west": {"uv": [1, 8, 0, 5], "rotation": 270, "texture": "#0"},
				"up": {"uv": [2, 8, 1, 5], "texture": "#0"},
				"down": {"uv": [3, 5, 4, 8], "texture": "#0"}
			}
		},
		{
			"name": "PiernaD_1",
			"from": [1.7, -0.2, 4.8],
			"to": [4.1, 2.2, 9.2],
			"rotation": {"angle": 22.5, "axis": "y", "origin": [0, 0, 0]},
			"faces": {
				"north": {"uv": [2, 12, 3, 13], "texture": "#0"},
				"east": {"uv": [2, 13, 3, 16], "rotation": 270, "texture": "#0"},
				"south": {"uv": [1, 12, 2, 13], "texture": "#0"},
				"west": {"uv": [1, 16, 0, 13], "rotation": 270, "texture": "#0"},
				"up": {"uv": [2, 16, 1, 13], "texture": "#0"},
				"down": {"uv": [3, 13, 4, 16], "texture": "#0"}
			}
		},
		{
			"name": "Cabeza",
			"from": [4, 6, 5],
			"to": [11, 13, 12],
			"faces": {
				"north": {"uv": [2, 2, 4, 4], "texture": "#0"},
				"east": {"uv": [0, 2, 2, 4], "texture": "#0"},
				"south": {"uv": [6, 2, 8, 4], "texture": "#0"},
				"west": {"uv": [4, 2, 6, 4], "texture": "#0"},
				"up": {"uv": [4, 2, 2, 0], "texture": "#0"},
				"down": {"uv": [6, 0, 4, 2], "texture": "#0"}
			}
		},
		{
			"name": "Cabeza_1",
			"from": [3.8, 5.8, 4.8],
			"to": [11.2, 13.2, 12.2],
			"faces": {
				"north": {"uv": [10, 2, 12, 4], "texture": "#0"},
				"east": {"uv": [8, 2, 10, 4], "texture": "#0"},
				"south": {"uv": [14, 2, 16, 4], "texture": "#0"},
				"west": {"uv": [12, 2, 14, 4], "texture": "#0"},
				"up": {"uv": [12, 2, 10, 0], "texture": "#0"},
				"down": {"uv": [14, 0, 12, 2], "texture": "#0"}
			}
		},
		{
			"name": "BrazoI",
			"from": [3.1, 9.4, 7.5],
			"to": [7.1, 11.4, 9.5],
			"rotation": {"angle": -45, "axis": "z", "origin": [0, 0, 0]},
			"faces": {
				"north": {"uv": [11.5, 8, 11, 5], "rotation": 270, "texture": "#0"},
				"east": {"uv": [12, 4, 12.5, 5], "texture": "#0"},
				"south": {"uv": [13, 5, 13.5, 8], "rotation": 270, "texture": "#0"},
				"west": {"uv": [11, 4, 11.5, 5], "texture": "#0"},
				"up": {"uv": [10, 5, 10.5, 8], "rotation": 270, "texture": "#0"},
				"down": {"uv": [12, 5, 12.5, 8], "rotation": 270, "texture": "#0"}
			}
		},
		{
			"name": "BrazoI_1",
			"from": [2.9, 9.2, 7.3],
			"to": [7.3, 11.6, 9.7],
			"rotation": {"angle": -45, "axis": "z", "origin": [0, 0, 0]},
			"faces": {
				"north": {"uv": [11.5, 12, 11, 9], "rotation": 270, "texture": "#0"},
				"east": {"uv": [12, 8, 12.5, 9], "texture": "#0"},
				"south": {"uv": [13, 9, 13.5, 12], "rotation": 270, "texture": "#0"},
				"west": {"uv": [11, 8, 11.5, 9], "texture": "#0"},
				"up": {"uv": [10, 9, 10.5, 12], "rotation": 270, "texture": "#0"},
				"down": {"uv": [12, 9, 12.5, 12], "rotation": 270, "texture": "#0"}
			}
		},
		{
			"name": "BrazoD",
			"from": [3.6, -1, 7.5],
			"to": [7.6, 1, 9.5],
			"rotation": {"angle": 45, "axis": "z", "origin": [0, 0, 0]},
			"faces": {
				"north": {"uv": [9, 13, 9.5, 16], "rotation": 270, "texture": "#0"},
				"east": {"uv": [9, 12, 9.5, 13], "texture": "#0"},
				"south": {"uv": [11.5, 16, 11, 13], "rotation": 270, "texture": "#0"},
				"west": {"uv": [10, 12, 10.5, 13], "texture": "#0"},
				"up": {"uv": [8.5, 16, 8, 13], "rotation": 270, "texture": "#0"},
				"down": {"uv": [10.5, 16, 10, 13], "rotation": 270, "texture": "#0"}
			}
		},
		{
			"name": "BrazoD_1",
			"from": [3.4, -1.2, 7.3],
			"to": [7.8, 1.2, 9.7],
			"rotation": {"angle": 45, "axis": "z", "origin": [0, 0, 0]},
			"faces": {
				"north": {"uv": [13, 13, 13.5, 16], "rotation": 270, "texture": "#0"},
				"east": {"uv": [13, 12, 13.5, 13], "texture": "#0"},
				"south": {"uv": [15.5, 16, 15, 13], "rotation": 270, "texture": "#0"},
				"west": {"uv": [14, 12, 14.5, 13], "texture": "#0"},
				"up": {"uv": [12.5, 16, 12, 13], "rotation": 270, "texture": "#0"},
				"down": {"uv": [14.5, 16, 14, 13], "rotation": 270, "texture": "#0"}
			}
		}
	],
	"display": {
		"thirdperson_righthand": {
			"rotation": [43, 0, 0],
			"translation": [0, 1.5, 0.75],
			"scale": [0.46, 0.46, 0.46]
		},
		"thirdperson_lefthand": {
			"rotation": [43, 0, 0],
			"translation": [0, 1.5, 0.75],
			"scale": [0.46, 0.46, 0.46]
		},
		"firstperson_righthand": {
			"rotation": [180, 58.75, 180],
			"translation": [0, 5.75, 2],
			"scale": [0.64, 0.64, 0.64]
		},
		"firstperson_lefthand": {
			"rotation": [180, 58.75, 180],
			"translation": [0, 5.75, 2],
			"scale": [0.64, 0.64, 0.64]
		},
		"ground": {
			"translation": [0, 3, 0.25],
			"scale": [0.7, 0.7, 0.7]
		},
		"gui": {
			"rotation": [-180, 28.5, -180],
			"translation": [0, 1.25, 0],
			"scale": [1.13, 1.13, 1.13]
		},
		"head": {
			"translation": [0.25, 14.5, 0.25]
		},
		"fixed": {
			"rotation": [-90, 0, 0],
			"translation": [0.75, 1.5, -13],
			"scale": [1.71234, 1.71234, 1.67]
		}
	},
	"groups": [
		{
			"name": "group",
			"origin": [8, 8, 8],
			"color": 0,
			"children": [0, 1, 2, 3, 4, 5, 6, 7, 8, 9, 10, 11]
		}
	]
}