{
	"credit": "Made with Blockbench",
	"texture_size": [32, 32],
	"textures": {
		"0": "item/beaux_texture"
	},
	"elements": [
		{
			"from": [6.5, 0, 1.25],
			"to": [9.5, 1, 2.25],
			"rotation": {"angle": 0, "axis": "y", "origin": [0, -1, 0]},
			"faces": {
				"north": {"uv": [7.5, 12, 10, 13], "texture": "#0"},
				"east": {"uv": [6.5, 12, 7.5, 13], "texture": "#0"},
				"west": {"uv": [10, 12, 11, 13], "texture": "#0"},
				"up": {"uv": [13, 0.5, 11, 0], "texture": "#0"},
				"down": {"uv": [13, 0.5, 11, 1], "texture": "#0"}
			}
		},
		{
			"from": [5, 0, 2],
			"to": [11, 4.5, 6],
			"faces": {
				"north": {"uv": [11.5, 11, 15.5, 14], "texture": "#0"},
				"east": {"uv": [8, 0, 10, 2.5], "texture": "#0"},
				"south": {"uv": [0, 6, 3, 8.5], "texture": "#0"},
				"west": {"uv": [8, 2.5, 10, 5], "texture": "#0"},
				"up": {"uv": [6, 8, 3, 6], "texture": "#0"},
				"down": {"uv": [9, 6, 6, 8], "texture": "#0"}
			}
		},
		{
			"from": [4, 2.75, 4.5],
			"to": [6, 6.75, 5],
			"rotation": {"angle": 22.5, "axis": "z", "origin": [5, 4.75, 4.75]},
			"faces": {
				"north": {"uv": [1.5, 8.5, 2.5, 10.5], "texture": "#0"},
				"east": {"uv": [11, 3, 11.5, 5], "texture": "#0"},
				"south": {"uv": [9, 5, 10, 7], "texture": "#0"},
				"west": {"uv": [11, 7, 11.5, 9], "texture": "#0"},
				"up": {"uv": [12, 10.5, 11, 10], "texture": "#0"},
				"down": {"uv": [11.5, 11, 10.5, 11.5], "texture": "#0"}
			}
		},
		{
			"from": [10, 2.75, 4.5],
			"to": [12, 6.75, 5],
			"rotation": {"angle": -22.5, "axis": "z", "origin": [11, 4.75, 4.75]},
			"faces": {
				"north": {"uv": [1.5, 8.5, 2.5, 10.5], "texture": "#0"},
				"east": {"uv": [11, 3, 11.5, 5], "texture": "#0"},
				"south": {"uv": [9, 5, 10, 7], "texture": "#0"},
				"west": {"uv": [11, 7, 11.5, 9], "texture": "#0"},
				"up": {"uv": [12, 10.5, 11, 10], "texture": "#0"},
				"down": {"uv": [11.5, 11, 10.5, 11.5], "texture": "#0"}
			}
		},
		{
			"from": [5.5, 0, 6],
			"to": [10.5, 3.5, 14],
			"rotation": {"angle": 0, "axis": "y", "origin": [8, 1.75, 9.5]},
			"faces": {
				"east": {"uv": [0, 4, 4, 6], "texture": "#0"},
				"south": {"uv": [5.5, 8, 8, 10], "texture": "#0"},
				"west": {"uv": [4, 4, 8, 6], "texture": "#0"},
				"up": {"uv": [2.5, 4, 0, 0], "texture": "#0"},
				"down": {"uv": [5, 0, 2.5, 4], "texture": "#0"}
			}
		},
		{
			"from": [4, 0, 13],
			"to": [6, 2, 16],
			"rotation": {"angle": -22.5, "axis": "y", "origin": [5, 1, 12]},
			"faces": {
				"east": {"uv": [9.5, 8, 11, 9], "texture": "#0"},
				"south": {"uv": [11, 1, 12, 2], "texture": "#0"},
				"west": {"uv": [10, 2, 11.5, 3], "texture": "#0"},
				"up": {"uv": [3.5, 11.5, 2.5, 10], "texture": "#0"},
				"down": {"uv": [11, 3, 10, 4.5], "texture": "#0"}
			}
		},
		{
			"from": [4, 0, 10],
			"to": [6.5, 3, 13],
			"rotation": {"angle": -22.5, "axis": "y", "origin": [5, 1, 12]},
			"faces": {
				"north": {"uv": [3.5, 10, 4.5, 11.5], "texture": "#0"},
				"south": {"uv": [4.5, 10, 5.5, 11.5], "texture": "#0"},
				"west": {"uv": [6.5, 2.5, 8, 4], "texture": "#0"},
				"up": {"uv": [11, 6, 10, 4.5], "texture": "#0"},
				"down": {"uv": [6.5, 10, 5.5, 11.5], "texture": "#0"}
			}
		},
		{
			"from": [3, 0, 3],
			"to": [5, 2, 7],
			"rotation": {"angle": 22.5, "axis": "y", "origin": [4, 1, 4]},
			"faces": {
				"north": {"uv": [11, 5, 12, 6], "texture": "#0"},
				"east": {"uv": [9, 7, 11, 8], "texture": "#0"},
				"west": {"uv": [8, 9.5, 10, 10.5], "texture": "#0"},
				"up": {"uv": [1, 12, 0, 10], "texture": "#0"},
				"down": {"uv": [11, 0, 10, 2], "texture": "#0"}
			}
		},
		{
			"from": [3, 0, 6],
			"to": [6, 3, 8],
			"rotation": {"angle": 22.5, "axis": "y", "origin": [5, 1, 4]},
			"faces": {
				"north": {"uv": [8, 8, 9.5, 9.5], "texture": "#0"},
				"south": {"uv": [0, 8.5, 1.5, 10], "texture": "#0"},
				"west": {"uv": [10, 9, 11, 10.5], "texture": "#0"},
				"up": {"uv": [11.5, 7, 10, 6], "texture": "#0"},
				"down": {"uv": [2.5, 10.5, 1, 11.5], "texture": "#0"}
			}
		},
		{
			"from": [10, 0, 10],
			"to": [12.5, 3, 13],
			"rotation": {"angle": 22.5, "axis": "y", "origin": [11, 1, 12]},
			"faces": {
				"north": {"uv": [3.5, 10, 4.5, 11.5], "texture": "#0"},
				"east": {"uv": [5, 2.5, 6.5, 4], "texture": "#0"},
				"south": {"uv": [4.5, 10, 5.5, 11.5], "texture": "#0"},
				"up": {"uv": [11, 6, 10, 4.5], "texture": "#0"},
				"down": {"uv": [6.5, 10, 5.5, 11.5], "texture": "#0"}
			}
		},
		{
			"from": [10, 0, 13],
			"to": [12, 2, 16],
			"rotation": {"angle": 22.5, "axis": "y", "origin": [11, 1, 12]},
			"faces": {
				"east": {"uv": [9.5, 8, 11, 9], "texture": "#0"},
				"south": {"uv": [11, 1, 12, 2], "texture": "#0"},
				"west": {"uv": [10, 2, 11.5, 3], "texture": "#0"},
				"up": {"uv": [3.5, 11.5, 2.5, 10], "texture": "#0"},
				"down": {"uv": [11, 3, 10, 4.5], "texture": "#0"}
			}
		},
		{
			"from": [10, 0, 6],
			"to": [13, 3, 8],
			"rotation": {"angle": -22.5, "axis": "y", "origin": [12, 1, 4]},
			"faces": {
				"north": {"uv": [8, 8, 9.5, 9.5], "texture": "#0"},
				"east": {"uv": [6.5, 10, 7.5, 11.5], "texture": "#0"},
				"south": {"uv": [0, 8.5, 1.5, 10], "texture": "#0"},
				"up": {"uv": [11.5, 7, 10, 6], "texture": "#0"},
				"down": {"uv": [2.5, 10.5, 1, 11.5], "texture": "#0"}
			}
		},
		{
			"from": [11, 0, 3],
			"to": [13, 2, 7],
			"rotation": {"angle": -22.5, "axis": "y", "origin": [12, 1, 4]},
			"faces": {
				"north": {"uv": [11, 5, 12, 6], "texture": "#0"},
				"east": {"uv": [9, 7, 11, 8], "texture": "#0"},
				"west": {"uv": [8, 9.5, 10, 10.5], "texture": "#0"},
				"up": {"uv": [1, 12, 0, 10], "texture": "#0"},
				"down": {"uv": [11, 0, 10, 2], "texture": "#0"}
			}
		},
		{
			"from": [7.5, 2.5, 13.5],
			"to": [8.5, 3.5, 15],
			"rotation": {"angle": -22.5, "axis": "x", "origin": [7, 2, 13.5]},
			"faces": {
				"east": {"uv": [1, 11.5, 2, 12], "texture": "#0"},
				"south": {"uv": [11.5, 3, 12, 3.5], "texture": "#0"},
				"west": {"uv": [2, 11.5, 3, 12], "texture": "#0"},
				"up": {"uv": [3, 9.5, 2.5, 8.5], "texture": "#0"},
				"down": {"uv": [12, 2, 11.5, 3], "texture": "#0"}
			}
		},
		{
			"from": [7, 1, 1.25],
			"to": [9, 2, 2.25],
			"rotation": {"angle": 0, "axis": "y", "origin": [7, 0, 0]},
			"faces": {
				"north": {"uv": [7.5, 13, 9, 14], "texture": "#0"},
				"east": {"uv": [6.5, 13, 7.5, 14], "texture": "#0"},
				"west": {"uv": [9, 13, 10, 14], "texture": "#0"},
				"up": {"uv": [10.5, 11.5, 9.5, 11], "texture": "#0"}
			}
		}
	],
	"display": {
		"thirdperson_righthand": {
			"rotation": [-4, 180, 0],
			"translation": [-1.75, 5.5, 4],
			"scale": [0.8, 0.8, 0.8]
		},
		"thirdperson_lefthand": {
			"rotation": [-4, 180, 0],
			"translation": [-1, 5.5, 4],
			"scale": [0.8, 0.8, 0.8]
		},
		"firstperson_righthand": {
			"rotation": [-36, 180, 0],
			"translation": [-8.75, 3, -9]
		},
		"firstperson_lefthand": {
			"rotation": [-36, 146, 0],
			"translation": [5.75, 3, -9]
		},
		"ground": {
			"translation": [0, 3, 0],
			"scale": [0.8, 0.8, 0.8]
		},
		"gui": {
			"rotation": [19, 149, 0],
			"translation": [-0.25, 5, 0],
			"scale": [0.95, 0.95, 0.95]
		},
		"head": {
			"translation": [0, 14, 0]
		},
		"fixed": {
			"rotation": [-90, 0, 0],
			"translation": [0, -0.25, -8.25]
		}
	}
}