{
	"credit": "Made with Blockbench",
	"texture_size": [64, 64],
	"textures": {
		"1": "item/capybara_texture",
		"particle": "item/block/blank"
	},
	"elements": [
		{
			"name": "head",
			"from": [6.35, 3, 0.75],
			"to": [9.6, 6.25, 5],
			"faces": {
				"north": {"uv": [2, 7.75, 3.5, 9.25], "texture": "#1"},
				"east": {"uv": [0, 7.75, 2, 9.25], "texture": "#1"},
				"south": {"uv": [5.75, 7.5, 7.25, 9], "texture": "#1"},
				"west": {"uv": [3.75, 7.75, 5.75, 9.25], "texture": "#1"},
				"up": {"uv": [2, 7.75, 3.5, 5.75], "texture": "#1"},
				"down": {"uv": [9.25, 6, 10.75, 8], "texture": "#1"}
			}
		},
		{
			"name": "front_right",
			"from": [9.5, 5.75, 4.25],
			"to": [10, 6.75, 5.25],
			"faces": {
				"north": {"uv": [1.25, 3, 1.5, 3.5], "texture": "#1"},
				"east": {"uv": [1.5, 3, 2, 3.5], "texture": "#1"},
				"south": {"uv": [2.75, 3, 3, 3.5], "texture": "#1"},
				"west": {"uv": [2.25, 3, 2.75, 3.5], "texture": "#1"},
				"up": {"uv": [2, 3, 2.25, 3.5], "texture": "#1"},
				"down": {"uv": [0.5, 3, 0.75, 3.5], "texture": "#1"}
			}
		},
		{
			"name": "front_right",
			"from": [6, 5.75, 4.25],
			"to": [6.5, 6.75, 5.25],
			"rotation": {"angle": 0, "axis": "y", "origin": [16, 0, 0]},
			"faces": {
				"north": {"uv": [1.5, 3, 1.25, 3.5], "texture": "#1"},
				"east": {"uv": [2.75, 3, 2.25, 3.5], "texture": "#1"},
				"south": {"uv": [3, 3, 2.75, 3.5], "texture": "#1"},
				"west": {"uv": [2, 3, 1.5, 3.5], "texture": "#1"},
				"up": {"uv": [2.25, 3, 2, 3.5], "texture": "#1"},
				"down": {"uv": [1.5, 3, 1.25, 3.5], "texture": "#1"}
			}
		},
		{
			"name": "body",
			"from": [5.5, 0.01, 3.75],
			"to": [10.5, 4.51, 13.25],
			"faces": {
				"north": {"uv": [3.75, 3.75, 5.75, 5.75], "texture": "#1"},
				"east": {"uv": [0, 3.75, 3.75, 5.75], "texture": "#1"},
				"south": {"uv": [9.5, 3.75, 11.5, 5.75], "texture": "#1"},
				"west": {"uv": [5.75, 3.75, 9.5, 5.75], "texture": "#1"},
				"up": {"uv": [3.75, 0, 5.75, 3.75], "texture": "#1"},
				"down": {"uv": [7.75, 0, 5.75, 3.75], "texture": "#1"}
			}
		},
		{
			"name": "front_right",
			"from": [10.25, 1, 2],
			"to": [12.25, 3, 5],
			"rotation": {"angle": -22.5, "axis": "x", "origin": [11.25, 3, 5]},
			"faces": {
				"north": {"uv": [0.5, 11.25, 1.25, 12], "rotation": 180, "texture": "#1"},
				"east": {"uv": [0, 9.75, 1, 11.25], "rotation": 270, "texture": "#1"},
				"south": {"uv": [0.75, 9, 1.5, 9.75], "texture": "#1"},
				"west": {"uv": [2, 9.75, 3, 11.25], "rotation": 90, "texture": "#1"},
				"up": {"uv": [1, 9.75, 2, 11.25], "rotation": 180, "texture": "#1"},
				"down": {"uv": [3, 9.75, 4, 11.25], "texture": "#1"}
			}
		},
		{
			"name": "back_left",
			"from": [3.75, 0, 11],
			"to": [5.75, 2, 14],
			"rotation": {"angle": -22.5, "axis": "y", "origin": [4.75, 3, 12]},
			"faces": {
				"north": {"uv": [1.5, 9.75, 0.75, 9], "rotation": 180, "texture": "#1"},
				"east": {"uv": [2, 9.75, 3, 11.25], "rotation": 90, "texture": "#1"},
				"south": {"uv": [1.25, 12, 0.5, 11.25], "texture": "#1"},
				"west": {"uv": [0, 9.75, 1, 11.25], "rotation": 270, "texture": "#1"},
				"up": {"uv": [1, 9.75, 2, 11.25], "texture": "#1"},
				"down": {"uv": [3, 9.75, 4, 11.25], "rotation": 180, "texture": "#1"}
			}
		},
		{
			"name": "back_right",
			"from": [10.25, 0, 11],
			"to": [12.25, 2, 14],
			"rotation": {"angle": 22.5, "axis": "y", "origin": [11.25, 3, 12]},
			"faces": {
				"north": {"uv": [0.75, 9.75, 1.5, 9], "rotation": 180, "texture": "#1"},
				"east": {"uv": [1, 9.75, 0, 11.25], "rotation": 90, "texture": "#1"},
				"south": {"uv": [0.5, 12, 1.25, 11.25], "texture": "#1"},
				"west": {"uv": [3, 9.75, 2, 11.25], "rotation": 270, "texture": "#1"},
				"up": {"uv": [2, 9.75, 1, 11.25], "texture": "#1"},
				"down": {"uv": [4, 9.75, 3, 11.25], "rotation": 180, "texture": "#1"}
			}
		},
		{
			"name": "front_left",
			"from": [3.75, 1, 2],
			"to": [5.75, 3, 5],
			"rotation": {"angle": -22.5, "axis": "x", "origin": [4.75, 3, 5]},
			"faces": {
				"north": {"uv": [1.25, 11.25, 0.5, 12], "rotation": 180, "texture": "#1"},
				"east": {"uv": [3, 9.75, 2, 11.25], "rotation": 270, "texture": "#1"},
				"south": {"uv": [1.5, 9, 0.75, 9.75], "texture": "#1"},
				"west": {"uv": [1, 9.75, 0, 11.25], "rotation": 90, "texture": "#1"},
				"up": {"uv": [2, 9.75, 1, 11.25], "rotation": 180, "texture": "#1"},
				"down": {"uv": [4, 9.75, 3, 11.25], "texture": "#1"}
			}
		}
	],
	"display": {
		"thirdperson_righthand": {
			"rotation": [177.89, 15.27, 177.29],
			"translation": [-1.5, 7.75, 2]
		},
		"thirdperson_lefthand": {
			"rotation": [0, 157, 0],
			"translation": [0, 8, 2]
		},
		"firstperson_righthand": {
			"rotation": [136, 47, 180],
			"translation": [-1.25, 4.5, -2],
			"scale": [0.8, 0.8, 0.8]
		},
		"firstperson_lefthand": {
			"rotation": [-23, 124, 0],
			"translation": [4, 5.5, -2],
			"scale": [0.8, 0.8, 0.8]
		},
		"ground": {
			"translation": [0, 3, 0],
			"scale": [0.8, 0.8, 0.8]
		},
		"gui": {
			"rotation": [19, 150, 0],
			"translation": [-0.5, 5.5, 0],
			"scale": [1.12, 1.12, 1.12]
		},
		"head": {
			"translation": [-0.25, 14.5, 0]
		},
		"fixed": {
			"rotation": [-90, 0, 0],
			"translation": [-0.5, -0.5, -20.25],
			"scale": [2.5, 2.5, 2.5]
		}
	},
	"groups": [
		{
			"name": "root",
			"origin": [0, 0, 0],
			"color": 0,
			"children": [
				{
					"name": "head",
					"origin": [0, 0, 0],
					"color": 0,
					"children": [
						0,
						{
							"name": "ears",
							"origin": [0, 0, 0],
							"color": 0,
							"children": [1, 2]
						}
					]
				},
				{
					"name": "body",
					"origin": [0, 0, 0],
					"color": 0,
					"children": [3]
				},
				{
					"name": "legs",
					"origin": [0, 0, 0],
					"color": 0,
					"children": [4, 5, 6, 7]
				}
			]
		}
	]
}