{
	"credit": "Made with Blockbench",
	"textures": {
		"0": "item/ceaselesswatcher",
		"particle": "item/ceaselesswatcher"
	},
	"elements": [
		{
			"from": [21, 0, 9],
			"to": [22, 1, 10],
			"rotation": {"angle": 0, "axis": "y", "origin": [20, 0, 8]},
			"faces": {
				"north": {"uv": [1, 5, 2, 6], "texture": "#0"},
				"east": {"uv": [3, 6, 4, 7], "texture": "#0"},
				"south": {"uv": [2, 9, 3, 10], "texture": "#0"},
				"west": {"uv": [9, 2, 10, 3], "texture": "#0"},
				"up": {"uv": [4, 10, 3, 9], "texture": "#0"},
				"down": {"uv": [10, 3, 9, 4], "texture": "#0"}
			}
		},
		{
			"from": [21, 0, 5],
			"to": [22, 1, 6],
			"rotation": {"angle": 0, "axis": "y", "origin": [20, 0, 4]},
			"faces": {
				"north": {"uv": [4, 9, 5, 10], "texture": "#0"},
				"east": {"uv": [9, 4, 10, 5], "texture": "#0"},
				"south": {"uv": [5, 9, 6, 10], "texture": "#0"},
				"west": {"uv": [9, 5, 10, 6], "texture": "#0"},
				"up": {"uv": [7, 10, 6, 9], "texture": "#0"},
				"down": {"uv": [10, 6, 9, 7], "texture": "#0"}
			}
		},
		{
			"from": [20, 0, 4],
			"to": [21, 1, 5],
			"rotation": {"angle": 0, "axis": "y", "origin": [19, 0, 3]},
			"faces": {
				"north": {"uv": [7, 9, 8, 10], "texture": "#0"},
				"east": {"uv": [9, 7, 10, 8], "texture": "#0"},
				"south": {"uv": [8, 9, 9, 10], "texture": "#0"},
				"west": {"uv": [9, 9, 10, 10], "texture": "#0"},
				"up": {"uv": [1, 11, 0, 10], "texture": "#0"},
				"down": {"uv": [11, 0, 10, 1], "texture": "#0"}
			}
		},
		{
			"from": [19, 0, 5],
			"to": [20, 1, 6],
			"rotation": {"angle": 0, "axis": "y", "origin": [18, 0, 4]},
			"faces": {
				"north": {"uv": [1, 10, 2, 11], "texture": "#0"},
				"east": {"uv": [10, 1, 11, 2], "texture": "#0"},
				"south": {"uv": [2, 10, 3, 11], "texture": "#0"},
				"west": {"uv": [10, 2, 11, 3], "texture": "#0"},
				"up": {"uv": [4, 11, 3, 10], "texture": "#0"},
				"down": {"uv": [11, 3, 10, 4], "texture": "#0"}
			}
		},
		{
			"from": [19, 0, 9],
			"to": [20, 1, 10],
			"rotation": {"angle": 0, "axis": "y", "origin": [18, 0, 8]},
			"faces": {
				"north": {"uv": [4, 10, 5, 11], "texture": "#0"},
				"east": {"uv": [10, 4, 11, 5], "texture": "#0"},
				"south": {"uv": [5, 10, 6, 11], "texture": "#0"},
				"west": {"uv": [10, 5, 11, 6], "texture": "#0"},
				"up": {"uv": [7, 11, 6, 10], "texture": "#0"},
				"down": {"uv": [11, 6, 10, 7], "texture": "#0"}
			}
		},
		{
			"from": [20, 0, 10],
			"to": [21, 1, 11],
			"rotation": {"angle": 0, "axis": "y", "origin": [19, 0, 9]},
			"faces": {
				"north": {"uv": [7, 10, 8, 11], "texture": "#0"},
				"east": {"uv": [10, 7, 11, 8], "texture": "#0"},
				"south": {"uv": [8, 10, 9, 11], "texture": "#0"},
				"west": {"uv": [10, 8, 11, 9], "texture": "#0"},
				"up": {"uv": [10, 11, 9, 10], "texture": "#0"},
				"down": {"uv": [11, 9, 10, 10], "texture": "#0"}
			}
		},
		{
			"from": [21, 0, 7],
			"to": [22, 1, 8],
			"rotation": {"angle": 0, "axis": "y", "origin": [20, 0, 6]},
			"faces": {
				"north": {"uv": [10, 10, 11, 11], "texture": "#0"},
				"east": {"uv": [0, 11, 1, 12], "texture": "#0"},
				"south": {"uv": [11, 0, 12, 1], "texture": "#0"},
				"west": {"uv": [1, 11, 2, 12], "texture": "#0"},
				"up": {"uv": [12, 2, 11, 1], "texture": "#0"},
				"down": {"uv": [3, 11, 2, 12], "texture": "#0"}
			}
		},
		{
			"from": [19, 0, 7],
			"to": [20, 1, 8],
			"rotation": {"angle": 0, "axis": "y", "origin": [18, 0, 6]},
			"faces": {
				"north": {"uv": [11, 2, 12, 3], "texture": "#0"},
				"east": {"uv": [3, 11, 4, 12], "texture": "#0"},
				"south": {"uv": [11, 3, 12, 4], "texture": "#0"},
				"west": {"uv": [4, 11, 5, 12], "texture": "#0"},
				"up": {"uv": [12, 5, 11, 4], "texture": "#0"},
				"down": {"uv": [6, 11, 5, 12], "texture": "#0"}
			}
		},
		{
			"from": [20, 0, 6],
			"to": [21, 1, 9],
			"rotation": {"angle": 0, "axis": "y", "origin": [19, 0, 7]},
			"faces": {
				"north": {"uv": [11, 5, 12, 6], "texture": "#0"},
				"east": {"uv": [0, 0, 3, 1], "texture": "#0"},
				"south": {"uv": [6, 11, 7, 12], "texture": "#0"},
				"west": {"uv": [0, 1, 3, 2], "texture": "#0"},
				"up": {"uv": [1, 5, 0, 2], "texture": "#0"},
				"down": {"uv": [2, 2, 1, 5], "texture": "#0"}
			}
		},
		{
			"from": [22, 0, 6],
			"to": [23, 1, 9],
			"rotation": {"angle": 0, "axis": "y", "origin": [21, 0, 7]},
			"faces": {
				"north": {"uv": [11, 6, 12, 7], "texture": "#0"},
				"east": {"uv": [2, 2, 5, 3], "texture": "#0"},
				"south": {"uv": [7, 11, 8, 12], "texture": "#0"},
				"west": {"uv": [3, 0, 6, 1], "texture": "#0"},
				"up": {"uv": [3, 6, 2, 3], "texture": "#0"},
				"down": {"uv": [4, 3, 3, 6], "texture": "#0"}
			}
		},
		{
			"from": [18, 0, 6],
			"to": [19, 1, 9],
			"rotation": {"angle": 0, "axis": "y", "origin": [17, 0, 7]},
			"faces": {
				"north": {"uv": [11, 7, 12, 8], "texture": "#0"},
				"east": {"uv": [3, 1, 6, 2], "texture": "#0"},
				"south": {"uv": [8, 11, 9, 12], "texture": "#0"},
				"west": {"uv": [4, 3, 7, 4], "texture": "#0"},
				"up": {"uv": [5, 7, 4, 4], "texture": "#0"},
				"down": {"uv": [1, 5, 0, 8], "texture": "#0"}
			}
		},
		{
			"from": [23.75, 0, 7.25],
			"to": [25.25, 1, 7.75],
			"rotation": {"angle": 0, "axis": "y", "origin": [22.75, 0, 6.5]},
			"faces": {
				"north": {"uv": [5, 2, 7, 3], "texture": "#0"},
				"east": {"uv": [11, 8, 12, 9], "texture": "#0"},
				"south": {"uv": [5, 4, 7, 5], "texture": "#0"},
				"west": {"uv": [9, 11, 10, 12], "texture": "#0"},
				"up": {"uv": [7, 6, 5, 5], "texture": "#0"},
				"down": {"uv": [8, 0, 6, 1], "texture": "#0"}
			}
		},
		{
			"from": [23.25, 0, 9.25],
			"to": [24.75, 1, 9.75],
			"rotation": {"angle": -22.5, "axis": "y", "origin": [22.25, 0, 8.25]},
			"faces": {
				"north": {"uv": [1, 6, 3, 7], "texture": "#0"},
				"east": {"uv": [11, 9, 12, 10], "texture": "#0"},
				"south": {"uv": [6, 1, 8, 2], "texture": "#0"},
				"west": {"uv": [10, 11, 11, 12], "texture": "#0"},
				"up": {"uv": [7, 7, 5, 6], "texture": "#0"},
				"down": {"uv": [3, 7, 1, 8], "texture": "#0"}
			}
		},
		{
			"from": [23, 0, 4],
			"to": [24.5, 1, 4.5],
			"rotation": {"angle": 22.5, "axis": "y", "origin": [25.5, 0, 5.25]},
			"faces": {
				"north": {"uv": [7, 2, 9, 3], "texture": "#0"},
				"east": {"uv": [11, 10, 12, 11], "texture": "#0"},
				"south": {"uv": [3, 7, 5, 8], "texture": "#0"},
				"west": {"uv": [11, 11, 12, 12], "texture": "#0"},
				"up": {"uv": [9, 4, 7, 3], "texture": "#0"},
				"down": {"uv": [9, 4, 7, 5], "texture": "#0"}
			}
		},
		{
			"from": [16.75, 0, 4.25],
			"to": [18.25, 1, 4.75],
			"rotation": {"angle": -22.5, "axis": "y", "origin": [15.75, 0, 3.5]},
			"faces": {
				"north": {"uv": [5, 7, 7, 8], "texture": "#0"},
				"east": {"uv": [0, 12, 1, 13], "texture": "#0"},
				"south": {"uv": [7, 5, 9, 6], "texture": "#0"},
				"west": {"uv": [12, 0, 13, 1], "texture": "#0"},
				"up": {"uv": [9, 7, 7, 6], "texture": "#0"},
				"down": {"uv": [9, 7, 7, 8], "texture": "#0"}
			}
		},
		{
			"from": [15.75, 0, 7.25],
			"to": [17.25, 1, 7.75],
			"rotation": {"angle": 0, "axis": "y", "origin": [14.75, 0, 6.5]},
			"faces": {
				"north": {"uv": [0, 8, 2, 9], "texture": "#0"},
				"east": {"uv": [1, 12, 2, 13], "texture": "#0"},
				"south": {"uv": [8, 0, 10, 1], "texture": "#0"},
				"west": {"uv": [12, 1, 13, 2], "texture": "#0"},
				"up": {"uv": [10, 2, 8, 1], "texture": "#0"},
				"down": {"uv": [4, 8, 2, 9], "texture": "#0"}
			}
		},
		{
			"from": [15.75, 0, 10.5],
			"to": [17.25, 1, 11],
			"rotation": {"angle": 22.5, "axis": "y", "origin": [14.75, 0, 9.5]},
			"faces": {
				"north": {"uv": [4, 8, 6, 9], "texture": "#0"},
				"east": {"uv": [2, 12, 3, 13], "texture": "#0"},
				"south": {"uv": [6, 8, 8, 9], "texture": "#0"},
				"west": {"uv": [12, 2, 13, 3], "texture": "#0"},
				"up": {"uv": [10, 9, 8, 8], "texture": "#0"},
				"down": {"uv": [2, 9, 0, 10], "texture": "#0"}
			}
		},
		{
			"from": [16, 0, 21],
			"to": [17, 1, 22],
			"rotation": {"angle": 0, "axis": "y", "origin": [15, 0, 20]},
			"faces": {
				"north": {"uv": [1, 5, 2, 6], "texture": "#0"},
				"east": {"uv": [3, 6, 4, 7], "texture": "#0"},
				"south": {"uv": [2, 9, 3, 10], "texture": "#0"},
				"west": {"uv": [9, 2, 10, 3], "texture": "#0"},
				"up": {"uv": [4, 10, 3, 9], "texture": "#0"},
				"down": {"uv": [10, 3, 9, 4], "texture": "#0"}
			}
		},
		{
			"from": [16, 0, 17],
			"to": [17, 1, 18],
			"rotation": {"angle": 0, "axis": "y", "origin": [15, 0, 16]},
			"faces": {
				"north": {"uv": [4, 9, 5, 10], "texture": "#0"},
				"east": {"uv": [9, 4, 10, 5], "texture": "#0"},
				"south": {"uv": [5, 9, 6, 10], "texture": "#0"},
				"west": {"uv": [9, 5, 10, 6], "texture": "#0"},
				"up": {"uv": [7, 10, 6, 9], "texture": "#0"},
				"down": {"uv": [10, 6, 9, 7], "texture": "#0"}
			}
		},
		{
			"from": [15, 0, 16],
			"to": [16, 1, 17],
			"rotation": {"angle": 0, "axis": "y", "origin": [14, 0, 15]},
			"faces": {
				"north": {"uv": [7, 9, 8, 10], "texture": "#0"},
				"east": {"uv": [9, 7, 10, 8], "texture": "#0"},
				"south": {"uv": [8, 9, 9, 10], "texture": "#0"},
				"west": {"uv": [9, 9, 10, 10], "texture": "#0"},
				"up": {"uv": [1, 11, 0, 10], "texture": "#0"},
				"down": {"uv": [11, 0, 10, 1], "texture": "#0"}
			}
		},
		{
			"from": [14, 0, 17],
			"to": [15, 1, 18],
			"rotation": {"angle": 0, "axis": "y", "origin": [13, 0, 16]},
			"faces": {
				"north": {"uv": [1, 10, 2, 11], "texture": "#0"},
				"east": {"uv": [10, 1, 11, 2], "texture": "#0"},
				"south": {"uv": [2, 10, 3, 11], "texture": "#0"},
				"west": {"uv": [10, 2, 11, 3], "texture": "#0"},
				"up": {"uv": [4, 11, 3, 10], "texture": "#0"},
				"down": {"uv": [11, 3, 10, 4], "texture": "#0"}
			}
		},
		{
			"from": [14, 0, 21],
			"to": [15, 1, 22],
			"rotation": {"angle": 0, "axis": "y", "origin": [13, 0, 20]},
			"faces": {
				"north": {"uv": [4, 10, 5, 11], "texture": "#0"},
				"east": {"uv": [10, 4, 11, 5], "texture": "#0"},
				"south": {"uv": [5, 10, 6, 11], "texture": "#0"},
				"west": {"uv": [10, 5, 11, 6], "texture": "#0"},
				"up": {"uv": [7, 11, 6, 10], "texture": "#0"},
				"down": {"uv": [11, 6, 10, 7], "texture": "#0"}
			}
		},
		{
			"from": [15, 0, 22],
			"to": [16, 1, 23],
			"rotation": {"angle": 0, "axis": "y", "origin": [14, 0, 21]},
			"faces": {
				"north": {"uv": [7, 10, 8, 11], "texture": "#0"},
				"east": {"uv": [10, 7, 11, 8], "texture": "#0"},
				"south": {"uv": [8, 10, 9, 11], "texture": "#0"},
				"west": {"uv": [10, 8, 11, 9], "texture": "#0"},
				"up": {"uv": [10, 11, 9, 10], "texture": "#0"},
				"down": {"uv": [11, 9, 10, 10], "texture": "#0"}
			}
		},
		{
			"from": [16, 0, 19],
			"to": [17, 1, 20],
			"rotation": {"angle": 0, "axis": "y", "origin": [15, 0, 18]},
			"faces": {
				"north": {"uv": [10, 10, 11, 11], "texture": "#0"},
				"east": {"uv": [0, 11, 1, 12], "texture": "#0"},
				"south": {"uv": [11, 0, 12, 1], "texture": "#0"},
				"west": {"uv": [1, 11, 2, 12], "texture": "#0"},
				"up": {"uv": [12, 2, 11, 1], "texture": "#0"},
				"down": {"uv": [3, 11, 2, 12], "texture": "#0"}
			}
		},
		{
			"from": [14, 0, 19],
			"to": [15, 1, 20],
			"rotation": {"angle": 0, "axis": "y", "origin": [13, 0, 18]},
			"faces": {
				"north": {"uv": [11, 2, 12, 3], "texture": "#0"},
				"east": {"uv": [3, 11, 4, 12], "texture": "#0"},
				"south": {"uv": [11, 3, 12, 4], "texture": "#0"},
				"west": {"uv": [4, 11, 5, 12], "texture": "#0"},
				"up": {"uv": [12, 5, 11, 4], "texture": "#0"},
				"down": {"uv": [6, 11, 5, 12], "texture": "#0"}
			}
		},
		{
			"from": [15, 0, 18],
			"to": [16, 1, 21],
			"rotation": {"angle": 0, "axis": "y", "origin": [14, 0, 19]},
			"faces": {
				"north": {"uv": [11, 5, 12, 6], "texture": "#0"},
				"east": {"uv": [0, 0, 3, 1], "texture": "#0"},
				"south": {"uv": [6, 11, 7, 12], "texture": "#0"},
				"west": {"uv": [0, 1, 3, 2], "texture": "#0"},
				"up": {"uv": [1, 5, 0, 2], "texture": "#0"},
				"down": {"uv": [2, 2, 1, 5], "texture": "#0"}
			}
		},
		{
			"from": [17, 0, 18],
			"to": [18, 1, 21],
			"rotation": {"angle": 0, "axis": "y", "origin": [16, 0, 19]},
			"faces": {
				"north": {"uv": [11, 6, 12, 7], "texture": "#0"},
				"east": {"uv": [2, 2, 5, 3], "texture": "#0"},
				"south": {"uv": [7, 11, 8, 12], "texture": "#0"},
				"west": {"uv": [3, 0, 6, 1], "texture": "#0"},
				"up": {"uv": [3, 6, 2, 3], "texture": "#0"},
				"down": {"uv": [4, 3, 3, 6], "texture": "#0"}
			}
		},
		{
			"from": [13, 0, 18],
			"to": [14, 1, 21],
			"rotation": {"angle": 0, "axis": "y", "origin": [12, 0, 19]},
			"faces": {
				"north": {"uv": [11, 7, 12, 8], "texture": "#0"},
				"east": {"uv": [3, 1, 6, 2], "texture": "#0"},
				"south": {"uv": [8, 11, 9, 12], "texture": "#0"},
				"west": {"uv": [4, 3, 7, 4], "texture": "#0"},
				"up": {"uv": [5, 7, 4, 4], "texture": "#0"},
				"down": {"uv": [1, 5, 0, 8], "texture": "#0"}
			}
		},
		{
			"from": [18.75, 0, 19.25],
			"to": [20.25, 1, 19.75],
			"rotation": {"angle": 0, "axis": "y", "origin": [17.75, 0, 18.5]},
			"faces": {
				"north": {"uv": [5, 2, 7, 3], "texture": "#0"},
				"east": {"uv": [11, 8, 12, 9], "texture": "#0"},
				"south": {"uv": [5, 4, 7, 5], "texture": "#0"},
				"west": {"uv": [9, 11, 10, 12], "texture": "#0"},
				"up": {"uv": [7, 6, 5, 5], "texture": "#0"},
				"down": {"uv": [8, 0, 6, 1], "texture": "#0"}
			}
		},
		{
			"from": [18.25, 0, 21.25],
			"to": [19.75, 1, 21.75],
			"rotation": {"angle": -22.5, "axis": "y", "origin": [17.25, 0, 20.25]},
			"faces": {
				"north": {"uv": [1, 6, 3, 7], "texture": "#0"},
				"east": {"uv": [11, 9, 12, 10], "texture": "#0"},
				"south": {"uv": [6, 1, 8, 2], "texture": "#0"},
				"west": {"uv": [10, 11, 11, 12], "texture": "#0"},
				"up": {"uv": [7, 7, 5, 6], "texture": "#0"},
				"down": {"uv": [3, 7, 1, 8], "texture": "#0"}
			}
		},
		{
			"from": [18, 0, 16],
			"to": [19.5, 1, 16.5],
			"rotation": {"angle": 22.5, "axis": "y", "origin": [20.5, 0, 17.25]},
			"faces": {
				"north": {"uv": [7, 2, 9, 3], "texture": "#0"},
				"east": {"uv": [11, 10, 12, 11], "texture": "#0"},
				"south": {"uv": [3, 7, 5, 8], "texture": "#0"},
				"west": {"uv": [11, 11, 12, 12], "texture": "#0"},
				"up": {"uv": [9, 4, 7, 3], "texture": "#0"},
				"down": {"uv": [9, 4, 7, 5], "texture": "#0"}
			}
		},
		{
			"from": [11.75, 0, 16.25],
			"to": [13.25, 1, 16.75],
			"rotation": {"angle": -22.5, "axis": "y", "origin": [10.75, 0, 15.5]},
			"faces": {
				"north": {"uv": [5, 7, 7, 8], "texture": "#0"},
				"east": {"uv": [0, 12, 1, 13], "texture": "#0"},
				"south": {"uv": [7, 5, 9, 6], "texture": "#0"},
				"west": {"uv": [12, 0, 13, 1], "texture": "#0"},
				"up": {"uv": [9, 7, 7, 6], "texture": "#0"},
				"down": {"uv": [9, 7, 7, 8], "texture": "#0"}
			}
		},
		{
			"from": [10.75, 0, 19.25],
			"to": [12.25, 1, 19.75],
			"rotation": {"angle": 0, "axis": "y", "origin": [9.75, 0, 18.5]},
			"faces": {
				"north": {"uv": [0, 8, 2, 9], "texture": "#0"},
				"east": {"uv": [1, 12, 2, 13], "texture": "#0"},
				"south": {"uv": [8, 0, 10, 1], "texture": "#0"},
				"west": {"uv": [12, 1, 13, 2], "texture": "#0"},
				"up": {"uv": [10, 2, 8, 1], "texture": "#0"},
				"down": {"uv": [4, 8, 2, 9], "texture": "#0"}
			}
		},
		{
			"from": [10.75, 0, 22.5],
			"to": [12.25, 1, 23],
			"rotation": {"angle": 22.5, "axis": "y", "origin": [9.75, 0, 21.5]},
			"faces": {
				"north": {"uv": [4, 8, 6, 9], "texture": "#0"},
				"east": {"uv": [2, 12, 3, 13], "texture": "#0"},
				"south": {"uv": [6, 8, 8, 9], "texture": "#0"},
				"west": {"uv": [12, 2, 13, 3], "texture": "#0"},
				"up": {"uv": [10, 9, 8, 8], "texture": "#0"},
				"down": {"uv": [2, 9, 0, 10], "texture": "#0"}
			}
		},
		{
			"from": [16, 0, -2],
			"to": [17, 1, -1],
			"rotation": {"angle": 0, "axis": "y", "origin": [15, 0, -3]},
			"faces": {
				"north": {"uv": [1, 5, 2, 6], "texture": "#0"},
				"east": {"uv": [3, 6, 4, 7], "texture": "#0"},
				"south": {"uv": [2, 9, 3, 10], "texture": "#0"},
				"west": {"uv": [9, 2, 10, 3], "texture": "#0"},
				"up": {"uv": [4, 10, 3, 9], "texture": "#0"},
				"down": {"uv": [10, 3, 9, 4], "texture": "#0"}
			}
		},
		{
			"from": [16, 0, -6],
			"to": [17, 1, -5],
			"rotation": {"angle": 0, "axis": "y", "origin": [15, 0, -7]},
			"faces": {
				"north": {"uv": [4, 9, 5, 10], "texture": "#0"},
				"east": {"uv": [9, 4, 10, 5], "texture": "#0"},
				"south": {"uv": [5, 9, 6, 10], "texture": "#0"},
				"west": {"uv": [9, 5, 10, 6], "texture": "#0"},
				"up": {"uv": [7, 10, 6, 9], "texture": "#0"},
				"down": {"uv": [10, 6, 9, 7], "texture": "#0"}
			}
		},
		{
			"from": [15, 0, -7],
			"to": [16, 1, -6],
			"rotation": {"angle": 0, "axis": "y", "origin": [14, 0, -8]},
			"faces": {
				"north": {"uv": [7, 9, 8, 10], "texture": "#0"},
				"east": {"uv": [9, 7, 10, 8], "texture": "#0"},
				"south": {"uv": [8, 9, 9, 10], "texture": "#0"},
				"west": {"uv": [9, 9, 10, 10], "texture": "#0"},
				"up": {"uv": [1, 11, 0, 10], "texture": "#0"},
				"down": {"uv": [11, 0, 10, 1], "texture": "#0"}
			}
		},
		{
			"from": [14, 0, -6],
			"to": [15, 1, -5],
			"rotation": {"angle": 0, "axis": "y", "origin": [13, 0, -7]},
			"faces": {
				"north": {"uv": [1, 10, 2, 11], "texture": "#0"},
				"east": {"uv": [10, 1, 11, 2], "texture": "#0"},
				"south": {"uv": [2, 10, 3, 11], "texture": "#0"},
				"west": {"uv": [10, 2, 11, 3], "texture": "#0"},
				"up": {"uv": [4, 11, 3, 10], "texture": "#0"},
				"down": {"uv": [11, 3, 10, 4], "texture": "#0"}
			}
		},
		{
			"from": [14, 0, -2],
			"to": [15, 1, -1],
			"rotation": {"angle": 0, "axis": "y", "origin": [13, 0, -3]},
			"faces": {
				"north": {"uv": [4, 10, 5, 11], "texture": "#0"},
				"east": {"uv": [10, 4, 11, 5], "texture": "#0"},
				"south": {"uv": [5, 10, 6, 11], "texture": "#0"},
				"west": {"uv": [10, 5, 11, 6], "texture": "#0"},
				"up": {"uv": [7, 11, 6, 10], "texture": "#0"},
				"down": {"uv": [11, 6, 10, 7], "texture": "#0"}
			}
		},
		{
			"from": [15, 0, -1],
			"to": [16, 1, 0],
			"rotation": {"angle": 0, "axis": "y", "origin": [14, 0, -2]},
			"faces": {
				"north": {"uv": [7, 10, 8, 11], "texture": "#0"},
				"east": {"uv": [10, 7, 11, 8], "texture": "#0"},
				"south": {"uv": [8, 10, 9, 11], "texture": "#0"},
				"west": {"uv": [10, 8, 11, 9], "texture": "#0"},
				"up": {"uv": [10, 11, 9, 10], "texture": "#0"},
				"down": {"uv": [11, 9, 10, 10], "texture": "#0"}
			}
		},
		{
			"from": [16, 0, -4],
			"to": [17, 1, -3],
			"rotation": {"angle": 0, "axis": "y", "origin": [15, 0, -5]},
			"faces": {
				"north": {"uv": [10, 10, 11, 11], "texture": "#0"},
				"east": {"uv": [0, 11, 1, 12], "texture": "#0"},
				"south": {"uv": [11, 0, 12, 1], "texture": "#0"},
				"west": {"uv": [1, 11, 2, 12], "texture": "#0"},
				"up": {"uv": [12, 2, 11, 1], "texture": "#0"},
				"down": {"uv": [3, 11, 2, 12], "texture": "#0"}
			}
		},
		{
			"from": [14, 0, -4],
			"to": [15, 1, -3],
			"rotation": {"angle": 0, "axis": "y", "origin": [13, 0, -5]},
			"faces": {
				"north": {"uv": [11, 2, 12, 3], "texture": "#0"},
				"east": {"uv": [3, 11, 4, 12], "texture": "#0"},
				"south": {"uv": [11, 3, 12, 4], "texture": "#0"},
				"west": {"uv": [4, 11, 5, 12], "texture": "#0"},
				"up": {"uv": [12, 5, 11, 4], "texture": "#0"},
				"down": {"uv": [6, 11, 5, 12], "texture": "#0"}
			}
		},
		{
			"from": [15, 0, -5],
			"to": [16, 1, -2],
			"rotation": {"angle": 0, "axis": "y", "origin": [14, 0, -4]},
			"faces": {
				"north": {"uv": [11, 5, 12, 6], "texture": "#0"},
				"east": {"uv": [0, 0, 3, 1], "texture": "#0"},
				"south": {"uv": [6, 11, 7, 12], "texture": "#0"},
				"west": {"uv": [0, 1, 3, 2], "texture": "#0"},
				"up": {"uv": [1, 5, 0, 2], "texture": "#0"},
				"down": {"uv": [2, 2, 1, 5], "texture": "#0"}
			}
		},
		{
			"from": [17, 0, -5],
			"to": [18, 1, -2],
			"rotation": {"angle": 0, "axis": "y", "origin": [16, 0, -4]},
			"faces": {
				"north": {"uv": [11, 6, 12, 7], "texture": "#0"},
				"east": {"uv": [2, 2, 5, 3], "texture": "#0"},
				"south": {"uv": [7, 11, 8, 12], "texture": "#0"},
				"west": {"uv": [3, 0, 6, 1], "texture": "#0"},
				"up": {"uv": [3, 6, 2, 3], "texture": "#0"},
				"down": {"uv": [4, 3, 3, 6], "texture": "#0"}
			}
		},
		{
			"from": [13, 0, -5],
			"to": [14, 1, -2],
			"rotation": {"angle": 0, "axis": "y", "origin": [12, 0, -4]},
			"faces": {
				"north": {"uv": [11, 7, 12, 8], "texture": "#0"},
				"east": {"uv": [3, 1, 6, 2], "texture": "#0"},
				"south": {"uv": [8, 11, 9, 12], "texture": "#0"},
				"west": {"uv": [4, 3, 7, 4], "texture": "#0"},
				"up": {"uv": [5, 7, 4, 4], "texture": "#0"},
				"down": {"uv": [1, 5, 0, 8], "texture": "#0"}
			}
		},
		{
			"from": [18.75, 0, -3.75],
			"to": [20.25, 1, -3.25],
			"rotation": {"angle": 0, "axis": "y", "origin": [17.75, 0, -4.5]},
			"faces": {
				"north": {"uv": [5, 2, 7, 3], "texture": "#0"},
				"east": {"uv": [11, 8, 12, 9], "texture": "#0"},
				"south": {"uv": [5, 4, 7, 5], "texture": "#0"},
				"west": {"uv": [9, 11, 10, 12], "texture": "#0"},
				"up": {"uv": [7, 6, 5, 5], "texture": "#0"},
				"down": {"uv": [8, 0, 6, 1], "texture": "#0"}
			}
		},
		{
			"from": [18.25, 0, -1.75],
			"to": [19.75, 1, -1.25],
			"rotation": {"angle": -22.5, "axis": "y", "origin": [17.25, 0, -2.75]},
			"faces": {
				"north": {"uv": [1, 6, 3, 7], "texture": "#0"},
				"east": {"uv": [11, 9, 12, 10], "texture": "#0"},
				"south": {"uv": [6, 1, 8, 2], "texture": "#0"},
				"west": {"uv": [10, 11, 11, 12], "texture": "#0"},
				"up": {"uv": [7, 7, 5, 6], "texture": "#0"},
				"down": {"uv": [3, 7, 1, 8], "texture": "#0"}
			}
		},
		{
			"from": [18, 0, -7],
			"to": [19.5, 1, -6.5],
			"rotation": {"angle": 22.5, "axis": "y", "origin": [20.5, 0, -5.75]},
			"faces": {
				"north": {"uv": [7, 2, 9, 3], "texture": "#0"},
				"east": {"uv": [11, 10, 12, 11], "texture": "#0"},
				"south": {"uv": [3, 7, 5, 8], "texture": "#0"},
				"west": {"uv": [11, 11, 12, 12], "texture": "#0"},
				"up": {"uv": [9, 4, 7, 3], "texture": "#0"},
				"down": {"uv": [9, 4, 7, 5], "texture": "#0"}
			}
		},
		{
			"from": [11.75, 0, -6.75],
			"to": [13.25, 1, -6.25],
			"rotation": {"angle": -22.5, "axis": "y", "origin": [10.75, 0, -7.5]},
			"faces": {
				"north": {"uv": [5, 7, 7, 8], "texture": "#0"},
				"east": {"uv": [0, 12, 1, 13], "texture": "#0"},
				"south": {"uv": [7, 5, 9, 6], "texture": "#0"},
				"west": {"uv": [12, 0, 13, 1], "texture": "#0"},
				"up": {"uv": [9, 7, 7, 6], "texture": "#0"},
				"down": {"uv": [9, 7, 7, 8], "texture": "#0"}
			}
		},
		{
			"from": [10.75, 0, -3.75],
			"to": [12.25, 1, -3.25],
			"rotation": {"angle": 0, "axis": "y", "origin": [9.75, 0, -4.5]},
			"faces": {
				"north": {"uv": [0, 8, 2, 9], "texture": "#0"},
				"east": {"uv": [1, 12, 2, 13], "texture": "#0"},
				"south": {"uv": [8, 0, 10, 1], "texture": "#0"},
				"west": {"uv": [12, 1, 13, 2], "texture": "#0"},
				"up": {"uv": [10, 2, 8, 1], "texture": "#0"},
				"down": {"uv": [4, 8, 2, 9], "texture": "#0"}
			}
		},
		{
			"from": [10.75, 0, -0.5],
			"to": [12.25, 1, 0],
			"rotation": {"angle": 22.5, "axis": "y", "origin": [9.75, 0, -1.5]},
			"faces": {
				"north": {"uv": [4, 8, 6, 9], "texture": "#0"},
				"east": {"uv": [2, 12, 3, 13], "texture": "#0"},
				"south": {"uv": [6, 8, 8, 9], "texture": "#0"},
				"west": {"uv": [12, 2, 13, 3], "texture": "#0"},
				"up": {"uv": [10, 9, 8, 8], "texture": "#0"},
				"down": {"uv": [2, 9, 0, 10], "texture": "#0"}
			}
		}
	],
	"display": {
		"ground": {
			"translation": [0, 5.5, 0]
		},
		"gui": {
			"rotation": [91.48, -70.74, 179.64],
			"translation": [1.25, -3.75, 0],
			"scale": [0.54883, 0.54883, 0.54883]
		},
		"head": {
			"rotation": [-180, -89, -89.75],
			"translation": [-0.25, 1.25, -4]
		},
		"fixed": {
			"rotation": [176.63, 87.51, -86.64],
			"translation": [0, -8, 5.25]
		}
	},
	"groups": [
		{
			"name": "Eye",
			"origin": [4.75, 0, 5.5],
			"color": 0,
			"children": [
				0,
				1,
				2,
				3,
				4,
				5,
				6,
				7,
				8,
				9,
				10,
				11,
				12,
				13,
				14,
				15,
				16,
				{
					"name": "Eye",
					"origin": [4.75, 0, 5.5],
					"color": 0,
					"children": [
						17,
						18,
						19,
						20,
						21,
						22,
						23,
						24,
						25,
						26,
						27,
						28,
						29,
						30,
						31,
						32,
						33,
						{
							"name": "Eye",
							"origin": [4.75, 0, 5.5],
							"color": 0,
							"children": [34, 35, 36, 37, 38, 39, 40, 41, 42, 43, 44, 45, 46, 47, 48, 49, 50]
						}
					]
				}
			]
		}
	]
}