{
	"credit": "Made with Blockbench",
	"texture_size": [32, 32],
	"textures": {
		"0": "item/clucky_texture",
		"particle": "item/block/blank"
	},
	"elements": [
		{
			"name": "Body",
			"from": [6, 1, 5],
			"to": [10, 4, 10],
			"rotation": {"angle": 0, "axis": "y", "origin": [8, 1, 7]},
			"faces": {
				"north": {"uv": [13, 6, 16, 8.5], "texture": "#0"},
				"east": {"uv": [9.5, 8.5, 13, 11], "texture": "#0"},
				"south": {"uv": [13, 8.5, 16, 11], "texture": "#0"},
				"west": {"uv": [9.5, 6, 13, 8.5], "texture": "#0"},
				"up": {"uv": [15.97, 5.97, 13.03, 2.53], "texture": "#0"}
			}
		},
		{
			"name": "HayPile",
			"from": [6, 1, 4],
			"to": [12, 1, 10],
			"rotation": {"angle": 22.5, "axis": "z", "origin": [9, 1, 7]},
			"faces": {
				"up": {"uv": [15.97, 15.97, 11.03, 11.03], "texture": "#0"},
				"down": {"uv": [15.97, 11.03, 11.03, 15.97], "texture": "#0"}
			}
		},
		{
			"name": "HayPile",
			"from": [4, 1, 4],
			"to": [10, 1, 10],
			"rotation": {"angle": -22.5, "axis": "z", "origin": [7, 1, 7]},
			"faces": {
				"up": {"uv": [15.97, 15.97, 11.03, 11.03], "texture": "#0"},
				"down": {"uv": [15.97, 11.03, 11.03, 15.97], "texture": "#0"}
			}
		},
		{
			"name": "HayPile",
			"from": [5, 0, 5],
			"to": [11, 0, 11],
			"rotation": {"angle": -22.5, "axis": "x", "origin": [9, 1, 6]},
			"faces": {
				"up": {"uv": [15.97, 15.97, 11.03, 11.03], "texture": "#0"},
				"down": {"uv": [15.97, 11.03, 11.03, 15.97], "texture": "#0"}
			}
		},
		{
			"name": "HayPile",
			"from": [5, 1, 3],
			"to": [11, 1, 9],
			"rotation": {"angle": 22.5, "axis": "x", "origin": [7, 1, 6]},
			"faces": {
				"up": {"uv": [15.97, 15.97, 11.03, 11.03], "texture": "#0"},
				"down": {"uv": [15.97, 11.03, 11.03, 15.97], "texture": "#0"}
			}
		},
		{
			"name": "Box",
			"from": [4, 0, 4],
			"to": [12, 1, 11],
			"rotation": {"angle": 0, "axis": "y", "origin": [8, 0, 7]},
			"faces": {
				"north": {"uv": [0, 8, 4, 8.5], "texture": "#0"},
				"east": {"uv": [0.5, 8.5, 4, 9], "texture": "#0"},
				"south": {"uv": [0, 7.5, 4, 8], "texture": "#0"},
				"west": {"uv": [0, 7, 3.5, 7.5], "texture": "#0"},
				"up": {"uv": [3.97, 3.47, 0.03, 0.03], "texture": "#0"},
				"down": {"uv": [3.97, 3.53, 0.03, 6.97], "texture": "#0", "cullface": "down"}
			}
		},
		{
			"name": "Tail",
			"from": [7, 1, 9],
			"to": [9, 4, 13],
			"rotation": {"angle": -45, "axis": "x", "origin": [7, 2, 9]},
			"faces": {
				"east": {"uv": [7.5, 0, 11, 3], "texture": "#0"},
				"south": {"uv": [0, 9.5, 1, 11], "texture": "#0"},
				"west": {"uv": [7.5, 3, 11, 6], "texture": "#0"},
				"up": {"uv": [7.47, 7.47, 5.03, 4.03], "texture": "#0"},
				"down": {"uv": [7.47, 0.53, 5.03, 3.97], "texture": "#0"}
			}
		},
		{
			"name": "Wing_1",
			"from": [10, 2, 6],
			"to": [11, 4, 10],
			"rotation": {"angle": 0, "axis": "y", "origin": [8, 1, 7]},
			"faces": {
				"north": {"uv": [2.5, 9.5, 3.5, 11.5], "texture": "#0"},
				"east": {"uv": [3.5, 9.5, 6.5, 11.5], "texture": "#0"},
				"south": {"uv": [2.5, 11.5, 3.5, 13.5], "texture": "#0"},
				"up": {"uv": [7.47, 10.47, 6.53, 7.53], "texture": "#0"},
				"down": {"uv": [7.47, 10.53, 6.53, 13.47], "texture": "#0"}
			}
		},
		{
			"name": "Wing_2",
			"from": [5, 2, 5.5],
			"to": [6, 4, 9.5],
			"rotation": {"angle": 0, "axis": "y", "origin": [6, 2, 6]},
			"faces": {
				"north": {"uv": [2.5, 9.5, 3.5, 11.5], "texture": "#0"},
				"south": {"uv": [2.5, 11.5, 3.5, 13.5], "texture": "#0"},
				"west": {"uv": [3.5, 11.5, 6.5, 13.5], "texture": "#0"},
				"up": {"uv": [7.47, 10.47, 6.53, 7.53], "texture": "#0"},
				"down": {"uv": [7.47, 10.53, 6.53, 13.47], "texture": "#0"}
			}
		},
		{
			"name": "Head",
			"from": [7, 3, 4],
			"to": [9, 6, 6],
			"rotation": {"angle": 0, "axis": "y", "origin": [8, 1, 7]},
			"faces": {
				"north": {"uv": [4.5, 13.5, 6, 16], "texture": "#0"},
				"east": {"uv": [6, 13.5, 7.5, 16], "texture": "#0"},
				"south": {"uv": [3, 13.5, 4.5, 16], "texture": "#0"},
				"west": {"uv": [7.5, 13.5, 9, 16], "texture": "#0"},
				"up": {"uv": [8.97, 11.97, 7.53, 10.53], "texture": "#0"},
				"down": {"uv": [8.97, 12.03, 7.53, 13.47], "texture": "#0"}
			}
		},
		{
			"name": "Head thing",
			"from": [8, 4.75, 3.25],
			"to": [8, 6.75, 6],
			"rotation": {"angle": 0, "axis": "y", "origin": [8, 0.75, 7.25]},
			"faces": {
				"east": {"uv": [16, 0, 13, 2], "texture": "#0"},
				"west": {"uv": [13, 0, 16, 2], "texture": "#0"}
			}
		},
		{
			"name": "Beak",
			"from": [7, 4, 3],
			"to": [9, 5, 4],
			"rotation": {"angle": 0, "axis": "y", "origin": [8, 1, 7]},
			"faces": {
				"north": {"uv": [9.5, 12, 11, 13], "texture": "#0"},
				"east": {"uv": [10, 15, 11, 16], "texture": "#0"},
				"west": {"uv": [9, 15, 10, 16], "texture": "#0"},
				"up": {"uv": [10.97, 11.97, 9.53, 11.03], "texture": "#0"},
				"down": {"uv": [10.97, 14.03, 9.53, 14.97], "texture": "#0"}
			}
		}
	],
	"display": {
		"thirdperson_righthand": {
			"rotation": [57.75, 0, 0],
			"translation": [-4, 3, 9],
			"scale": [1.2, 1.2, 1.2]
		},
		"thirdperson_lefthand": {
			"rotation": [57.75, 0, 0],
			"translation": [-4, 3, 9],
			"scale": [1.2, 1.2, 1.2]
		},
		"firstperson_righthand": {
			"rotation": [0, 180, 0],
			"translation": [-9, 7.75, 1],
			"scale": [0.8, 0.8, 0.8]
		},
		"firstperson_lefthand": {
			"rotation": [0, 129, 0],
			"translation": [1.25, 7.25, 1],
			"scale": [0.8, 0.8, 0.8]
		},
		"ground": {
			"translation": [0, 3, 0],
			"scale": [0.8, 0.8, 0.8]
		},
		"gui": {
			"rotation": [19, 149, 0],
			"translation": [-0.25, 7.25, 0],
			"scale": [1.4, 1.4, 1.4]
		},
		"head": {
			"translation": [0, 17.75, 0.75],
			"scale": [1.5, 1.5, 1.5]
		},
		"fixed": {
			"rotation": [-90, 0, 0],
			"translation": [0.5, 1.25, -24.25],
			"scale": [3, 3, 3]
		}
	},
	"groups": [
		0,
		1,
		2,
		3,
		4,
		5,
		{
			"name": "Tail",
			"origin": [0, 1, 0],
			"color": 0,
			"children": [6]
		},
		{
			"name": "Wing",
			"origin": [2, 2, -1],
			"color": 0,
			"children": [7]
		},
		{
			"name": "Wing_2",
			"origin": [-2, 2, -1],
			"color": 0,
			"children": [8]
		},
		{
			"name": "Head",
			"origin": [0, 3, -2],
			"color": 0,
			"children": [9, 10, 11]
		}
	]
}