{
	"credit": "by Cheharka",
	"textures": {
		"0": "item/colt",
		"particle": "item/colt"
	},
	"elements": [
		{
			"from": [4, 1, 8],
			"to": [6, 5, 10],
			"faces": {
				"north": {"uv": [2, 6, 0, 10], "texture": "#0"},
				"east": {"uv": [4, 4, 6, 8], "texture": "#0"},
				"south": {"uv": [0, 6, 2, 10], "texture": "#0"},
				"west": {"uv": [6, 0, 8, 4], "texture": "#0"},
				"up": {"uv": [12, 4, 10, 2], "texture": "#0"},
				"down": {"uv": [6, 10, 4, 12], "texture": "#0"}
			}
		},
		{
			"from": [4, 5, 9],
			"to": [6, 7, 9],
			"rotation": {"angle": 0, "axis": "z", "origin": [6, 5, 9]},
			"faces": {
				"north": {"uv": [10, 4, 12, 6], "texture": "#0"},
				"east": {"uv": [0, 0, 0, 2], "texture": "#0"},
				"south": {"uv": [12, 4, 10, 6], "texture": "#0"},
				"west": {"uv": [0, 0, 0, 2], "texture": "#0"},
				"up": {"uv": [2, 0, 0, 0], "texture": "#0"},
				"down": {"uv": [2, 0, 0, 0], "texture": "#0"}
			}
		},
		{
			"from": [10, 6, 9],
			"to": [12, 8, 9],
			"faces": {
				"north": {"uv": [11, 6, 13, 8], "texture": "#0"},
				"east": {"uv": [0, 0, 0, 2], "texture": "#0"},
				"south": {"uv": [13, 6, 11, 8], "texture": "#0"},
				"west": {"uv": [0, 0, 0, 2], "texture": "#0"},
				"up": {"uv": [2, 0, 0, 0], "texture": "#0"},
				"down": {"uv": [2, 0, 0, 0], "texture": "#0"}
			}
		},
		{
			"from": [6, 2, 9],
			"to": [8, 4, 9],
			"faces": {
				"north": {"uv": [10, 6, 12, 8], "texture": "#0"},
				"east": {"uv": [0, 0, 0, 2], "texture": "#0"},
				"south": {"uv": [12, 6, 10, 8], "texture": "#0"},
				"west": {"uv": [0, 0, 0, 2], "texture": "#0"},
				"up": {"uv": [2, 0, 0, 0], "texture": "#0"},
				"down": {"uv": [2, 0, 0, 0], "texture": "#0"}
			}
		},
		{
			"from": [6, 3, 8],
			"to": [10, 6, 10],
			"rotation": {"angle": 0, "axis": "x", "origin": [8, 4.5, 9]},
			"faces": {
				"north": {"uv": [4, 0, 0, 3], "rotation": 180, "texture": "#0"},
				"east": {"uv": [2, 6, 4, 9], "rotation": 180, "texture": "#0"},
				"south": {"uv": [0, 3, 4, 6], "rotation": 180, "texture": "#0"},
				"west": {"uv": [8, 0, 10, 3], "rotation": 180, "texture": "#0"},
				"up": {"uv": [10, 6, 6, 8], "texture": "#0"},
				"down": {"uv": [10, 6, 6, 4], "texture": "#0"}
			}
		},
		{
			"from": [10, 4, 8],
			"to": [12, 6, 10],
			"faces": {
				"north": {"uv": [4, 8, 6, 10], "texture": "#0"},
				"east": {"uv": [6, 8, 8, 10], "texture": "#0"},
				"south": {"uv": [6, 8, 4, 10], "texture": "#0"},
				"west": {"uv": [2, 9, 4, 11], "texture": "#0"},
				"up": {"uv": [2, 12, 0, 10], "texture": "#0"},
				"down": {"uv": [12, 0, 10, 2], "texture": "#0"}
			}
		}
	],
	"display": {
		"thirdperson_righthand": {
			"rotation": [0, 90, 0],
			"translation": [-1, 4.75, -1.25]
		},
		"thirdperson_lefthand": {
			"rotation": [0, -90, 0],
			"translation": [1, 4.75, -1.25]
		},
		"firstperson_righthand": {
			"rotation": [0, 82, 0],
			"translation": [-3.75, 8, 0]
		},
		"firstperson_lefthand": {
			"rotation": [0, -92, 0],
			"translation": [-1.5, 7.75, -0.5]
		},
		"ground": {
			"rotation": [90, 0, 0],
			"scale": [0.77, 0.77, 0.77]
		},
		"gui": {
			"rotation": [35, 135, 0],
			"translation": [-1.25, 5.25, 0],
			"scale": [1.64, 1.64, 1.65]
		},
		"head": {
			"translation": [0, 0, -11.5]
		},
		"fixed": {
			"rotation": [0, -180, 45],
			"translation": [3.5, 4.5, 0.25],
			"scale": [1.41, 1.41, 1.41]
		}
	}
}