{
	"format_version": "1.21.6",
	"credit": "Made with Blockbench",
	"textures": {
		"0": "item/coppergolemantenna",
		"particle": "item/coppergolemantenna"
	},
	"elements": [
		{
			"from": [7, 0, 7],
			"to": [9, 4, 9],
			"rotation": {"angle": 0, "axis": "y", "origin": [8, 0, 7]},
			"faces": {
				"north": {"uv": [2, 10, 4, 14], "texture": "#0"},
				"east": {"uv": [6, 10, 8, 14], "texture": "#0"},
				"south": {"uv": [4, 10, 6, 14], "texture": "#0"},
				"west": {"uv": [0, 10, 2, 14], "texture": "#0"},
				"up": {"uv": [6, 10, 4, 8], "texture": "#0"},
				"down": {"uv": [4, 8, 2, 10], "texture": "#0"}
			}
		},
		{
			"from": [6, 4, 6],
			"to": [10, 8, 10],
			"rotation": {"angle": 0, "axis": "y", "origin": [7, 4, 6]},
			"faces": {
				"north": {"uv": [4, 0, 8, 4], "texture": "#0"},
				"east": {"uv": [0, 4, 4, 8], "texture": "#0"},
				"south": {"uv": [12, 4, 16, 8], "texture": "#0"},
				"west": {"uv": [4, 4, 8, 8], "texture": "#0"},
				"up": {"uv": [12, 8, 8, 4], "texture": "#0"},
				"down": {"uv": [12, 0, 8, 4], "texture": "#0"}
			}
		}
	],
	"display": {
		"thirdperson_righthand": {
			"translation": [0, 5.5, 0]
		},
		"thirdperson_lefthand": {
			"translation": [0, 5.5, 0]
		},
		"firstperson_righthand": {
			"translation": [3, 3.75, 0]
		},
		"firstperson_lefthand": {
			"translation": [3, 3.75, 0]
		},
		"ground": {
			"translation": [0, 4.5, 0]
		},
		"gui": {
			"rotation": [28, 36, 0],
			"translation": [0, 2.75, 0]
		},
		"head": {
			"translation": [0, 18.25, 0],
			"scale": [1.5, 1.5, 1.5]
		},
		"fixed": {
			"rotation": [-90, 0, 0],
			"translation": [0, 0, -12.75],
			"scale": [1.6, 1.6, 1.6]
		},
		"on_shelf": {
			"scale": [2.05, 2.05, 2.05]
		}
	}
}