{
	"format_version": "1.21.6",
	"credit": "Made with Blockbench",
	"texture_size": [32, 32],
	"textures": {
		"0": "item/cowboyhat",
		"particle": "item/cowboyhat"
	},
	"elements": [
		{
			"from": [4, 0.5, 4.5],
			"to": [12, 3.5, 11.5],
			"rotation": {"angle": 0, "axis": "y", "origin": [11, 0.5, 10]},
			"faces": {
				"east": {"uv": [4, 2, 7.5, 3.5], "texture": "#0"},
				"west": {"uv": [4, 2, 7.5, 3.5], "texture": "#0"},
				"up": {"uv": [4, 5.5, 0, 2], "texture": "#0"},
				"down": {"uv": [4, 6, 0, 9.5], "texture": "#0"}
			}
		},
		{
			"from": [11.5, 0, 5.05],
			"to": [12.5, 1, 10.75],
			"rotation": {"angle": 0, "axis": "y", "origin": [10.5, -2, 10]},
			"faces": {
				"north": {"uv": [7, 3, 7.5, 3.5], "texture": "#0"},
				"east": {"uv": [0, 6, 0.5, 6.5], "texture": "#0"},
				"south": {"uv": [7, 3.5, 7.5, 4], "texture": "#0"},
				"west": {"uv": [0, 6, 0.5, 6.5], "texture": "#0"},
				"up": {"uv": [4.5, 0.5, 0, 0], "rotation": 90, "texture": "#0"},
				"down": {"uv": [0.5, 6, 0, 6.5], "texture": "#0"}
			}
		},
		{
			"from": [12.5, 0, 3],
			"to": [13.5, 1, 12.775],
			"rotation": {"angle": 22.5, "axis": "z", "origin": [12.5, 0, 8]},
			"faces": {
				"north": {"uv": [0, 0, 0.5, 0.5], "texture": "#0"},
				"east": {"uv": [0, 0, 5, 0.5], "texture": "#0"},
				"south": {"uv": [0, 0, 0.5, 0.5], "texture": "#0"},
				"west": {"uv": [0, 0, 5, 0.5], "texture": "#0"},
				"up": {"uv": [5, 0.5, 0, 0], "rotation": 90, "texture": "#0"},
				"down": {"uv": [5, 0, 0, 0.5], "rotation": 90, "texture": "#0"}
			}
		},
		{
			"from": [2.5, 0, 3],
			"to": [3.5, 1, 12.775],
			"rotation": {"angle": -22.5, "axis": "z", "origin": [3.5, 0, 7.5]},
			"faces": {
				"north": {"uv": [0, 0, 0.5, 0.5], "texture": "#0"},
				"east": {"uv": [0.5, 8.5, 5.5, 9], "texture": "#0"},
				"south": {"uv": [0, 0, 0.5, 0.5], "texture": "#0"},
				"west": {"uv": [0, 0, 5, 0.5], "texture": "#0"},
				"up": {"uv": [5, 0.5, 0, 0], "rotation": 90, "texture": "#0"},
				"down": {"uv": [5, 0, 0, 0.5], "rotation": 90, "texture": "#0"}
			}
		},
		{
			"from": [3.5, 0, 10.75],
			"to": [12.5, 1, 12.75],
			"rotation": {"angle": 0, "axis": "x", "origin": [8, 0.075, 12]},
			"faces": {
				"north": {"uv": [0, 6, 4.5, 6.5], "texture": "#0"},
				"east": {"uv": [10, 11, 10.5, 11.5], "texture": "#0"},
				"south": {"uv": [0, 0, 4.5, 0.5], "texture": "#0"},
				"west": {"uv": [10.5, 11, 11, 11.5], "texture": "#0"},
				"up": {"uv": [4.5, 0.5, 0, 0], "texture": "#0"},
				"down": {"uv": [4.5, 5.5, 0, 6.5], "texture": "#0"}
			}
		},
		{
			"from": [3.5, 0, 3.05],
			"to": [12.5, 1, 5.05],
			"rotation": {"angle": 0, "axis": "x", "origin": [8, -0.225, 3.3]},
			"faces": {
				"north": {"uv": [0, 0, 4.5, 0.5], "texture": "#0"},
				"east": {"uv": [11, 11, 11.5, 11.5], "texture": "#0"},
				"south": {"uv": [0.5, 9.5, 5, 10], "texture": "#0"},
				"west": {"uv": [0.5, 11.5, 1, 12], "texture": "#0"},
				"up": {"uv": [4.5, 0.5, 0, 0], "texture": "#0"},
				"down": {"uv": [4.5, 5.5, 0, 6.5], "rotation": 180, "texture": "#0"}
			}
		},
		{
			"from": [3.5, 0, 5.05],
			"to": [4.5, 1, 10.75],
			"rotation": {"angle": 0, "axis": "y", "origin": [2.5, -2, 10]},
			"faces": {
				"north": {"uv": [1, 11.5, 1.5, 12], "texture": "#0"},
				"east": {"uv": [0, 6, 4, 6.5], "texture": "#0"},
				"south": {"uv": [1.5, 11.5, 2, 12], "texture": "#0"},
				"west": {"uv": [0, 1.5, 4, 2], "texture": "#0"},
				"up": {"uv": [5, 0.5, 0, 0], "rotation": 90, "texture": "#0"},
				"down": {"uv": [4, 6.5, 0, 6], "rotation": 90, "texture": "#0"}
			}
		},
		{
			"from": [3.975, 0.6, 11.1],
			"to": [12.025, 4.1, 12.1],
			"rotation": {"angle": -22.5, "axis": "x", "origin": [7.975, 1.1, 12.1]},
			"faces": {
				"north": {"uv": [0, 2.5, 4, 4], "texture": "#0"},
				"east": {"uv": [4.5, 2, 5, 3.5], "texture": "#0"},
				"south": {"uv": [0, 0.5, 4, 2], "texture": "#0"},
				"west": {"uv": [4.5, 2, 5, 3.5], "texture": "#0"},
				"up": {"uv": [4, 1.5, 0, 1], "texture": "#0"},
				"down": {"uv": [15, 0.5, 11, 1], "texture": "#0"}
			}
		},
		{
			"from": [3.975, 0.6, 3.9],
			"to": [12.075, 4.1, 4.9],
			"rotation": {"angle": 22.5, "axis": "x", "origin": [8.025, 1.1, 3.9]},
			"faces": {
				"north": {"uv": [0, 0.5, 4, 2], "texture": "#0"},
				"east": {"uv": [6.5, 2, 7, 3.5], "texture": "#0"},
				"south": {"uv": [0, 2.5, 4, 4], "texture": "#0"},
				"west": {"uv": [6.5, 2, 7, 3.5], "texture": "#0"},
				"up": {"uv": [4, 1.5, 0, 1], "texture": "#0"},
				"down": {"uv": [15, 1.5, 11, 2], "texture": "#0"}
			}
		},
		{
			"from": [5.5, 1.1, 3.7],
			"to": [10.5, 5.1, 3.7],
			"rotation": {"angle": 22.5, "axis": "x", "origin": [8.025, 1.1, 3.95]},
			"faces": {
				"north": {"uv": [4, 3.5, 6.5, 5.5], "texture": "#0"},
				"east": {"uv": [0, 0, 0, 2], "texture": "#0"},
				"south": {"uv": [4, 3.5, 6.5, 5.5], "texture": "#0"},
				"west": {"uv": [0, 0, 0, 2], "texture": "#0"},
				"up": {"uv": [3, 0, 0, 0], "texture": "#0"},
				"down": {"uv": [3, 0, 0, 0], "texture": "#0"}
			}
		}
	],
	"display": {
		"thirdperson_righthand": {
			"rotation": [-37.25, 0, 0],
			"translation": [0, 3.75, -2.75]
		},
		"thirdperson_lefthand": {
			"rotation": [-37.25, 0, 0],
			"translation": [0, 3.75, -2.75]
		},
		"firstperson_righthand": {
			"rotation": [-180, 68, -180],
			"translation": [0.75, 7.5, 1.5],
			"scale": [0.76, 0.76, 0.76]
		},
		"firstperson_lefthand": {
			"rotation": [-180, 68, -180],
			"translation": [0.75, 7.5, 1.5],
			"scale": [0.76, 0.76, 0.76]
		},
		"ground": {
			"translation": [0, 4.5, 0]
		},
		"gui": {
			"rotation": [-136.24, 53.05, 173.8],
			"translation": [-0.25, 4.25, 0],
			"scale": [1.04, 1.04, 1.04]
		},
		"head": {
			"translation": [0, 18.75, 0],
			"scale": [2, 2, 2]
		},
		"fixed": {
			"rotation": [-90, 0, 0],
			"translation": [0, 0, -16.75],
			"scale": [2.1, 2.1, 2.1]
		},
		"on_shelf": {
			"rotation": [90, 0, 0],
			"translation": [0, 0, 9.25],
			"scale": [1.65, 1.65, 1.65]
		}
	}
}