{
	"format_version": "1.21.6",
	"credit": "Made with Blockbench",
	"texture_size": [128, 128],
	"textures": {
		"0": "item/creakingdeer",
		"particle": "item/creakingdeer"
	},
	"elements": [
		{
			"from": [6.96655, 14.9247, 6.29153],
			"to": [8.24815, 20.0511, 7.57313],
			"rotation": {"angle": 0, "axis": "y", "origin": [7.60735, 14.9247, 6.93233]},
			"faces": {
				"north": {"uv": [7.375, 5.75, 7.5, 6.375], "texture": "#0"},
				"east": {"uv": [7.25, 5.75, 7.375, 6.375], "texture": "#0"},
				"south": {"uv": [7.625, 5.75, 7.75, 6.375], "texture": "#0"},
				"west": {"uv": [7.5, 5.75, 7.625, 6.375], "texture": "#0"},
				"up": {"uv": [7.5, 5.75, 7.375, 5.625], "texture": "#0"},
				"down": {"uv": [7.625, 5.625, 7.5, 5.75], "texture": "#0"}
			}
		},
		{
			"from": [6.90247, 14.9247, 12.69953],
			"to": [8.18407, 19.4103, 13.98113],
			"rotation": {"angle": 0, "axis": "y", "origin": [7.54327, 14.9247, 13.34033]},
			"faces": {
				"north": {"uv": [7.625, 1.25, 7.75, 1.75], "texture": "#0"},
				"east": {"uv": [7.5, 1.25, 7.625, 1.75], "texture": "#0"},
				"south": {"uv": [7.875, 1.25, 8, 1.75], "texture": "#0"},
				"west": {"uv": [7.75, 1.25, 7.875, 1.75], "texture": "#0"},
				"up": {"uv": [7.75, 1.25, 7.625, 1.125], "texture": "#0"},
				"down": {"uv": [7.875, 1.125, 7.75, 1.25], "texture": "#0"}
			}
		},
		{
			"from": [6.83839, 14.2839, 15.90353],
			"to": [8.11999, 16.8471, 17.18513],
			"rotation": {"angle": 0, "axis": "y", "origin": [7.47919, 14.2839, 16.54433]},
			"faces": {
				"north": {"uv": [6.625, 2.25, 6.75, 2.5], "texture": "#0"},
				"east": {"uv": [6.5, 2.25, 6.625, 2.5], "texture": "#0"},
				"south": {"uv": [6.875, 2.25, 7, 2.5], "texture": "#0"},
				"west": {"uv": [6.75, 2.25, 6.875, 2.5], "texture": "#0"},
				"up": {"uv": [6.75, 2.25, 6.625, 2.125], "texture": "#0"},
				"down": {"uv": [6.875, 2.125, 6.75, 2.25], "texture": "#0"}
			}
		},
		{
			"from": [6.90247, 14.2839, 19.10753],
			"to": [8.18407, 15.5655, 20.38913],
			"rotation": {"angle": 0, "axis": "y", "origin": [7.54327, 14.2839, 19.74833]},
			"faces": {
				"north": {"uv": [6.125, 2.375, 6.25, 2.5], "texture": "#0"},
				"east": {"uv": [6, 2.375, 6.125, 2.5], "texture": "#0"},
				"south": {"uv": [6.375, 2.375, 6.5, 2.5], "texture": "#0"},
				"west": {"uv": [6.25, 2.375, 6.375, 2.5], "texture": "#0"},
				"up": {"uv": [6.25, 2.375, 6.125, 2.25], "texture": "#0"},
				"down": {"uv": [6.375, 2.25, 6.25, 2.375], "texture": "#0"}
			}
		},
		{
			"from": [7.03063, 14.9247, 9.49553],
			"to": [8.31223, 21.3327, 10.77713],
			"rotation": {"angle": 0, "axis": "y", "origin": [7.67143, 14.9247, 10.13633]},
			"faces": {
				"north": {"uv": [3.375, 6.375, 3.5, 7.125], "texture": "#0"},
				"east": {"uv": [3.25, 6.375, 3.375, 7.125], "texture": "#0"},
				"south": {"uv": [3.625, 6.375, 3.75, 7.125], "texture": "#0"},
				"west": {"uv": [3.5, 6.375, 3.625, 7.125], "texture": "#0"},
				"up": {"uv": [3.5, 6.375, 3.375, 6.25], "texture": "#0"},
				"down": {"uv": [3.625, 6.25, 3.5, 6.375], "texture": "#0"}
			}
		},
		{
			"name": "Trunk",
			"from": [4.07847, 8.45262, 6.17618],
			"to": [10.74535, 14.33517, 21.4849],
			"rotation": {"angle": 0, "axis": "y", "origin": [5.94127, -1.35162, 12.05873]},
			"faces": {
				"north": {"uv": [1.875, 1.875, 2.625, 2.5], "texture": "#0"},
				"east": {"uv": [0, 1.875, 1.875, 2.5], "texture": "#0"},
				"south": {"uv": [4.5, 1.875, 5.25, 2.5], "texture": "#0"},
				"west": {"uv": [2.625, 1.875, 4.5, 2.5], "texture": "#0"},
				"up": {"uv": [2.625, 1.875, 1.875, 0], "texture": "#0"},
				"down": {"uv": [3.375, 0, 2.625, 1.875], "texture": "#0"}
			}
		},
		{
			"name": "Rump",
			"from": [3.98042, 7.86629, 17.90282],
			"to": [10.84339, 14.70843, 24.40694],
			"rotation": {"angle": 8.5, "axis": "x", "origin": [3.98042, 12.35189, 19.52405]},
			"faces": {
				"north": {"uv": [4.5, 5.125, 5.25, 5.875], "texture": "#0"},
				"east": {"uv": [3.75, 5.125, 4.5, 5.875], "texture": "#0"},
				"south": {"uv": [6, 5.125, 6.75, 5.875], "texture": "#0"},
				"west": {"uv": [5.25, 5.125, 6, 5.875], "texture": "#0"},
				"up": {"uv": [5.25, 5.125, 4.5, 4.375], "texture": "#0"},
				"down": {"uv": [6, 4.375, 5.25, 5.125], "texture": "#0"}
			}
		},
		{
			"name": "Shoulders",
			"from": [3.37807, 5.3127, 4.36913],
			"to": [11.06767, 13.0023, 12.69953],
			"rotation": {"angle": 0, "axis": "y", "origin": [5.94127, 5.9535, 11.41793]},
			"faces": {
				"north": {"uv": [1, 5.375, 1.875, 6.25], "texture": "#0"},
				"east": {"uv": [0, 5.375, 1, 6.25], "texture": "#0"},
				"south": {"uv": [2.875, 5.375, 3.75, 6.25], "texture": "#0"},
				"west": {"uv": [1.875, 5.375, 2.875, 6.25], "texture": "#0"},
				"up": {"uv": [1.875, 5.375, 1, 4.375], "texture": "#0"},
				"down": {"uv": [2.75, 4.375, 1.875, 5.375], "texture": "#0"}
			}
		},
		{
			"name": "Tail",
			"from": [6.13351, 13.25862, 22.95233],
			"to": [8.69671, 16.46262, 24.23393],
			"rotation": {"angle": 0, "axis": "y", "origin": [6.77431, 13.25862, 23.59313]},
			"faces": {
				"north": {"uv": [7.375, 6.5, 7.625, 6.875], "texture": "#0"},
				"east": {"uv": [7.25, 6.5, 7.375, 6.875], "texture": "#0"},
				"south": {"uv": [7.75, 6.5, 8, 6.875], "texture": "#0"},
				"west": {"uv": [7.625, 6.5, 7.75, 6.875], "texture": "#0"},
				"up": {"uv": [7.625, 6.5, 7.375, 6.375], "texture": "#0"},
				"down": {"uv": [7.875, 6.375, 7.625, 6.5], "texture": "#0"}
			}
		},
		{
			"name": "Ribs",
			"from": [2.92951, 8.13222, 6.03521],
			"to": [12.02887, 14.9247, 15.26273],
			"rotation": {"angle": 0, "axis": "y", "origin": [11.96479, 8.5167, 6.29153]},
			"faces": {
				"north": {"uv": [1.125, 3.625, 2.25, 4.375], "texture": "#0"},
				"east": {"uv": [0, 3.625, 1.125, 4.375], "texture": "#0"},
				"south": {"uv": [3.375, 3.625, 4.5, 4.375], "texture": "#0"},
				"west": {"uv": [2.25, 3.625, 3.375, 4.375], "texture": "#0"},
				"up": {"uv": [2.25, 3.625, 1.125, 2.5], "texture": "#0"},
				"down": {"uv": [3.375, 2.5, 2.25, 3.625], "texture": "#0"}
			}
		},
		{
			"from": [4.65967, 5.9535, 3.08753],
			"to": [10.42687, 11.7207, 3.72833],
			"rotation": {"angle": 0, "axis": "y", "origin": [6.58207, 10.4391, 3.08753]},
			"faces": {
				"north": {"uv": [3.25, 7.125, 3.875, 7.75], "texture": "#0"},
				"east": {"uv": [3.25, 6.75, 3.125, 7.375], "texture": "#0"},
				"south": {"uv": [3.875, 7.125, 4.5, 7.75], "texture": "#0"},
				"west": {"uv": [3.75, 6.5, 3.875, 7.125], "texture": "#0"},
				"up": {"uv": [3.875, 7.125, 3.25, 7.125], "texture": "#0"},
				"down": {"uv": [4.5, 7, 3.875, 6.875], "texture": "#0"}
			}
		},
		{
			"from": [4.65967, 7.8759, 1.80593],
			"to": [10.42687, 9.7983, 2.44673],
			"rotation": {"angle": 0, "axis": "y", "origin": [6.58207, 12.3615, 1.80593]},
			"faces": {
				"north": {"uv": [5.25, 2.125, 5.875, 2.25], "texture": "#0"},
				"east": {"uv": [5.25, 2.125, 5, 2.25], "texture": "#0"},
				"south": {"uv": [5.875, 2.125, 6.5, 2.25], "texture": "#0"},
				"west": {"uv": [5.875, 2.5, 6.5, 2.625], "texture": "#0"},
				"up": {"uv": [5.875, 2.125, 5.25, 2.125], "texture": "#0"},
				"down": {"uv": [6.5, 2.75, 5.875, 2.625], "texture": "#0"}
			}
		},
		{
			"name": "Head",
			"from": [4.53151, 16.71894, -2.67967],
			"to": [10.45891, 21.20454, 3.08753],
			"rotation": {"angle": -5, "axis": "x", "origin": [5.94127, 16.71894, 1.16513]},
			"faces": {
				"north": {"uv": [5.875, 0.625, 6.5, 1.125], "texture": "#0"},
				"east": {"uv": [5.25, 0.625, 5.875, 1.125], "texture": "#0"},
				"south": {"uv": [7.125, 0.625, 7.75, 1.125], "texture": "#0"},
				"west": {"uv": [6.5, 0.625, 7.125, 1.125], "texture": "#0"},
				"up": {"uv": [6.5, 0.625, 5.875, 0], "texture": "#0"},
				"down": {"uv": [7.125, 0, 6.5, 0.625], "texture": "#0"}
			}
		},
		{
			"name": "Mid Neck",
			"from": [4.65967, 12.3615, -1.20583],
			"to": [10.26667, 16.8471, 3.11957],
			"rotation": {"angle": -17.5, "axis": "x", "origin": [5.94127, 15.5655, -0.24463]},
			"faces": {
				"north": {"uv": [5.75, 1.625, 6.375, 2.125], "texture": "#0"},
				"east": {"uv": [5.25, 1.625, 5.75, 2.125], "texture": "#0"},
				"south": {"uv": [6.875, 1.625, 7.5, 2.125], "texture": "#0"},
				"west": {"uv": [6.375, 1.625, 6.875, 2.125], "texture": "#0"},
				"up": {"uv": [6.375, 1.625, 5.75, 1.125], "texture": "#0"},
				"down": {"uv": [7, 1.125, 6.375, 1.625], "texture": "#0"}
			}
		},
		{
			"name": "Lower Neck",
			"from": [4.27455, 7.28637, 2.63256],
			"to": [10.54926, 14.14934, 8.02489],
			"rotation": {"angle": -42.5, "axis": "x", "origin": [5.94127, 9.24722, 3.61298]},
			"faces": {
				"north": {"uv": [5.125, 3.125, 5.875, 3.875], "texture": "#0"},
				"east": {"uv": [4.5, 3.125, 5.125, 3.875], "texture": "#0"},
				"south": {"uv": [6.5, 3.125, 7.25, 3.875], "texture": "#0"},
				"west": {"uv": [5.875, 3.125, 6.5, 3.875], "texture": "#0"},
				"up": {"uv": [5.875, 3.125, 5.125, 2.5], "texture": "#0"},
				"down": {"uv": [6.625, 2.5, 5.875, 3.125], "texture": "#0"}
			}
		},
		{
			"name": "Muzzle",
			"from": [5.81987, 16.4079, -6.54607],
			"to": [9.10647, 18.3303, -2.63719],
			"rotation": {"angle": -5, "axis": "x", "origin": [5.94127, 16.4079, -3.34207]},
			"faces": {
				"north": {"uv": [5, 4.25, 5.375, 4.375], "texture": "#0"},
				"east": {"uv": [4.625, 4.25, 5, 4.375], "texture": "#0"},
				"south": {"uv": [5.75, 4.25, 6.125, 4.375], "texture": "#0"},
				"west": {"uv": [5.375, 4.25, 5.75, 4.375], "texture": "#0"},
				"up": {"uv": [5.375, 4.25, 5, 3.875], "texture": "#0"},
				"down": {"uv": [5.75, 3.875, 5.375, 4.25], "texture": "#0"}
			}
		},
		{
			"name": "Muzzle 2",
			"from": [5.98007, 17.8335, -6.36967],
			"to": [8.94627, 19.7559, -2.07631],
			"rotation": {"angle": -13.5, "axis": "x", "origin": [5.94127, 17.8335, -2.84527]},
			"faces": {
				"north": {"uv": [0.625, 6.75, 0.875, 6.875], "texture": "#0"},
				"east": {"uv": [0.125, 6.75, 0.625, 6.875], "texture": "#0"},
				"south": {"uv": [1.375, 6.75, 1.625, 6.875], "texture": "#0"},
				"west": {"uv": [0.875, 6.75, 1.375, 6.875], "texture": "#0"},
				"up": {"uv": [0.875, 6.75, 0.625, 6.25], "texture": "#0"},
				"down": {"uv": [1.125, 6.25, 0.875, 6.75], "texture": "#0"}
			}
		},
		{
			"name": "Ear 1",
			"from": [4.17907, 20.47864, -1.62691],
			"to": [5.17907, 23.68264, 0.93629],
			"rotation": {"angle": -7.5, "axis": "x", "origin": [4.81987, 21.8115, -0.98611]},
			"faces": {
				"north": {"uv": [7.5, 2.375, 7.625, 2.75], "texture": "#0"},
				"east": {"uv": [7.25, 2.375, 7.5, 2.75], "texture": "#0"},
				"south": {"uv": [7.875, 2.375, 8, 2.75], "texture": "#0"},
				"west": {"uv": [7.625, 2.375, 7.875, 2.75], "texture": "#0"},
				"up": {"uv": [7.625, 2.375, 7.5, 2.125], "texture": "#0"},
				"down": {"uv": [7.75, 2.125, 7.625, 2.375], "texture": "#0"}
			}
		},
		{
			"name": "Ear 2",
			"from": [9.74647, 20.47864, -1.86851],
			"to": [10.74647, 23.68264, 0.69469],
			"rotation": {"angle": -10, "axis": "x", "origin": [10.06687, 21.8115, 0.05389]},
			"faces": {
				"north": {"uv": [2.5, 7.5, 2.625, 7.875], "texture": "#0"},
				"east": {"uv": [2.25, 7.5, 2.5, 7.875], "texture": "#0"},
				"south": {"uv": [2.875, 7.5, 3, 7.875], "texture": "#0"},
				"west": {"uv": [2.625, 7.5, 2.875, 7.875], "texture": "#0"},
				"up": {"uv": [2.625, 7.5, 2.5, 7.25], "texture": "#0"},
				"down": {"uv": [2.75, 7.25, 2.625, 7.5], "texture": "#0"}
			}
		},
		{
			"from": [6.30047, 13.1575, -3.96127],
			"to": [6.30047, 17.0023, -3.32047],
			"rotation": {"angle": -2.49067, "axis": "x", "origin": [6.94127, 15.7207, -3.96127]},
			"faces": {
				"north": {"uv": [0, 0, 0, 0.375], "texture": "#0"},
				"east": {"uv": [0, 0, 0.125, 0.375], "texture": "#0"},
				"south": {"uv": [0, 0, 0, 0.375], "texture": "#0"},
				"west": {"uv": [0, 0, 0.125, 0.375], "texture": "#0"},
				"up": {"uv": [0, 0, 0, 0], "texture": "#0"},
				"down": {"uv": [0, 0, 0, 0], "texture": "#0"}
			}
		},
		{
			"from": [6.30047, 11.27214, -3.87191],
			"to": [6.30047, 11.91294, -3.23111],
			"rotation": {"angle": -2.49067, "axis": "x", "origin": [6.94127, 13.83534, -3.87191]},
			"faces": {
				"north": {"uv": [0, 0, 0, 0], "texture": "#0"},
				"east": {"uv": [0, 0, 0.125, 0.125], "texture": "#0"},
				"south": {"uv": [0, 0, 0, 0], "texture": "#0"},
				"west": {"uv": [0, 0, 0.125, 0.125], "texture": "#0"},
				"up": {"uv": [0, 0, 0, 0], "texture": "#0"},
				"down": {"uv": [0, 0, 0, 0], "texture": "#0"}
			}
		},
		{
			"from": [8.14527, 11.8759, -5.60207],
			"to": [8.14527, 17.0023, -4.96127],
			"rotation": {"angle": -1.5, "axis": "x", "origin": [8.78607, 15.7207, -5.60207]},
			"faces": {
				"north": {"uv": [0, 0, 0, 0.625], "texture": "#0"},
				"east": {"uv": [0, 0, 0.125, 0.625], "texture": "#0"},
				"south": {"uv": [0, 0, 0, 0.625], "texture": "#0"},
				"west": {"uv": [0, 0, 0.125, 0.625], "texture": "#0"},
				"up": {"uv": [0, 0, 0, 0], "texture": "#0"},
				"down": {"uv": [0, 0, 0, 0], "texture": "#0"}
			}
		},
		{
			"name": "Upper Bicep",
			"from": [2.50979, 5.01473, 6.6664],
			"to": [5.11144, 10.89728, 10.58809],
			"rotation": {"angle": -17.5, "axis": "x", "origin": [3, 5.99516, 6.6664]},
			"faces": {
				"north": {"uv": [2.375, 6.625, 2.625, 7.25], "texture": "#0"},
				"east": {"uv": [2, 6.625, 2.375, 7.25], "texture": "#0"},
				"south": {"uv": [3, 6.625, 3.25, 7.25], "texture": "#0"},
				"west": {"uv": [2.625, 6.625, 3, 7.25], "texture": "#0"},
				"up": {"uv": [2.625, 6.625, 2.375, 6.25], "texture": "#0"},
				"down": {"uv": [2.875, 6.25, 2.625, 6.625], "texture": "#0"}
			}
		},
		{
			"name": "Lower Bicep",
			"from": [2.60783, 1.82836, 7.25465],
			"to": [5.01339, 5.75005, 10.68613],
			"rotation": {"angle": -7.5, "axis": "x", "origin": [3.49021, 3.78921, 7.74486]},
			"faces": {
				"north": {"uv": [7.125, 5.25, 7.375, 5.625], "texture": "#0"},
				"east": {"uv": [6.75, 5.25, 7.125, 5.625], "texture": "#0"},
				"south": {"uv": [7.75, 5.25, 8, 5.625], "texture": "#0"},
				"west": {"uv": [7.375, 5.25, 7.75, 5.625], "texture": "#0"},
				"up": {"uv": [7.375, 5.25, 7.125, 4.875], "texture": "#0"},
				"down": {"uv": [7.625, 4.875, 7.375, 5.25], "texture": "#0"}
			}
		},
		{
			"name": "Foreleg",
			"from": [2.7549, -5.24127, 8.13703],
			"to": [4.22553, 4.52452, 10.09788],
			"rotation": {"angle": 0, "axis": "y", "origin": [3.73532, 0.60282, 9.11746]},
			"faces": {
				"north": {"uv": [1.25, 8.125, 1.5, 9.25], "texture": "#0"},
				"east": {"uv": [1.25, 7, 1.5, 8.125], "texture": "#0"},
				"south": {"uv": [1.5, 7, 1.75, 8.125], "texture": "#0"},
				"west": {"uv": [1.5, 8.125, 1.75, 9.25], "texture": "#0"},
				"up": {"uv": [1.5, 7, 1.375, 6.875], "texture": "#0"},
				"down": {"uv": [1.625, 6.875, 1.5, 7], "texture": "#0"}
			}
		},
		{
			"name": "Upper Bicep",
			"from": [9.55859, 5.01473, 6.6664],
			"to": [12.16024, 10.89728, 10.58809],
			"rotation": {"angle": -17.5, "axis": "x", "origin": [10.0488, 5.99516, 6.6664]},
			"faces": {
				"north": {"uv": [7.125, 4.25, 7.375, 4.875], "texture": "#0"},
				"east": {"uv": [6.75, 4.25, 7.125, 4.875], "texture": "#0"},
				"south": {"uv": [7.75, 4.25, 8, 4.875], "texture": "#0"},
				"west": {"uv": [7.375, 4.25, 7.75, 4.875], "texture": "#0"},
				"up": {"uv": [7.375, 4.25, 7.125, 3.875], "texture": "#0"},
				"down": {"uv": [7.625, 3.875, 7.375, 4.25], "texture": "#0"}
			}
		},
		{
			"name": "Lower Bicep",
			"from": [9.65663, 1.82836, 7.25465],
			"to": [12.06219, 5.75005, 10.68613],
			"rotation": {"angle": -7.5, "axis": "x", "origin": [10.53901, 3.78921, 7.74486]},
			"faces": {
				"north": {"uv": [0.375, 7.25, 0.625, 7.625], "texture": "#0"},
				"east": {"uv": [0, 7.25, 0.375, 7.625], "texture": "#0"},
				"south": {"uv": [1, 7.25, 1.25, 7.625], "texture": "#0"},
				"west": {"uv": [0.625, 7.25, 1, 7.625], "texture": "#0"},
				"up": {"uv": [0.625, 7.25, 0.375, 6.875], "texture": "#0"},
				"down": {"uv": [0.875, 6.875, 0.625, 7.25], "texture": "#0"}
			}
		},
		{
			"name": "Foreleg",
			"from": [10.4445, -5.24127, 8.13703],
			"to": [11.91513, 4.52452, 10.09788],
			"rotation": {"angle": 0, "axis": "y", "origin": [10.78412, 0.60282, 9.11746]},
			"faces": {
				"north": {"uv": [4.5, 8.375, 4.75, 9.5], "texture": "#0"},
				"east": {"uv": [4.75, 8.375, 5, 9.5], "texture": "#0"},
				"south": {"uv": [4.75, 7.25, 5, 8.375], "texture": "#0"},
				"west": {"uv": [4.5, 7.25, 4.75, 8.375], "texture": "#0"},
				"up": {"uv": [4.75, 7.25, 4.625, 7.125], "texture": "#0"},
				"down": {"uv": [4.875, 7.125, 4.75, 7.25], "texture": "#0"}
			}
		},
		{
			"from": [11.67002, 9.12546, 6.06725],
			"to": [12.95162, 9.76626, 8.63045],
			"rotation": {"angle": 0, "axis": "y", "origin": [12.31082, 9.12546, 6.70805]},
			"faces": {
				"north": {"uv": [5.375, 2.375, 5.5, 2.25], "texture": "#0"},
				"east": {"uv": [5, 2.375, 5.375, 2.25], "texture": "#0"},
				"south": {"uv": [5.875, 2.5, 6, 2.375], "texture": "#0"},
				"west": {"uv": [5.625, 2.5, 5.875, 2.5], "texture": "#0"},
				"up": {"uv": [5.625, 2.5, 5.5, 2.25], "texture": "#0"},
				"down": {"uv": [5.75, 2.25, 5.625, 2.5], "texture": "#0"}
			}
		},
		{
			"from": [11.67002, 7.84386, 7.98965],
			"to": [12.95162, 8.48466, 9.91205],
			"rotation": {"angle": 0, "axis": "y", "origin": [12.31082, 7.84386, 8.63045]},
			"faces": {
				"north": {"uv": [7.25, 5.75, 7.375, 5.625], "texture": "#0"},
				"east": {"uv": [6.75, 6, 7.125, 5.875], "texture": "#0"},
				"south": {"uv": [7.125, 5.75, 7.25, 5.625], "texture": "#0"},
				"west": {"uv": [7, 5.75, 7.125, 5.75], "texture": "#0"},
				"up": {"uv": [7, 5.75, 6.875, 5.625], "texture": "#0"},
				"down": {"uv": [7.125, 5.625, 7, 5.75], "texture": "#0"}
			}
		},
		{
			"name": "Upper thigh",
			"from": [2.50979, 6.78654, 17.90282],
			"to": [6.39304, 13.30989, 22.46532],
			"rotation": {"angle": 20, "axis": "x", "origin": [3, 7.76697, 18.54362]},
			"faces": {
				"north": {"uv": [4.25, 6.375, 4.625, 7.125], "texture": "#0"},
				"east": {"uv": [3.75, 6.375, 4.25, 7.125], "texture": "#0"},
				"south": {"uv": [5.125, 6.375, 5.5, 7.125], "texture": "#0"},
				"west": {"uv": [4.625, 6.375, 5.125, 7.125], "texture": "#0"},
				"up": {"uv": [4.625, 6.375, 4.25, 5.875], "texture": "#0"},
				"down": {"uv": [5, 5.875, 4.625, 6.375], "texture": "#0"}
			}
		},
		{
			"name": "Knee joint",
			"from": [2.7549, 2.37464, 19.27895],
			"to": [5.50713, 7.27676, 22.22022],
			"rotation": {"angle": -20, "axis": "x", "origin": [3.24511, 3.35506, 20.25937]},
			"faces": {
				"north": {"uv": [5.25, 7.375, 5.5, 7.875], "texture": "#0"},
				"east": {"uv": [5, 7.375, 5.25, 7.875], "texture": "#0"},
				"south": {"uv": [5.75, 7.375, 6, 7.875], "texture": "#0"},
				"west": {"uv": [5.5, 7.375, 5.75, 7.875], "texture": "#0"},
				"up": {"uv": [5.5, 7.375, 5.25, 7.125], "texture": "#0"},
				"down": {"uv": [5.75, 7.125, 5.5, 7.375], "texture": "#0"}
			}
		},
		{
			"name": "Foot",
			"from": [2.50979, -5.24127, 20.25937],
			"to": [4.47064, 2.86485, 21.97511],
			"rotation": {"angle": 0, "axis": "y", "origin": [3.49021, 0.904, 21.23979]},
			"faces": {
				"north": {"uv": [7.25, 7.25, 7.5, 8.25], "texture": "#0"},
				"east": {"uv": [7, 7.25, 7.25, 8.25], "texture": "#0"},
				"south": {"uv": [7.25, 8.25, 7.5, 9.25], "texture": "#0"},
				"west": {"uv": [7, 8.25, 7.25, 9.25], "texture": "#0"},
				"up": {"uv": [7.25, 7.25, 7.125, 7.125], "texture": "#0"},
				"down": {"uv": [7.375, 7.125, 7.25, 7.25], "texture": "#0"}
			}
		},
		{
			"name": "Shroom 1",
			"from": [1.41722, 10.40706, 20.16485],
			"to": [2.69882, 11.04786, 23.36885],
			"rotation": {"angle": 0, "axis": "y", "origin": [2.05802, 10.40706, 20.80565]},
			"faces": {
				"north": {"uv": [7.5, 3.125, 7.625, 3.25], "texture": "#0"},
				"east": {"uv": [7.25, 3.125, 7.625, 3], "texture": "#0"},
				"south": {"uv": [8.125, 3.125, 8.25, 3], "texture": "#0"},
				"west": {"uv": [7.75, 3.125, 8.125, 3], "texture": "#0"},
				"up": {"uv": [7.75, 3.125, 7.625, 2.75], "texture": "#0"},
				"down": {"uv": [7.875, 2.75, 7.75, 3.125], "texture": "#0"}
			}
		},
		{
			"name": "Shroom 2",
			"from": [1.41722, 9.12546, 18.88325],
			"to": [2.69882, 9.76626, 22.08725],
			"rotation": {"angle": 0, "axis": "y", "origin": [2.05802, 9.12546, 19.52405]},
			"faces": {
				"north": {"uv": [7.625, 3.5, 7.75, 3.625], "texture": "#0"},
				"east": {"uv": [7.25, 3.5, 7.625, 3.375], "texture": "#0"},
				"south": {"uv": [8.125, 3.5, 8.25, 3.375], "texture": "#0"},
				"west": {"uv": [7.875, 3.5, 8.25, 3.375], "texture": "#0"},
				"up": {"uv": [7.75, 3.5, 7.625, 3.125], "texture": "#0"},
				"down": {"uv": [7.875, 3.125, 7.75, 3.5], "texture": "#0"}
			}
		},
		{
			"name": "Shroom 3",
			"from": [1.41722, 7.84386, 20.80565],
			"to": [2.69882, 8.48466, 22.72805],
			"rotation": {"angle": 0, "axis": "y", "origin": [2.05802, 7.84386, 21.44645]},
			"faces": {
				"north": {"uv": [3, 7.625, 3.125, 7.75], "texture": "#0"},
				"east": {"uv": [3, 7.25, 3.25, 7.375], "texture": "#0"},
				"south": {"uv": [3.125, 7.625, 3.25, 7.75], "texture": "#0"},
				"west": {"uv": [7.25, 6.875, 7.5, 7], "texture": "#0"},
				"up": {"uv": [3.125, 7.625, 3, 7.375], "texture": "#0"},
				"down": {"uv": [3.25, 7.375, 3.125, 7.625], "texture": "#0"}
			}
		},
		{
			"from": [3.66002, -5.61294, 20.03669],
			"to": [4.62122, -4.33134, 22.21541],
			"rotation": {"angle": 0, "axis": "y", "origin": [3.98042, -5.61294, 19.52405]},
			"faces": {
				"north": {"uv": [7.375, 3.5, 7.5, 3.625], "texture": "#0"},
				"east": {"uv": [7.25, 3.625, 7.5, 3.75], "texture": "#0"},
				"south": {"uv": [7.625, 3.5, 7.5, 3.625], "texture": "#0"},
				"west": {"uv": [7.5, 3.625, 7.75, 3.75], "texture": "#0"},
				"up": {"uv": [7.5, 3.5, 7.625, 3.25], "texture": "#0"},
				"down": {"uv": [7.625, 3.5, 7.75, 3.75], "texture": "#0"}
			}
		},
		{
			"from": [10.06802, -5.61294, 20.03669],
			"to": [11.02922, -4.33134, 22.21541],
			"rotation": {"angle": 0, "axis": "y", "origin": [10.38842, -5.61294, 19.52405]},
			"faces": {
				"north": {"uv": [7.75, 2.125, 7.875, 2.25], "texture": "#0"},
				"east": {"uv": [7.5, 2, 7.75, 2.125], "texture": "#0"},
				"south": {"uv": [8, 2, 8.125, 2.125], "texture": "#0"},
				"west": {"uv": [7.75, 2, 8, 2.125], "texture": "#0"},
				"up": {"uv": [7.75, 2, 7.625, 1.75], "texture": "#0"},
				"down": {"uv": [7.75, 1.75, 8, 2], "texture": "#0"}
			}
		},
		{
			"from": [11.34962, -5.61294, 20.03669],
			"to": [12.31082, -4.33134, 22.21541],
			"rotation": {"angle": 0, "axis": "y", "origin": [11.67002, -5.61294, 19.52405]},
			"faces": {
				"north": {"uv": [7.75, 7.25, 7.875, 7.375], "texture": "#0"},
				"east": {"uv": [7.5, 7.125, 7.75, 7.25], "texture": "#0"},
				"south": {"uv": [8, 7.125, 8.125, 7.25], "texture": "#0"},
				"west": {"uv": [7.75, 7.125, 8, 7.25], "texture": "#0"},
				"up": {"uv": [7.75, 7.125, 7.625, 6.875], "texture": "#0"},
				"down": {"uv": [7.75, 6.875, 8, 7.125], "texture": "#0"}
			}
		},
		{
			"from": [2.37842, -5.61294, 20.03669],
			"to": [3.33962, -4.33134, 22.21541],
			"rotation": {"angle": 0, "axis": "y", "origin": [2.69882, -5.61294, 19.52405]},
			"faces": {
				"north": {"uv": [7.75, 7.625, 7.875, 7.75], "texture": "#0"},
				"east": {"uv": [7.5, 7.5, 7.75, 7.625], "texture": "#0"},
				"south": {"uv": [8, 7.5, 8.125, 7.625], "texture": "#0"},
				"west": {"uv": [7.75, 7.5, 8, 7.625], "texture": "#0"},
				"up": {"uv": [7.75, 7.5, 7.625, 7.25], "texture": "#0"},
				"down": {"uv": [7.75, 7.25, 7.875, 7.5], "texture": "#0"}
			}
		},
		{
			"from": [3.7241, -5.61294, 7.98965],
			"to": [4.42898, -4.33134, 10.16837],
			"rotation": {"angle": 0, "axis": "y", "origin": [3.98042, -5.61294, 7.47701]},
			"faces": {
				"north": {"uv": [0.25, 7.75, 0.125, 7.875], "texture": "#0"},
				"east": {"uv": [0, 7.875, 0.25, 8], "texture": "#0"},
				"south": {"uv": [0.5, 7.75, 0.625, 7.875], "texture": "#0"},
				"west": {"uv": [0.25, 7.875, 0.5, 8], "texture": "#0"},
				"up": {"uv": [0.5, 7.875, 0.375, 7.625], "texture": "#0"},
				"down": {"uv": [0.25, 7.625, 0.375, 7.875], "texture": "#0"}
			}
		},
		{
			"from": [2.57066, -5.61294, 7.98965],
			"to": [3.4037, -4.33134, 10.16837],
			"rotation": {"angle": 0, "axis": "y", "origin": [2.89106, -5.61294, 7.47701]},
			"faces": {
				"north": {"uv": [7.25, 7, 7.375, 7.125], "texture": "#0"},
				"east": {"uv": [6.5, 4.25, 6.75, 4.375], "texture": "#0"},
				"south": {"uv": [7.375, 7, 7.5, 7.125], "texture": "#0"},
				"west": {"uv": [7, 2.125, 7.25, 2.25], "texture": "#0"},
				"up": {"uv": [7.125, 2.5, 7, 2.25], "texture": "#0"},
				"down": {"uv": [7.25, 2.25, 7.125, 2.5], "texture": "#0"}
			}
		},
		{
			"from": [11.4137, -5.61294, 7.98965],
			"to": [12.11858, -4.33134, 10.16837],
			"rotation": {"angle": 0, "axis": "y", "origin": [11.67002, -5.61294, 7.47701]},
			"faces": {
				"north": {"uv": [0.875, 8.125, 0.75, 8.25], "texture": "#0"},
				"east": {"uv": [0.5, 7.875, 0.75, 8], "texture": "#0"},
				"south": {"uv": [1, 8.125, 0.875, 8.25], "texture": "#0"},
				"west": {"uv": [0.75, 7.875, 1, 8], "texture": "#0"},
				"up": {"uv": [0.75, 7.875, 0.625, 7.625], "texture": "#0"},
				"down": {"uv": [0.75, 7.625, 1, 7.875], "texture": "#0"}
			}
		},
		{
			"from": [10.26026, -5.61294, 7.98965],
			"to": [11.0933, -4.33134, 10.16837],
			"rotation": {"angle": 0, "axis": "y", "origin": [10.58066, -5.61294, 7.47701]},
			"faces": {
				"north": {"uv": [7.75, 8, 7.875, 8.125], "texture": "#0"},
				"east": {"uv": [7.5, 7.875, 7.75, 8], "texture": "#0"},
				"south": {"uv": [8, 7.875, 8.125, 8], "texture": "#0"},
				"west": {"uv": [7.75, 7.875, 8, 8], "texture": "#0"},
				"up": {"uv": [7.75, 7.875, 7.625, 7.625], "texture": "#0"},
				"down": {"uv": [7.75, 7.625, 8, 7.875], "texture": "#0"}
			}
		},
		{
			"name": "Upper thigh",
			"from": [8.27699, 6.78654, 17.90282],
			"to": [12.16024, 13.30989, 22.46532],
			"rotation": {"angle": 20, "axis": "x", "origin": [8.7672, 7.76697, 18.54362]},
			"faces": {
				"north": {"uv": [6, 6.375, 6.375, 7.125], "texture": "#0"},
				"east": {"uv": [5.5, 6.375, 6, 7.125], "texture": "#0"},
				"south": {"uv": [6.875, 6.375, 7.25, 7.125], "texture": "#0"},
				"west": {"uv": [6.375, 6.375, 6.875, 7.125], "texture": "#0"},
				"up": {"uv": [6.375, 6.375, 6, 5.875], "texture": "#0"},
				"down": {"uv": [6.75, 5.875, 6.375, 6.375], "texture": "#0"}
			}
		},
		{
			"name": "Knee joint",
			"from": [9.1629, 2.37464, 19.27895],
			"to": [11.91513, 7.27676, 22.22022],
			"rotation": {"angle": -20, "axis": "x", "origin": [9.65311, 3.35506, 20.25937]},
			"faces": {
				"north": {"uv": [6.25, 7.375, 6.5, 7.875], "texture": "#0"},
				"east": {"uv": [6, 7.375, 6.25, 7.875], "texture": "#0"},
				"south": {"uv": [6.75, 7.375, 7, 7.875], "texture": "#0"},
				"west": {"uv": [6.5, 7.375, 6.75, 7.875], "texture": "#0"},
				"up": {"uv": [6.5, 7.375, 6.25, 7.125], "texture": "#0"},
				"down": {"uv": [6.75, 7.125, 6.5, 7.375], "texture": "#0"}
			}
		},
		{
			"name": "Foot",
			"from": [10.19939, -5.24127, 20.25937],
			"to": [12.16024, 2.86485, 21.97511],
			"rotation": {"angle": 0, "axis": "y", "origin": [10.53901, 0.904, 21.23979]},
			"faces": {
				"north": {"uv": [2, 7.375, 2.25, 8.375], "texture": "#0"},
				"east": {"uv": [1.75, 7.375, 2, 8.375], "texture": "#0"},
				"south": {"uv": [2.25, 8.5, 2.5, 9.5], "texture": "#0"},
				"west": {"uv": [2, 8.5, 2.25, 9.5], "texture": "#0"},
				"up": {"uv": [2, 7.375, 1.875, 7.25], "texture": "#0"},
				"down": {"uv": [2.125, 7.25, 2, 7.375], "texture": "#0"}
			}
		},
		{
			"from": [7.67236, 16.03214, 1.26008],
			"to": [12.51076, 17.24174, 2.49992],
			"rotation": {"angle": 35, "axis": "z", "origin": [1.84, 20.116, -0.92]},
			"faces": {
				"north": {"uv": [7.75, 0.625, 8.375, 0.75], "texture": "#0"},
				"east": {"uv": [4.375, 7.75, 4.5, 7.875], "texture": "#0"},
				"south": {"uv": [7.75, 0.75, 8.375, 0.875], "texture": "#0"},
				"west": {"uv": [4.375, 7.875, 4.5, 8], "texture": "#0"},
				"up": {"uv": [8.375, 1, 7.75, 0.875], "texture": "#0"},
				"down": {"uv": [8.375, 1, 7.75, 1.125], "texture": "#0"}
			}
		},
		{
			"from": [10.23341, 21.74808, 1.89512],
			"to": [11.29181, 24.77208, 1.89512],
			"rotation": {"angle": 0, "axis": "y", "origin": [3.9568, 22.8376, -0.92]},
			"faces": {
				"north": {"uv": [6.5, 3.875, 6.625, 4.25], "texture": "#0"},
				"east": {"uv": [0, 0, 0, 0.375], "texture": "#0"},
				"south": {"uv": [6.625, 3.875, 6.75, 4.25], "texture": "#0"},
				"west": {"uv": [0, 0, 0, 0.375], "texture": "#0"},
				"up": {"uv": [0.125, 0, 0, 0], "texture": "#0"},
				"down": {"uv": [0.125, 0, 0, 0], "texture": "#0"}
			}
		},
		{
			"from": [12.31419, 21.16047, 1.2752],
			"to": [16.54779, 22.37007, 2.4848],
			"rotation": {"angle": 12.5, "axis": "z", "origin": [5.36296, 22.70152, -0.92]},
			"faces": {
				"north": {"uv": [6.75, 5.75, 7.25, 5.875], "texture": "#0"},
				"east": {"uv": [8, 1.125, 8.125, 1.25], "texture": "#0"},
				"south": {"uv": [2.5, 7.875, 3, 8], "texture": "#0"},
				"west": {"uv": [8, 1.25, 8.125, 1.375], "texture": "#0"},
				"up": {"uv": [5.5, 8, 5, 7.875], "texture": "#0"},
				"down": {"uv": [6, 7.875, 5.5, 8], "texture": "#0"}
			}
		},
		{
			"from": [16.11176, 23.31183, 1.87999],
			"to": [17.92616, 28.15023, 1.87999],
			"rotation": {"angle": 0.11268, "axis": "x", "origin": [5.36296, 22.70152, -0.92]},
			"faces": {
				"north": {"uv": [1, 7.625, 1.25, 8.25], "texture": "#0"},
				"east": {"uv": [0, 0, 0, 0.625], "texture": "#0"},
				"south": {"uv": [4.125, 7.75, 4.375, 8.375], "texture": "#0"},
				"west": {"uv": [0, 0, 0, 0.625], "texture": "#0"},
				"up": {"uv": [0.25, 0, 0, 0], "texture": "#0"},
				"down": {"uv": [0.25, 0, 0, 0], "texture": "#0"}
			}
		},
		{
			"from": [11.70939, 21.68967, 1.88],
			"to": [14.73339, 26.52807, 1.88],
			"rotation": {"angle": 12.5, "axis": "z", "origin": [2.33896, 22.62592, -0.92]},
			"faces": {
				"north": {"uv": [7.75, 0, 8.125, 0.625], "texture": "#0"},
				"east": {"uv": [0, 0, 0, 0.625], "texture": "#0"},
				"south": {"uv": [3, 7.75, 3.375, 8.375], "texture": "#0"},
				"west": {"uv": [0, 0, 0, 0.625], "texture": "#0"},
				"up": {"uv": [0.375, 0, 0, 0], "texture": "#0"},
				"down": {"uv": [0.375, 0, 0, 0], "texture": "#0"}
			}
		},
		{
			"from": [-0.17493, 24.77177, 1.88],
			"to": [2.84907, 29.61017, 1.88],
			"rotation": {"angle": -12.5, "axis": "z", "origin": [-1.68296, 22.62592, -0.92]},
			"faces": {
				"north": {"uv": [3.375, 7.75, 3.75, 8.375], "texture": "#0"},
				"east": {"uv": [0, 0, 0, 0.625], "texture": "#0"},
				"south": {"uv": [3.75, 7.75, 4.125, 8.375], "texture": "#0"},
				"west": {"uv": [0, 0, 0, 0.625], "texture": "#0"},
				"up": {"uv": [0.375, 0, 0, 0], "texture": "#0"},
				"down": {"uv": [0.375, 0, 0, 0], "texture": "#0"}
			}
		},
		{
			"from": [3.60419, 21.74808, 1.89512],
			"to": [4.66259, 24.77208, 1.89512],
			"rotation": {"angle": 0, "axis": "y", "origin": [-3.3008, 22.8376, -0.92]},
			"faces": {
				"north": {"uv": [1.75, 6.875, 1.875, 7.25], "texture": "#0"},
				"east": {"uv": [0, 0, 0, 0.375], "texture": "#0"},
				"south": {"uv": [1.875, 6.875, 2, 7.25], "texture": "#0"},
				"west": {"uv": [0, 0, 0, 0.375], "texture": "#0"},
				"up": {"uv": [0.125, 0, 0, 0], "texture": "#0"},
				"down": {"uv": [0.125, 0, 0, 0], "texture": "#0"}
			}
		},
		{
			"from": [-1.98933, 24.24257, 1.2752],
			"to": [2.24427, 25.45217, 2.4848],
			"rotation": {"angle": -12.5, "axis": "z", "origin": [-4.70696, 22.70152, -0.92]},
			"faces": {
				"north": {"uv": [6, 7.875, 6.5, 8], "texture": "#0"},
				"east": {"uv": [8, 1.375, 8.125, 1.5], "texture": "#0"},
				"south": {"uv": [6.5, 7.875, 7, 8], "texture": "#0"},
				"west": {"uv": [8, 1.5, 8.125, 1.625], "texture": "#0"},
				"up": {"uv": [0.5, 8.125, 0, 8], "texture": "#0"},
				"down": {"uv": [1, 8, 0.5, 8.125], "texture": "#0"}
			}
		},
		{
			"from": [-3.03016, 23.31183, 1.87999],
			"to": [-1.21576, 28.15023, 1.87999],
			"rotation": {"angle": 0.11268, "axis": "x", "origin": [-4.70696, 22.70152, -0.92]},
			"faces": {
				"north": {"uv": [7.75, 5.625, 8, 6.25], "texture": "#0"},
				"east": {"uv": [0, 0, 0, 0.625], "texture": "#0"},
				"south": {"uv": [2.25, 7.875, 2.5, 8.5], "texture": "#0"},
				"west": {"uv": [0, 0, 0, 0.625], "texture": "#0"},
				"up": {"uv": [0.25, 0, 0, 0], "texture": "#0"},
				"down": {"uv": [0.25, 0, 0, 0], "texture": "#0"}
			}
		},
		{
			"from": [-0.19004, 24.19986, 1.26008],
			"to": [4.64836, 25.40946, 2.49992],
			"rotation": {"angle": -35, "axis": "z", "origin": [-1.184, 20.116, -0.92]},
			"faces": {
				"north": {"uv": [7.75, 3.5, 8.375, 3.625], "texture": "#0"},
				"east": {"uv": [8, 1.625, 8.125, 1.75], "texture": "#0"},
				"south": {"uv": [7.75, 3.625, 8.375, 3.75], "texture": "#0"},
				"west": {"uv": [8, 1.75, 8.125, 1.875], "texture": "#0"},
				"up": {"uv": [8.375, 3.875, 7.75, 3.75], "texture": "#0"},
				"down": {"uv": [8.375, 6.25, 7.75, 6.375], "texture": "#0"}
			}
		}
	],
	"display": {
		"thirdperson_righthand": {
			"rotation": [89, 0, 0],
			"translation": [-3.25, 27, 42.5],
			"scale": [4, 4, 4]
		},
		"thirdperson_lefthand": {
			"rotation": [89, 0, 0],
			"translation": [-3.25, 27, 42.5],
			"scale": [4, 4, 4]
		},
		"firstperson_righthand": {
			"scale": [0.5, 0.5, 0.5]
		},
		"firstperson_lefthand": {
			"scale": [0.5, 0.5, 0.5]
		},
		"ground": {
			"translation": [0, 10.75, 0]
		},
		"gui": {
			"rotation": [-156.5, 52, -180],
			"translation": [-1, -1.5, 0],
			"scale": [0.43, 0.43, 0.43]
		},
		"head": {
			"translation": [0, 11, 0],
			"scale": [4, 4, 4]
		},
		"fixed": {
			"translation": [0.75, -1.75, 5.25],
			"scale": [1.72, 1.72, 1.72]
		},
		"on_shelf": {
			"rotation": [0, -180, 0]
		}
	},
	"groups": [
		{
			"name": "Body",
			"origin": [3, -7.3, 15],
			"color": 0,
			"children": [
				0,
				1,
				2,
				3,
				4,
				{
					"name": "Torso",
					"origin": [7.59, -10.42, 10.41],
					"color": 0,
					"children": [5, 6, 7, 8, 9, 10, 11]
				},
				{
					"name": "Head",
					"origin": [7.59, -7.42, 12.41],
					"color": 0,
					"children": [12, 13, 14, 15, 16, 17, 18, 19, 20, 21]
				},
				{
					"name": "FrontLeg1",
					"origin": [4.53, 12.53, 18.06],
					"color": 0,
					"children": [22, 23, 24]
				},
				{
					"name": "FrontLeg2",
					"origin": [15.53, 12.53, 18.06],
					"color": 0,
					"children": [25, 26, 27, 28, 29]
				},
				{
					"name": "BackLeg1",
					"origin": [4.53, 14.53, 22.06],
					"color": 0,
					"children": [30, 31, 32, 33, 34, 35, 36, 37, 38, 39, 40, 41, 42, 43]
				},
				{
					"name": "BackLeg2",
					"origin": [13.53, 14.53, 22.06],
					"color": 0,
					"children": [44, 45, 46]
				},
				{
					"name": "Antlers",
					"origin": [1.84, 20.116, -0.92],
					"rotation": [20, 0, 0],
					"color": 0,
					"children": [47, 48, 49, 50, 51, 52, 53, 54, 55, 56]
				}
			]
		}
	]
}