{
	"format_version": "1.21.6",
	"credit": "Made with Blockbench",
	"texture_size": [64, 64],
	"textures": {
		"0": "item/daili",
		"particle": "item/daili"
	},
	"elements": [
		{
			"from": [1, 1, 1],
			"to": [15, 2, 15],
			"rotation": {"angle": 0, "axis": "y", "origin": [5, 0.5, 2]},
			"faces": {
				"north": {"uv": [10, 0, 13.5, 0.25], "texture": "#0"},
				"east": {"uv": [10, 0.25, 13.5, 0.5], "texture": "#0"},
				"south": {"uv": [10, 0.5, 13.5, 0.75], "texture": "#0"},
				"west": {"uv": [10, 0.75, 13.5, 1], "texture": "#0"},
				"up": {"uv": [3.75, 3.75, 0.25, 0.25], "texture": "#0"},
				"down": {"uv": [7.5, 3.5, 4, 7], "texture": "#0"}
			}
		},
		{
			"from": [2, 2, 2],
			"to": [14, 3, 14],
			"rotation": {"angle": 0, "axis": "y", "origin": [5, 1.5, 2]},
			"faces": {
				"north": {"uv": [10, 1, 13, 1.25], "texture": "#0"},
				"east": {"uv": [10, 1.25, 13, 1.5], "texture": "#0"},
				"south": {"uv": [10, 1.5, 13, 1.75], "texture": "#0"},
				"west": {"uv": [10, 1.75, 13, 2], "texture": "#0"},
				"up": {"uv": [3.5, 3.5, 0.5, 0.5], "texture": "#0"},
				"down": {"uv": [10, 7, 7, 10], "texture": "#0"}
			}
		},
		{
			"from": [3, 3, 3],
			"to": [13, 4, 13],
			"rotation": {"angle": 0, "axis": "y", "origin": [5, 2.5, 2]},
			"faces": {
				"north": {"uv": [10, 2, 12.5, 2.25], "texture": "#0"},
				"east": {"uv": [10, 2.25, 12.5, 2.5], "texture": "#0"},
				"south": {"uv": [10, 2.5, 12.5, 2.75], "texture": "#0"},
				"west": {"uv": [10, 2.75, 12.5, 3], "texture": "#0"},
				"up": {"uv": [3.25, 3.25, 0.75, 0.75], "texture": "#0"},
				"down": {"uv": [10, 2.5, 7.5, 5], "texture": "#0"}
			}
		},
		{
			"from": [4, 4, 4],
			"to": [12, 5, 12],
			"rotation": {"angle": 0, "axis": "y", "origin": [5, 3.5, 2]},
			"faces": {
				"north": {"uv": [10, 3, 12, 3.25], "texture": "#0"},
				"east": {"uv": [10, 3.25, 12, 3.5], "texture": "#0"},
				"south": {"uv": [3.5, 10, 5.5, 10.25], "texture": "#0"},
				"west": {"uv": [10, 3.5, 12, 3.75], "texture": "#0"},
				"up": {"uv": [9.5, 7, 7.5, 5], "texture": "#0"},
				"down": {"uv": [2, 8, 0, 10], "texture": "#0"}
			}
		},
		{
			"from": [5, 5, 5],
			"to": [11, 6, 11],
			"rotation": {"angle": 0, "axis": "y", "origin": [5, 4.5, 2]},
			"faces": {
				"north": {"uv": [10, 3.75, 11.5, 4], "texture": "#0"},
				"east": {"uv": [10, 4, 11.5, 4.25], "texture": "#0"},
				"south": {"uv": [10, 4.25, 11.5, 4.5], "texture": "#0"},
				"west": {"uv": [10, 4.5, 11.5, 4.75], "texture": "#0"},
				"up": {"uv": [3.5, 9.5, 2, 8], "texture": "#0"},
				"down": {"uv": [3.5, 9.5, 2, 11], "texture": "#0"}
			}
		},
		{
			"from": [6, 6, 6],
			"to": [10, 7, 10],
			"rotation": {"angle": 0, "axis": "y", "origin": [5, 5.5, 2]},
			"faces": {
				"north": {"uv": [1, 10, 2, 10.25], "texture": "#0"},
				"east": {"uv": [10, 4.75, 11, 5], "texture": "#0"},
				"south": {"uv": [5.5, 10, 6.5, 10.25], "texture": "#0"},
				"west": {"uv": [6.5, 10, 7.5, 10.25], "texture": "#0"},
				"up": {"uv": [10.5, 7, 9.5, 6], "texture": "#0"},
				"down": {"uv": [1, 10, 0, 11], "texture": "#0"}
			}
		},
		{
			"from": [7, 7, 7],
			"to": [9, 8, 9],
			"rotation": {"angle": 0, "axis": "y", "origin": [5, 6.5, 2]},
			"faces": {
				"north": {"uv": [3.5, 9, 4, 9.25], "texture": "#0"},
				"east": {"uv": [3.5, 9.25, 4, 9.5], "texture": "#0"},
				"south": {"uv": [3.5, 9.5, 4, 9.75], "texture": "#0"},
				"west": {"uv": [3.5, 9.75, 4, 10], "texture": "#0"},
				"up": {"uv": [4, 8.5, 3.5, 8], "texture": "#0"},
				"down": {"uv": [4, 8.5, 3.5, 9], "texture": "#0"}
			}
		},
		{
			"from": [7.5, 8, 7.5],
			"to": [8.5, 9.25, 8.5],
			"rotation": {"angle": 0, "axis": "y", "origin": [5, 7.5, 2]},
			"faces": {
				"north": {"uv": [10, 7, 10.25, 7.25], "texture": "#0"},
				"east": {"uv": [10, 7.25, 10.25, 7.5], "texture": "#0"},
				"south": {"uv": [7.5, 10, 7.75, 10.25], "texture": "#0"},
				"west": {"uv": [10, 7.5, 10.25, 7.75], "texture": "#0"},
				"up": {"uv": [8, 10.25, 7.75, 10], "texture": "#0"},
				"down": {"uv": [10.25, 7.75, 10, 8], "texture": "#0"}
			}
		},
		{
			"from": [7.5, 9.75, 7.5],
			"to": [8.5, 10.75, 8.5],
			"rotation": {"angle": 0, "axis": "y", "origin": [5, 9.25, 2]},
			"faces": {
				"north": {"uv": [8.75, 10, 9, 10.25], "texture": "#0"},
				"east": {"uv": [10, 8.75, 10.25, 9], "texture": "#0"},
				"south": {"uv": [9, 10, 9.25, 10.25], "texture": "#0"},
				"west": {"uv": [10, 9, 10.25, 9.25], "texture": "#0"},
				"up": {"uv": [9.5, 10.25, 9.25, 10], "texture": "#0"},
				"down": {"uv": [10.25, 9.25, 10, 9.5], "texture": "#0"}
			}
		},
		{
			"from": [7.75, 9.25, 7.75],
			"to": [8.25, 9.75, 8.25],
			"rotation": {"angle": 0, "axis": "y", "origin": [5, 8.75, 2]},
			"faces": {
				"north": {"uv": [8, 10, 8.25, 10.25], "texture": "#0"},
				"east": {"uv": [10, 8, 10.25, 8.25], "texture": "#0"},
				"south": {"uv": [8.25, 10, 8.5, 10.25], "texture": "#0"},
				"west": {"uv": [10, 8.25, 10.25, 8.5], "texture": "#0"},
				"up": {"uv": [8.75, 10.25, 8.5, 10], "texture": "#0"},
				"down": {"uv": [10.25, 8.5, 10, 8.75], "texture": "#0"}
			}
		},
		{
			"from": [7.75, 10.75, 7.75],
			"to": [8.25, 11.25, 8.25],
			"rotation": {"angle": 0, "axis": "y", "origin": [5, 10.25, 2]},
			"faces": {
				"north": {"uv": [9.5, 10, 9.75, 10.25], "texture": "#0"},
				"east": {"uv": [10, 9.5, 10.25, 9.75], "texture": "#0"},
				"south": {"uv": [9.75, 10, 10, 10.25], "texture": "#0"},
				"west": {"uv": [10, 9.75, 10.25, 10], "texture": "#0"},
				"up": {"uv": [10.25, 10.25, 10, 10], "texture": "#0"},
				"down": {"uv": [1.25, 10.25, 1, 10.5], "texture": "#0"}
			}
		},
		{
			"from": [0, 0, 0],
			"to": [16, 1, 1],
			"faces": {
				"north": {"uv": [9.5, 5, 13.5, 5.25], "texture": "#0"},
				"east": {"uv": [9.5, 5, 9.75, 5.25], "texture": "#0"},
				"south": {"uv": [9.5, 5.25, 13.5, 5.5], "texture": "#0"},
				"west": {"uv": [9.5, 5, 9.75, 5.25], "texture": "#0"},
				"up": {"uv": [4, 3.5, 0, 3.25], "texture": "#0"},
				"down": {"uv": [13.5, 5, 9.5, 5.25], "texture": "#0"}
			}
		},
		{
			"from": [0, 0, 15],
			"to": [16, 1, 16],
			"rotation": {"angle": 0, "axis": "y", "origin": [0, 0, 15]},
			"faces": {
				"north": {"uv": [9.5, 5.25, 13.5, 5.5], "texture": "#0"},
				"east": {"uv": [13.25, 5, 13.5, 5.25], "texture": "#0"},
				"south": {"uv": [9.5, 5, 13.5, 5.25], "texture": "#0"},
				"west": {"uv": [9.5, 5, 9.75, 5.25], "texture": "#0"},
				"up": {"uv": [4, 0.25, 0, 0], "texture": "#0"},
				"down": {"uv": [13.5, 5, 9.5, 5.25], "texture": "#0"}
			}
		},
		{
			"from": [0, 0, 1],
			"to": [1, 1, 15],
			"rotation": {"angle": 0, "axis": "y", "origin": [0, 0, 10.5]},
			"faces": {
				"north": {"uv": [11.5, 7.25, 11.75, 7.5], "texture": "#0"},
				"east": {"uv": [9.75, 5.25, 13.25, 5.5], "texture": "#0"},
				"south": {"uv": [11.125, 7.375, 11.375, 7.625], "texture": "#0"},
				"west": {"uv": [9.75, 5, 13.25, 5.25], "texture": "#0"},
				"up": {"uv": [0.25, 3.5, 0, 0], "texture": "#0"},
				"down": {"uv": [13.25, 5, 9.75, 5.25], "rotation": 90, "texture": "#0"}
			}
		},
		{
			"from": [15, 0, 1],
			"to": [16, 1, 15],
			"rotation": {"angle": 0, "axis": "y", "origin": [15, 0, 10.5]},
			"faces": {
				"north": {"uv": [11.125, 6.375, 11.375, 6.625], "texture": "#0"},
				"east": {"uv": [9.75, 5, 13.25, 5.25], "texture": "#0"},
				"south": {"uv": [11.375, 6.875, 11.625, 7.125], "texture": "#0"},
				"west": {"uv": [9.75, 5.25, 13.25, 5.5], "texture": "#0"},
				"up": {"uv": [4, 3.5, 3.75, 0], "texture": "#0"},
				"down": {"uv": [13.25, 5, 9.75, 5.25], "rotation": 90, "texture": "#0"}
			}
		}
	],
	"display": {
		"thirdperson_righthand": {
			"translation": [0, 3.25, 0],
			"scale": [0.46, 0.46, 0.46]
		},
		"thirdperson_lefthand": {
			"translation": [0, 3.25, 0],
			"scale": [0.46, 0.46, 0.46]
		},
		"firstperson_righthand": {
			"rotation": [10.2, -4.6, 19.03],
			"translation": [2, 3.75, 0]
		},
		"firstperson_lefthand": {
			"rotation": [10.2, -4.6, 19.03],
			"translation": [2, 3.75, 0]
		},
		"ground": {
			"translation": [1.5, 4.25, 0]
		},
		"gui": {
			"rotation": [23, 45, 0],
			"translation": [0, 2, 0],
			"scale": [0.63, 0.63, 0.63]
		},
		"head": {
			"translation": [0, 14.5, 0],
			"scale": [1.6, 1.6, 1.6]
		},
		"fixed": {
			"rotation": [-90, 0, 0],
			"translation": [0, 0, -10.75],
			"scale": [1.34, 1.34, 1.34]
		}
	}
}