{
	"credit": "Made with Blockbench",
	"texture_size": [32, 32],
	"textures": {
		"0": "item/dormouse_texture",
		"particle": "item/block/blank"
	},
	"elements": [
		{
			"from": [5, 2, 4],
			"to": [11, 7, 13],
			"faces": {
				"north": {"uv": [13, 2.5, 16, 5], "texture": "#0"},
				"east": {"uv": [0, 2.5, 4.5, 5], "texture": "#0"},
				"south": {"uv": [13, 0, 16, 2.5], "texture": "#0"},
				"west": {"uv": [0, 0, 4.5, 2.5], "texture": "#0"},
				"up": {"uv": [7.5, 0, 10.5, 4.5], "texture": "#0"},
				"down": {"uv": [4.5, 0, 7.5, 4.5], "texture": "#0"}
			}
		},
		{
			"from": [6, 3, 3],
			"to": [10, 5, 4],
			"faces": {
				"north": {"uv": [10.5, 2, 12.5, 3], "texture": "#0"},
				"east": {"uv": [12.5, 1, 13, 2], "texture": "#0"},
				"west": {"uv": [12.5, 0, 13, 1], "texture": "#0"},
				"up": {"uv": [10.5, 1.5, 12.5, 2], "texture": "#0"},
				"down": {"uv": [10.5, 1, 12.5, 1.5], "texture": "#0"}
			}
		},
		{
			"from": [10, 3.75, 3],
			"to": [15, 4, 3],
			"rotation": {"angle": 0, "axis": "y", "origin": [10, 4, 3]},
			"faces": {
				"north": {"uv": [2.5, 5, 0, 5.125], "texture": "#0"},
				"south": {"uv": [0, 5, 2.5, 5.125], "texture": "#0"}
			}
		},
		{
			"from": [10, 4.75, 3],
			"to": [15, 5, 3],
			"rotation": {"angle": 22.5, "axis": "z", "origin": [10, 5, 3]},
			"faces": {
				"north": {"uv": [2.5, 5, 0, 5.125], "texture": "#0"},
				"south": {"uv": [0, 5, 2.5, 5.125], "texture": "#0"}
			}
		},
		{
			"from": [10, 3, 3],
			"to": [15, 3.25, 3],
			"rotation": {"angle": -22.5, "axis": "z", "origin": [10, 3.25, 3]},
			"faces": {
				"north": {"uv": [2.5, 5, 0, 5.125], "texture": "#0"},
				"south": {"uv": [0, 5, 2.5, 5.125], "texture": "#0"}
			}
		},
		{
			"from": [1, 3, 3],
			"to": [6, 3.25, 3],
			"rotation": {"angle": 22.5, "axis": "z", "origin": [6, 3.25, 3]},
			"faces": {
				"north": {"uv": [2.5, 5, 0, 5.125], "texture": "#0"},
				"south": {"uv": [0, 5, 2.5, 5.125], "texture": "#0"}
			}
		},
		{
			"from": [1, 3.75, 3],
			"to": [6, 4, 3],
			"rotation": {"angle": 0, "axis": "y", "origin": [6, 4, 3]},
			"faces": {
				"north": {"uv": [2.5, 5, 0, 5.125], "texture": "#0"},
				"south": {"uv": [0, 5, 2.5, 5.125], "texture": "#0"}
			}
		},
		{
			"from": [1, 4.75, 3],
			"to": [6, 5, 3],
			"rotation": {"angle": -22.5, "axis": "z", "origin": [6, 5, 3]},
			"faces": {
				"north": {"uv": [2.5, 5, 0, 5.125], "texture": "#0"},
				"south": {"uv": [0, 5, 2.5, 5.125], "texture": "#0"}
			}
		},
		{
			"from": [7.5, 3.75, 2],
			"to": [8.5, 4.75, 3],
			"faces": {
				"north": {"uv": [12.5, 4.5, 13, 5], "texture": "#0"},
				"east": {"uv": [12.5, 4, 13, 4.5], "texture": "#0"},
				"south": {"uv": [12.5, 2, 13, 2.5], "texture": "#0"},
				"west": {"uv": [12.5, 3.5, 13, 4], "texture": "#0"},
				"up": {"uv": [12.5, 3, 13, 3.5], "texture": "#0"},
				"down": {"uv": [12.5, 2.5, 13, 3], "texture": "#0"}
			}
		},
		{
			"from": [5.5, 5.25, 3.5],
			"to": [7, 5.75, 4.5],
			"faces": {
				"north": {"uv": [10.5, 3, 10.75, 3.5], "texture": "#0"},
				"east": {"uv": [10.5, 4, 11, 4.5], "texture": "#0"},
				"south": {"uv": [11.25, 3, 11.5, 3.5], "texture": "#0"},
				"west": {"uv": [10.5, 3.5, 11, 4], "texture": "#0"},
				"up": {"uv": [11, 3, 11.25, 3.5], "texture": "#0"},
				"down": {"uv": [10.75, 3, 11, 3.5], "texture": "#0"}
			}
		},
		{
			"from": [9, 5.25, 3.5],
			"to": [10.5, 5.75, 4.5],
			"faces": {
				"north": {"uv": [10.5, 3, 10.75, 3.5], "texture": "#0"},
				"east": {"uv": [10.5, 4, 11, 4.5], "texture": "#0"},
				"south": {"uv": [11.25, 3, 11.5, 3.5], "texture": "#0"},
				"west": {"uv": [10.5, 3.5, 11, 4], "texture": "#0"},
				"up": {"uv": [11, 3, 11.25, 3.5], "texture": "#0"},
				"down": {"uv": [10.75, 3, 11, 3.5], "texture": "#0"}
			}
		},
		{
			"from": [8, 3, 13],
			"to": [15, 4, 14],
			"rotation": {"angle": -22.5, "axis": "z", "origin": [7.5, 3.5, 13.5]},
			"faces": {
				"north": {"uv": [8, 5, 11.5, 5.5], "texture": "#0"},
				"east": {"uv": [11, 3.5, 11.5, 4], "texture": "#0"},
				"south": {"uv": [4.5, 5, 8, 5.5], "texture": "#0"},
				"west": {"uv": [11.5, 3, 12, 3.5], "texture": "#0"},
				"up": {"uv": [8, 4.5, 11.5, 5], "texture": "#0"},
				"down": {"uv": [4.5, 4.5, 8, 5], "texture": "#0"}
			}
		},
		{
			"from": [14, 0, 5.5],
			"to": [15, 1, 13.5],
			"rotation": {"angle": 0, "axis": "y", "origin": [12.5, 0.5, 14]},
			"faces": {
				"north": {"uv": [11, 5.5, 11.5, 6], "texture": "#0"},
				"east": {"uv": [4.5, 5.5, 8.5, 6], "texture": "#0"},
				"south": {"uv": [11, 4, 11.5, 4.5], "texture": "#0"},
				"west": {"uv": [4.5, 6, 8.5, 6.5], "texture": "#0"},
				"up": {"uv": [11.5, 3.5, 12, 7.5], "texture": "#0"},
				"down": {"uv": [12, 3, 12.5, 7], "texture": "#0"}
			}
		},
		{
			"from": [4, 6, 5],
			"to": [7, 9, 5],
			"faces": {
				"north": {"uv": [4.5, 6.5, 6, 8], "texture": "#0"},
				"south": {"uv": [6, 6.5, 7.5, 8], "texture": "#0"}
			}
		},
		{
			"from": [9, 6, 5],
			"to": [12, 9, 5],
			"faces": {
				"north": {"uv": [6, 6.5, 4.5, 8], "texture": "#0"},
				"south": {"uv": [7.5, 6.5, 6, 8], "texture": "#0"}
			}
		},
		{
			"from": [4, 1, 4.5],
			"to": [5, 3, 6.5],
			"faces": {
				"north": {"uv": [12.5, 5, 13, 6], "texture": "#0"},
				"east": {"uv": [14, 6, 15, 7], "texture": "#0"},
				"south": {"uv": [12.5, 5, 13, 6], "texture": "#0"},
				"west": {"uv": [14, 5, 15, 6], "texture": "#0"},
				"up": {"uv": [13.5, 5, 14, 6], "texture": "#0"},
				"down": {"uv": [13, 5, 13.5, 6], "texture": "#0"}
			}
		},
		{
			"from": [11, 1, 4.5],
			"to": [12, 3, 6.5],
			"rotation": {"angle": 0, "axis": "y", "origin": [16, 0, 0]},
			"faces": {
				"north": {"uv": [13, 5, 12.5, 6], "texture": "#0"},
				"east": {"uv": [15, 5, 14, 6], "texture": "#0"},
				"south": {"uv": [13, 5, 12.5, 6], "texture": "#0"},
				"west": {"uv": [15, 6, 14, 7], "texture": "#0"},
				"up": {"uv": [14, 5, 13.5, 6], "texture": "#0"},
				"down": {"uv": [13.5, 5, 13, 6], "texture": "#0"}
			}
		},
		{
			"from": [4, 1, 9.5],
			"to": [5, 4, 12.5],
			"faces": {
				"north": {"uv": [4, 6.5, 4.5, 8], "texture": "#0"},
				"east": {"uv": [2.5, 6.5, 4, 8], "texture": "#0"},
				"south": {"uv": [10.5, 5.5, 11, 7], "texture": "#0"},
				"west": {"uv": [2.5, 5, 4, 6.5], "texture": "#0"},
				"up": {"uv": [11, 6, 11.5, 7.5], "texture": "#0"},
				"down": {"uv": [4, 5, 4.5, 6.5], "texture": "#0"}
			}
		},
		{
			"from": [11, 1, 9.5],
			"to": [12, 4, 12.5],
			"rotation": {"angle": 0, "axis": "y", "origin": [16, 0, 0]},
			"faces": {
				"north": {"uv": [4.5, 6.5, 4, 8], "texture": "#0"},
				"east": {"uv": [4, 5, 2.5, 6.5], "texture": "#0"},
				"south": {"uv": [11, 5.5, 10.5, 7], "texture": "#0"},
				"west": {"uv": [4, 6.5, 2.5, 8], "texture": "#0"},
				"up": {"uv": [11.5, 6, 11, 7.5], "texture": "#0"},
				"down": {"uv": [4.5, 5, 4, 6.5], "texture": "#0"}
			}
		},
		{
			"from": [4, 0, 9.25],
			"to": [5, 1, 11.25],
			"faces": {
				"north": {"uv": [12.5, 6, 13, 6.5], "texture": "#0"},
				"east": {"uv": [13, 7, 14, 7.5], "texture": "#0"},
				"south": {"uv": [12.5, 6.5, 13, 7], "texture": "#0"},
				"west": {"uv": [12, 7, 13, 7.5], "texture": "#0"},
				"up": {"uv": [13.5, 6, 14, 7], "texture": "#0"},
				"down": {"uv": [13, 6, 13.5, 7], "texture": "#0"}
			}
		},
		{
			"from": [4, 0, 3.5],
			"to": [5, 1, 5.5],
			"faces": {
				"north": {"uv": [12.5, 6, 13, 6.5], "texture": "#0"},
				"east": {"uv": [13, 7, 14, 7.5], "texture": "#0"},
				"south": {"uv": [12.5, 6.5, 13, 7], "texture": "#0"},
				"west": {"uv": [12, 7, 13, 7.5], "texture": "#0"},
				"up": {"uv": [13.5, 6, 14, 7], "texture": "#0"},
				"down": {"uv": [13, 6, 13.5, 7], "texture": "#0"}
			}
		},
		{
			"from": [11, 0, 3.5],
			"to": [12, 1, 5.5],
			"rotation": {"angle": 0, "axis": "y", "origin": [16, 0, 0]},
			"faces": {
				"north": {"uv": [13, 6, 12.5, 6.5], "texture": "#0"},
				"east": {"uv": [13, 7, 12, 7.5], "texture": "#0"},
				"south": {"uv": [13, 6.5, 12.5, 7], "texture": "#0"},
				"west": {"uv": [14, 7, 13, 7.5], "texture": "#0"},
				"up": {"uv": [14, 6, 13.5, 7], "texture": "#0"},
				"down": {"uv": [13.5, 6, 13, 7], "texture": "#0"}
			}
		},
		{
			"from": [11, 0, 9.25],
			"to": [12, 1, 11.25],
			"rotation": {"angle": 0, "axis": "y", "origin": [16, 0, 0]},
			"faces": {
				"north": {"uv": [13, 6, 12.5, 6.5], "texture": "#0"},
				"east": {"uv": [13, 7, 12, 7.5], "texture": "#0"},
				"south": {"uv": [13, 6.5, 12.5, 7], "texture": "#0"},
				"west": {"uv": [14, 7, 13, 7.5], "texture": "#0"},
				"up": {"uv": [14, 6, 13.5, 7], "texture": "#0"},
				"down": {"uv": [13.5, 6, 13, 7], "texture": "#0"}
			}
		}
	],
	"display": {
		"thirdperson_righthand": {
			"rotation": [65, 0, 0],
			"translation": [-2, 2, 3.25],
			"scale": [0.7, 0.7, 0.7]
		},
		"thirdperson_lefthand": {
			"rotation": [65, 0, 0],
			"translation": [-1.5, 2, 3],
			"scale": [0.7, 0.7, 0.7]
		},
		"firstperson_righthand": {
			"rotation": [-31, 180, 0],
			"translation": [-9, 2.75, -7.75]
		},
		"firstperson_lefthand": {
			"rotation": [-34, 132, 0],
			"translation": [9.75, 1, -9]
		},
		"ground": {
			"translation": [0, 3.75, 0],
			"scale": [0.7, 0.7, 0.7]
		},
		"gui": {
			"rotation": [19, -147, 0],
			"translation": [0.25, 3, 0],
			"scale": [0.85, 0.85, 0.85]
		},
		"head": {
			"translation": [0, 14, 0]
		},
		"fixed": {
			"rotation": [-90, 0, 0],
			"translation": [0, 0.5, -8]
		}
	},
	"groups": [
		0,
		1,
		{
			"name": "whiskers",
			"origin": [6, 4.875, 3],
			"color": 0,
			"children": [2, 3, 4, 5, 6, 7]
		},
		8,
		9,
		10,
		11,
		12,
		13,
		14,
		15,
		16,
		17,
		18,
		19,
		20,
		21,
		22
	]
}