{
	"credit": "Made with Blockbench",
	"parent": "dried_ghast",
	"texture_size": [64, 64],
	"textures": {
		"0": "item/dried_ghast"
	},
	"elements": [
		{
			"from": [3, 0, 3],
			"to": [13, 10, 13],
			"rotation": {"angle": 0, "axis": "y", "origin": [7, 0, -1]},
			"faces": {
				"north": {"uv": [2.5, 2.5, 5, 5], "texture": "#0"},
				"east": {"uv": [0, 2.5, 2.5, 5], "texture": "#0"},
				"south": {"uv": [7.5, 2.5, 10, 5], "texture": "#0"},
				"west": {"uv": [5, 2.5, 7.5, 5], "texture": "#0"},
				"up": {"uv": [5, 2.5, 2.5, 0], "texture": "#0"},
				"down": {"uv": [7.5, 0, 5, 2.5], "texture": "#0"}
			}
		},
		{
			"from": [0, 0, 10],
			"to": [3, 1, 12],
			"rotation": {"angle": 0, "axis": "y", "origin": [1, 0, 10]},
			"faces": {
				"north": {"uv": [5.5, 5.5, 6.25, 5.75], "texture": "#0"},
				"east": {"uv": [5, 5.5, 5.5, 5.75], "texture": "#0"},
				"south": {"uv": [6.75, 5.5, 7.5, 5.75], "texture": "#0"},
				"west": {"uv": [6.25, 5.5, 6.75, 5.75], "texture": "#0"},
				"up": {"uv": [6.25, 5.5, 5.5, 5], "texture": "#0"},
				"down": {"uv": [7, 5, 6.25, 5.5], "texture": "#0"}
			}
		},
		{
			"from": [13, 0, 10],
			"to": [16, 1, 12],
			"rotation": {"angle": 0, "axis": "y", "origin": [14, 0, 10]},
			"faces": {
				"north": {"uv": [0.5, 6.5, 1.25, 6.75], "texture": "#0"},
				"east": {"uv": [0, 6.5, 0.5, 6.75], "texture": "#0"},
				"south": {"uv": [1.75, 6.5, 2.5, 6.75], "texture": "#0"},
				"west": {"uv": [1.25, 6.5, 1.75, 6.75], "texture": "#0"},
				"up": {"uv": [1.25, 6.5, 0.5, 6], "texture": "#0"},
				"down": {"uv": [2, 6, 1.25, 6.5], "texture": "#0"}
			}
		},
		{
			"from": [0, 0, 5],
			"to": [3, 1, 7],
			"rotation": {"angle": 0, "axis": "y", "origin": [1, 0, 5]},
			"faces": {
				"north": {"uv": [5.5, 6.25, 6.25, 6.5], "texture": "#0"},
				"east": {"uv": [5, 6.25, 5.5, 6.5], "texture": "#0"},
				"south": {"uv": [6.75, 6.25, 7.5, 6.5], "texture": "#0"},
				"west": {"uv": [6.25, 6.25, 6.75, 6.5], "texture": "#0"},
				"up": {"uv": [6.25, 6.25, 5.5, 5.75], "texture": "#0"},
				"down": {"uv": [7, 5.75, 6.25, 6.25], "texture": "#0"}
			}
		},
		{
			"from": [5, 0, 0],
			"to": [7, 1, 3],
			"rotation": {"angle": 0, "axis": "y", "origin": [7, 0, 1]},
			"faces": {
				"north": {"uv": [0.75, 5.75, 1.25, 6], "texture": "#0"},
				"east": {"uv": [0, 5.75, 0.75, 6], "texture": "#0"},
				"south": {"uv": [2, 5.75, 2.5, 6], "texture": "#0"},
				"west": {"uv": [1.25, 5.75, 2, 6], "texture": "#0"},
				"up": {"uv": [1.25, 5.75, 0.75, 5], "texture": "#0"},
				"down": {"uv": [1.75, 5, 1.25, 5.75], "texture": "#0"}
			}
		},
		{
			"from": [9, 0, 0],
			"to": [11, 1, 3],
			"rotation": {"angle": 0, "axis": "y", "origin": [11, 0, 1]},
			"faces": {
				"north": {"uv": [3.25, 5.75, 3.75, 6], "texture": "#0"},
				"east": {"uv": [2.5, 5.75, 3.25, 6], "texture": "#0"},
				"south": {"uv": [4.5, 5.75, 5, 6], "texture": "#0"},
				"west": {"uv": [3.75, 5.75, 4.5, 6], "texture": "#0"},
				"up": {"uv": [3.75, 5.75, 3.25, 5], "texture": "#0"},
				"down": {"uv": [4.25, 5, 3.75, 5.75], "texture": "#0"}
			}
		},
		{
			"from": [13, 0, 5],
			"to": [16, 1, 7],
			"rotation": {"angle": 0, "axis": "y", "origin": [14, 0, 5]},
			"faces": {
				"north": {"uv": [3, 6.5, 3.75, 6.75], "texture": "#0"},
				"east": {"uv": [2.5, 6.5, 3, 6.75], "texture": "#0"},
				"south": {"uv": [4.25, 6.5, 5, 6.75], "texture": "#0"},
				"west": {"uv": [3.75, 6.5, 4.25, 6.75], "texture": "#0"},
				"up": {"uv": [3.75, 6.5, 3, 6], "texture": "#0"},
				"down": {"uv": [4.5, 6, 3.75, 6.5], "texture": "#0"}
			}
		}
	],
	"display": {
		"thirdperson_righthand": {
			"rotation": [68, 180, 0],
			"translation": [-0.25, 0.75, 1],
			"scale": [0.44, 0.44, 0.44]
		},
		"thirdperson_lefthand": {
			"rotation": [68, 180, 0],
			"translation": [-0.25, 0.75, 1],
			"scale": [0.44, 0.44, 0.44]
		},
		"firstperson_righthand": {
			"rotation": [5, -51, 0],
			"translation": [1, 5, 0.75],
			"scale": [0.48, 0.48, 0.48]
		},
		"firstperson_lefthand": {
			"rotation": [5, -51, 0],
			"translation": [1, 5, 0.75],
			"scale": [0.48, 0.48, 0.48]
		},
		"ground": {
			"translation": [0, 4, 0]
		},
		"gui": {
			"rotation": [35, -35, 0],
			"translation": [0, 1.75, 0],
			"scale": [0.79, 0.79, 0.79]
		},
		"head": {
			"rotation": [0, 180, 0],
			"translation": [0, 14.25, 0]
		},
		"fixed": {
			"rotation": [-90, 0, 0],
			"translation": [0, 0, -12],
			"scale": [1.5, 1.5, 1.5]
		}
	}
}