{
	"credit": "Made with Blockbench",
	"texture_size": [32, 32],
	"textures": {
		"2": "item/easterbask",
		"particle": "item/easterbask"
	},
	"elements": [
		{
			"name": "basket_body",
			"from": [3.5, 0, 3.5],
			"to": [12.5, 4, 12.5],
			"rotation": {"angle": 0, "axis": "y", "origin": [8, 2, 8]},
			"faces": {
				"north": {"uv": [0, 4.5, 4.5, 6.5], "texture": "#2"},
				"east": {"uv": [0, 4.5, 4.5, 6.5], "texture": "#2"},
				"south": {"uv": [0, 4.5, 4.5, 6.5], "texture": "#2"},
				"west": {"uv": [0, 4.5, 4.5, 6.5], "texture": "#2"},
				"up": {"uv": [0, 4.5, 4.5, 0], "texture": "#2"},
				"down": {"uv": [4.5, 0, 9, 4.5], "texture": "#2"}
			}
		},
		{
			"name": "handle1",
			"from": [12.5, 4.5, 7.5],
			"to": [13.5, 10.5, 8.5],
			"rotation": {"angle": 0, "axis": "z", "origin": [13, 5, 8.5]},
			"faces": {
				"north": {"uv": [14.5, 13, 15, 16], "texture": "#2"},
				"east": {"uv": [14, 13, 14.5, 16], "texture": "#2"},
				"south": {"uv": [15.5, 13, 16, 16], "texture": "#2"},
				"west": {"uv": [15, 13, 15.5, 16], "texture": "#2"},
				"up": {"uv": [14.5, 12.5, 15, 13], "texture": "#2"},
				"down": {"uv": [15, 12.5, 15.5, 13], "texture": "#2"}
			}
		},
		{
			"name": "handle2",
			"from": [2.5, 4.5, 7.5],
			"to": [3.5, 10.5, 8.5],
			"rotation": {"angle": 0, "axis": "z", "origin": [3, 5, 8.5]},
			"faces": {
				"north": {"uv": [15, 13, 14.5, 16], "texture": "#2"},
				"east": {"uv": [15.5, 13, 15, 16], "texture": "#2"},
				"south": {"uv": [16, 13, 15.5, 16], "texture": "#2"},
				"west": {"uv": [14.5, 13, 14, 16], "texture": "#2"},
				"up": {"uv": [15, 12.5, 14.5, 13], "texture": "#2"},
				"down": {"uv": [15.5, 12.5, 15, 13], "texture": "#2"}
			}
		},
		{
			"name": "handle4",
			"from": [12.25, 11, 7.5],
			"to": [13.25, 15, 8.5],
			"rotation": {"angle": 45, "axis": "z", "origin": [13, 11, 8.5]},
			"faces": {
				"north": {"uv": [14.5, 14, 15, 16], "texture": "#2"},
				"east": {"uv": [14, 14, 14.5, 16], "texture": "#2"},
				"south": {"uv": [15.5, 14, 16, 16], "texture": "#2"},
				"west": {"uv": [15, 14, 15.5, 16], "texture": "#2"},
				"up": {"uv": [14.5, 12.5, 15, 13], "texture": "#2"},
				"down": {"uv": [15, 12.5, 15.5, 13], "texture": "#2"}
			}
		},
		{
			"name": "handle5",
			"from": [2.75, 11, 7.5],
			"to": [3.75, 15, 8.5],
			"rotation": {"angle": -45, "axis": "z", "origin": [3, 11, 8.5]},
			"faces": {
				"north": {"uv": [15, 14, 14.5, 16], "texture": "#2"},
				"east": {"uv": [15.5, 14, 15, 16], "texture": "#2"},
				"south": {"uv": [16, 14, 15.5, 16], "texture": "#2"},
				"west": {"uv": [14.5, 14, 14, 16], "texture": "#2"},
				"up": {"uv": [15, 12.5, 14.5, 13], "texture": "#2"},
				"down": {"uv": [15.5, 12.5, 15, 13], "texture": "#2"}
			}
		},
		{
			"name": "handle5",
			"from": [5.20926, 12.56586, 7.25],
			"to": [10.70926, 14.06586, 8.75],
			"rotation": {"angle": 0, "axis": "z", "origin": [9.47703, 13.81586, 8]},
			"faces": {
				"north": {"uv": [15, 6, 15.5, 8.5], "rotation": 90, "texture": "#2"},
				"east": {"uv": [14, 6, 14.5, 6.5], "rotation": 270, "texture": "#2"},
				"south": {"uv": [14, 6, 14.5, 8.5], "rotation": 270, "texture": "#2"},
				"west": {"uv": [14, 6, 14.5, 6.5], "rotation": 270, "texture": "#2"},
				"up": {"uv": [14.5, 6, 15, 8.5], "rotation": 270, "texture": "#2"},
				"down": {"uv": [15.5, 6, 16, 8.5], "rotation": 270, "texture": "#2"}
			}
		},
		{
			"name": "bow1",
			"from": [6.25, 12, 7.5],
			"to": [9.75, 15.5, 8],
			"rotation": {"angle": 45, "axis": "x", "origin": [8, 14.25, 8]},
			"faces": {
				"north": {"uv": [14.5, 8.5, 16, 10], "rotation": 180, "texture": "#2"},
				"east": {"uv": [14.5, 8.5, 16, 9], "rotation": 90, "texture": "#2"},
				"south": {"uv": [14.5, 8.5, 16, 10], "texture": "#2"},
				"west": {"uv": [14.5, 8.5, 16, 9], "rotation": 270, "texture": "#2"},
				"up": {"uv": [14.5, 8.5, 16, 10], "texture": "#2"},
				"down": {"uv": [14.5, 8.5, 16, 9], "rotation": 180, "texture": "#2"}
			}
		},
		{
			"name": "bow2",
			"from": [9.75, 11.75, 7.5],
			"to": [13.75, 14.75, 7.5],
			"rotation": {"angle": 45, "axis": "x", "origin": [8, 14.25, 8]},
			"faces": {
				"north": {"uv": [12.5, 8.5, 14.5, 10], "rotation": 180, "texture": "#2"},
				"east": {"uv": [12.5, 16, 12.5, 21], "rotation": 90, "texture": "#2"},
				"south": {"uv": [12.5, 10, 14.5, 11.5], "texture": "#2"},
				"west": {"uv": [12.5, 16, 12.5, 24], "rotation": 270, "texture": "#2"},
				"up": {"uv": [12.5, 16, 12.5, 21.5], "texture": "#2"},
				"down": {"uv": [12.5, 16, 12.5, 25], "rotation": 180, "texture": "#2"}
			}
		},
		{
			"name": "bow3",
			"from": [2.25, 11.75, 7.5],
			"to": [6.25, 14.75, 7.5],
			"rotation": {"angle": 45, "axis": "x", "origin": [8, 14.25, 8]},
			"faces": {
				"north": {"uv": [14.5, 8.5, 12.5, 10], "rotation": 180, "texture": "#2"},
				"east": {"uv": [12.5, 24, 12.5, 16], "rotation": 270, "texture": "#2"},
				"south": {"uv": [14.5, 10, 12.5, 11.5], "texture": "#2"},
				"west": {"uv": [12.5, 21, 12.5, 16], "rotation": 90, "texture": "#2"},
				"up": {"uv": [12.5, 16, 12.5, 21.5], "texture": "#2"},
				"down": {"uv": [12.5, 16, 12.5, 25], "rotation": 180, "texture": "#2"}
			}
		},
		{
			"name": "basket_bottom",
			"from": [4.5, 0.25, 4.5],
			"to": [11.5, 0.25, 11.5],
			"rotation": {"angle": 0, "axis": "y", "origin": [8, 2, 8]},
			"faces": {
				"north": {"uv": [0, 0, 9, 4], "texture": "#missing"},
				"east": {"uv": [0, 0, 9, 4], "texture": "#missing"},
				"south": {"uv": [0, 0, 9, 4], "texture": "#missing"},
				"west": {"uv": [0, 0, 9, 4], "texture": "#missing"},
				"up": {"uv": [12.5, 0, 16, 3.5], "texture": "#2"},
				"down": {"uv": [0, 0, 4.5, 4.5], "texture": "#missing"}
			}
		},
		{
			"name": "basket_bottom_filled",
			"from": [4.5, 3.25, 4.5],
			"to": [11.5, 3.25, 11.5],
			"rotation": {"angle": 0, "axis": "y", "origin": [8, 2, 8]},
			"faces": {
				"north": {"uv": [3.5, 0, 12.5, 4], "texture": "#2"},
				"east": {"uv": [0, 0, 9, 4], "texture": "#missing"},
				"south": {"uv": [0, 0, 9, 4], "texture": "#missing"},
				"west": {"uv": [0, 0, 9, 4], "texture": "#missing"},
				"up": {"uv": [9, 0, 12.5, 3.5], "texture": "#2"},
				"down": {"uv": [0, 0, 4.5, 4.5], "texture": "#missing"}
			}
		},
		{
			"name": "bakset_side1",
			"from": [4.5, 0.25, 4.5],
			"to": [11.5, 5.25, 4.5],
			"rotation": {"angle": 0, "axis": "y", "origin": [8, 2.75, 4.5]},
			"faces": {
				"north": {"uv": [0, 0, 1.75, 1.25], "texture": "#missing"},
				"east": {"uv": [0, 0, 0, 1.25], "texture": "#missing"},
				"south": {"uv": [12.5, 3.5, 16, 6], "texture": "#2"},
				"west": {"uv": [0, 0, 0, 1.25], "texture": "#missing"},
				"up": {"uv": [12, 19.5, 12, 16], "texture": "#missing"},
				"down": {"uv": [0, 0, 1.75, 0], "texture": "#missing"}
			}
		},
		{
			"name": "bakset_side2",
			"from": [11.5, 0.25, 4.5],
			"to": [11.5, 5.25, 11.5],
			"rotation": {"angle": 0, "axis": "y", "origin": [8, 2.75, 4.5]},
			"faces": {
				"north": {"uv": [0, 0, 0, 1.25], "texture": "#missing"},
				"east": {"uv": [0, 0, 1.75, 1.25], "texture": "#missing"},
				"south": {"uv": [0, 0, 0, 1.25], "texture": "#missing"},
				"west": {"uv": [12.5, 3.5, 16, 6], "texture": "#2"},
				"up": {"uv": [12, 19.5, 12, 16], "rotation": 90, "texture": "#missing"},
				"down": {"uv": [0, 0, 1.75, 0], "rotation": 270, "texture": "#missing"}
			}
		},
		{
			"name": "bakset_side3",
			"from": [4.5, 0.25, 11.5],
			"to": [11.5, 5.25, 11.5],
			"rotation": {"angle": 0, "axis": "y", "origin": [11.5, 2.75, 8]},
			"faces": {
				"north": {"uv": [12.5, 3.5, 16, 6], "texture": "#2"},
				"east": {"uv": [0, 0, 0, 1.25], "texture": "#missing"},
				"south": {"uv": [0, 0, 1.75, 1.25], "texture": "#missing"},
				"west": {"uv": [0, 0, 0, 1.25], "texture": "#missing"},
				"up": {"uv": [12, 19.5, 12, 16], "rotation": 180, "texture": "#missing"},
				"down": {"uv": [0, 0, 1.75, 0], "rotation": 180, "texture": "#missing"}
			}
		},
		{
			"name": "bakset_side4",
			"from": [4.5, 0.25, 4.5],
			"to": [4.5, 5.25, 11.5],
			"rotation": {"angle": 0, "axis": "y", "origin": [8, 2.75, 11.5]},
			"faces": {
				"north": {"uv": [0, 0, 0, 1.25], "texture": "#missing"},
				"east": {"uv": [12.5, 3.5, 16, 6], "texture": "#2"},
				"south": {"uv": [0, 0, 0, 1.25], "texture": "#missing"},
				"west": {"uv": [0, 0, 1.75, 1.25], "texture": "#missing"},
				"up": {"uv": [12, 19.5, 12, 16], "rotation": 270, "texture": "#missing"},
				"down": {"uv": [0, 0, 1.75, 0], "rotation": 90, "texture": "#missing"}
			}
		},
		{
			"name": "basket_top1",
			"from": [2.97, 3.25, 3.25],
			"to": [4.47, 5.75, 12.75],
			"rotation": {"angle": 0, "axis": "y", "origin": [8, 2, 8]},
			"faces": {
				"north": {"uv": [4.5, 5.5, 5, 6.5], "texture": "#2"},
				"east": {"uv": [4.5, 4.5, 9, 5.5], "texture": "#2"},
				"south": {"uv": [8.5, 5.5, 9, 6.5], "texture": "#2"},
				"west": {"uv": [4.5, 5.5, 9, 6.5], "texture": "#2"},
				"up": {"uv": [13, 16, 13.5, 11.5], "texture": "#2"},
				"down": {"uv": [13.5, 11.5, 14, 16], "texture": "#2"}
			}
		},
		{
			"name": "basket_top2",
			"from": [11.53, 3.25, 3.25],
			"to": [13.03, 5.75, 12.75],
			"rotation": {"angle": 0, "axis": "y", "origin": [8, 2, 8]},
			"faces": {
				"north": {"uv": [5, 5.5, 4.5, 6.5], "texture": "#2"},
				"east": {"uv": [9, 5.5, 4.5, 6.5], "texture": "#2"},
				"south": {"uv": [9, 5.5, 8.5, 6.5], "texture": "#2"},
				"west": {"uv": [9, 4.5, 4.5, 5.5], "texture": "#2"},
				"up": {"uv": [13.5, 16, 13, 11.5], "texture": "#2"},
				"down": {"uv": [14, 11.5, 13.5, 16], "texture": "#2"}
			}
		},
		{
			"name": "basket_top3",
			"from": [3.25, 3.15, 11.53],
			"to": [12.75, 5.65, 13.03],
			"rotation": {"angle": 0, "axis": "y", "origin": [3.5, 4.25, 8]},
			"faces": {
				"north": {"uv": [4.5, 4.5, 9, 5.5], "texture": "#2"},
				"east": {"uv": [8.5, 5.5, 9, 6.5], "texture": "#2"},
				"south": {"uv": [4.5, 5.5, 9, 6.5], "texture": "#2"},
				"west": {"uv": [4.5, 5.5, 5, 6.5], "texture": "#2"},
				"up": {"uv": [13, 16, 13.5, 11.5], "rotation": 270, "texture": "#2"},
				"down": {"uv": [13.5, 11.5, 14, 16], "rotation": 90, "texture": "#2"}
			}
		},
		{
			"name": "basket_top4",
			"from": [3.25, 3.15, 2.97],
			"to": [12.75, 5.65, 4.47],
			"rotation": {"angle": 0, "axis": "y", "origin": [3.5, 4.25, 8]},
			"faces": {
				"north": {"uv": [9, 5.5, 4.5, 6.5], "texture": "#2"},
				"east": {"uv": [9, 5.5, 8.5, 6.5], "texture": "#2"},
				"south": {"uv": [9, 4.5, 4.5, 5.5], "texture": "#2"},
				"west": {"uv": [5, 5.5, 4.5, 6.5], "texture": "#2"},
				"up": {"uv": [13.5, 16, 13, 11.5], "rotation": 270, "texture": "#2"},
				"down": {"uv": [14, 11.5, 13.5, 16], "rotation": 90, "texture": "#2"}
			}
		},
		{
			"name": "flowers1",
			"from": [3, 3.25, 8],
			"to": [13, 8.25, 8],
			"rotation": {"angle": 45, "axis": "y", "origin": [8, 7.75, 8]},
			"faces": {
				"north": {"uv": [0, 13.5, 5, 16], "texture": "#2"},
				"east": {"uv": [0, 0, 0, 2.5], "texture": "#missing"},
				"south": {"uv": [0, 13.5, 5, 16], "texture": "#2"},
				"west": {"uv": [0, 0, 0, 2.5], "texture": "#missing"},
				"up": {"uv": [0, 0, 4.5, 0], "texture": "#missing"},
				"down": {"uv": [0, 0, 4.5, 0], "texture": "#missing"}
			}
		},
		{
			"name": "flowers2",
			"from": [3, 3.25, 8],
			"to": [13, 8.25, 8],
			"rotation": {"angle": -45, "axis": "y", "origin": [8, 7.75, 8]},
			"faces": {
				"north": {"uv": [0, 13.5, 5, 16], "texture": "#2"},
				"east": {"uv": [0, 0, 0, 2.5], "texture": "#missing"},
				"south": {"uv": [0, 13.5, 5, 16], "texture": "#2"},
				"west": {"uv": [0, 0, 0, 2.5], "texture": "#missing"},
				"up": {"uv": [0, 0, 4.5, 0], "texture": "#missing"},
				"down": {"uv": [0, 0, 4.5, 0], "texture": "#missing"}
			}
		},
		{
			"name": "flowers3",
			"from": [4, 3.25, 8],
			"to": [12, 11.25, 8],
			"rotation": {"angle": 0, "axis": "y", "origin": [8, 5.75, 8]},
			"faces": {
				"north": {"uv": [5.5, 12, 9.5, 16], "texture": "#2"},
				"east": {"uv": [0, 0, 0, 3.5], "texture": "#missing"},
				"south": {"uv": [5.5, 12, 9.5, 16], "texture": "#2"},
				"west": {"uv": [0, 0, 0, 3.5], "texture": "#missing"},
				"up": {"uv": [0, 0, 3, 0], "texture": "#missing"},
				"down": {"uv": [0, 0, 3, 0], "texture": "#missing"}
			}
		},
		{
			"name": "flowers4",
			"from": [8, 3.25, 4],
			"to": [8, 11.25, 12],
			"rotation": {"angle": 0, "axis": "y", "origin": [8, 5.75, 8]},
			"faces": {
				"north": {"uv": [0, 0, 0, 3.5], "texture": "#missing"},
				"east": {"uv": [5.5, 12, 9.5, 16], "texture": "#2"},
				"south": {"uv": [0, 0, 0, 3.5], "texture": "#missing"},
				"west": {"uv": [5.5, 12, 9.5, 16], "texture": "#2"},
				"up": {"uv": [0, 0, 3, 0], "rotation": 270, "texture": "#missing"},
				"down": {"uv": [0, 0, 3, 0], "rotation": 90, "texture": "#missing"}
			}
		},
		{
			"name": "leaves1",
			"from": [3, 2.75, 4],
			"to": [3, 8.75, 12],
			"rotation": {"angle": 45, "axis": "z", "origin": [4.5, 8, 8]},
			"faces": {
				"north": {"uv": [0, 0, 0, 3.5], "texture": "#missing"},
				"east": {"uv": [0, 10, 4, 13], "texture": "#2"},
				"south": {"uv": [0, 0, 0, 3.5], "texture": "#missing"},
				"west": {"uv": [0, 10, 4, 13], "texture": "#2"},
				"up": {"uv": [0, 0, 3, 0], "rotation": 270, "texture": "#missing"},
				"down": {"uv": [0, 0, 3, 0], "rotation": 90, "texture": "#missing"}
			}
		},
		{
			"name": "leaves2",
			"from": [13, 2.75, 4],
			"to": [13, 8.75, 12],
			"rotation": {"angle": -45, "axis": "z", "origin": [11.5, 8, 8]},
			"faces": {
				"north": {"uv": [0, 0, 0, 3.5], "texture": "#missing"},
				"east": {"uv": [4, 10, 0, 13], "texture": "#2"},
				"south": {"uv": [0, 0, 0, 3.5], "texture": "#missing"},
				"west": {"uv": [4, 10, 0, 13], "texture": "#2"},
				"up": {"uv": [0, 0, 3, 0], "rotation": 270, "texture": "#missing"},
				"down": {"uv": [0, 0, 3, 0], "rotation": 90, "texture": "#missing"}
			}
		},
		{
			"name": "leaves3",
			"from": [4, 4, 4.75],
			"to": [12, 4, 10.75],
			"rotation": {"angle": 45, "axis": "x", "origin": [11.5, 8, 8]},
			"faces": {
				"north": {"uv": [0, 0, 3, 0], "rotation": 180, "texture": "#missing"},
				"east": {"uv": [0, 0, 0, 3.5], "rotation": 90, "texture": "#missing"},
				"south": {"uv": [0, 0, 3, 0], "texture": "#missing"},
				"west": {"uv": [0, 0, 0, 3.5], "rotation": 270, "texture": "#missing"},
				"up": {"uv": [4, 10, 0, 13], "texture": "#2"},
				"down": {"uv": [4, 10, 0, 13], "rotation": 180, "texture": "#2"}
			}
		},
		{
			"name": "leaves4",
			"from": [4, 4, 5.25],
			"to": [12, 4, 11.25],
			"rotation": {"angle": -45, "axis": "x", "origin": [11.5, 8, 8]},
			"faces": {
				"north": {"uv": [3, 0, 0, 0], "texture": "#missing"},
				"east": {"uv": [0, 3.5, 0, 0], "rotation": 90, "texture": "#missing"},
				"south": {"uv": [3, 0, 0, 0], "rotation": 180, "texture": "#missing"},
				"west": {"uv": [0, 3.5, 0, 0], "rotation": 270, "texture": "#missing"},
				"up": {"uv": [4, 13, 0, 10], "texture": "#2"},
				"down": {"uv": [4, 13, 0, 10], "rotation": 180, "texture": "#2"}
			}
		}
	],
	"overrides": [
		{
			"predicate": {
				"filled": 0.001
			},
			"model": "item/bundle_filled1"
		},
		{
			"predicate": {
				"filled": 0.33
			},
			"model": "item/bundle_filled2"
		},
		{
			"predicate": {
				"filled": 0.66
			},
			"model": "item/bundle_filled3"
		},
		{
			"predicate": {
				"filled": 1
			},
			"model": "item/bundle_filled"
		}
	],
	"display": {
		"thirdperson_righthand": {
			"rotation": [67, 0, 10],
			"translation": [0.75, -3.75, -3.25],
			"scale": [0.75, 0.75, 0.75]
		},
		"thirdperson_lefthand": {
			"rotation": [67, 0, 10],
			"translation": [0.75, -3.75, -3.25],
			"scale": [0.75, 0.75, 0.75]
		},
		"ground": {
			"translation": [0, 1.25, 0],
			"scale": [0.35, 0.35, 0.35]
		},
		"gui": {
			"rotation": [25, -135, 0],
			"translation": [0, 1.5, 0],
			"scale": [0.9, 0.9, 0.9]
		},
		"head": {
			"translation": [0, 14.25, 0]
		},
		"fixed": {
			"rotation": [-90, 0, 0],
			"translation": [0, 0, -16],
			"scale": [2, 2, 2]
		}
	},
	"groups": [0,
		{
			"name": "handle",
			"origin": [8, 8, 8],
			"children": [1, 2, 3, 4, 5,
				{
					"name": "bow",
					"origin": [9.47703, 13.81586, 8],
					"children": [6, 7, 8]
				}
			]
		},
		{
			"name": "basket_interior",
			"origin": [8, 8, 8],
			"children": [9, 10, 11, 12, 13, 14]
		},
		{
			"name": "basket_top",
			"origin": [8, 2, 8],
			"children": [15, 16, 17, 18]
		},
		{
			"name": "flowers",
			"origin": [8, 8, 8],
			"children": [19, 20, 21, 22, 23, 24, 25, 26]
		}
	]
}