{
	"credit": "Made with Blockbench",
	"texture_size": [32, 32],
	"textures": {
		"1": "item/eggdazey"
	},
	"elements": [
		{
			"from": [5, 0, 5],
			"to": [11, 2, 11],
			"rotation": {"angle": 0, "axis": "y", "origin": [7, 0, 7]},
			"faces": {
				"north": {"uv": [10, 10, 13, 11], "texture": "#1"},
				"east": {"uv": [4, 11, 7, 12], "texture": "#1"},
				"south": {"uv": [11, 4, 14, 5], "texture": "#1"},
				"west": {"uv": [11, 5, 14, 6], "texture": "#1"},
				"up": {"uv": [7, 11, 4, 8], "texture": "#1"},
				"down": {"uv": [11, 4, 8, 7], "texture": "#1"}
			}
		},
		{
			"from": [5, 10, 5],
			"to": [11, 11, 11],
			"rotation": {"angle": 0, "axis": "y", "origin": [7, 9.5, 7]},
			"faces": {
				"north": {"uv": [11, 6.5, 14, 7], "texture": "#1"},
				"east": {"uv": [7, 11.5, 10, 12], "texture": "#1"},
				"south": {"uv": [10, 11.5, 13, 12], "texture": "#1"},
				"west": {"uv": [0, 12.5, 3, 13], "texture": "#1"},
				"up": {"uv": [10, 11, 7, 8], "texture": "#1"},
				"down": {"uv": [13, 7, 10, 10], "texture": "#1"}
			}
		},
		{
			"from": [4, 2, 4],
			"to": [12, 10, 12],
			"rotation": {"angle": 0, "axis": "y", "origin": [7, 2, 7]},
			"faces": {
				"north": {"uv": [0, 0, 4, 4], "texture": "#1"},
				"east": {"uv": [0, 4, 4, 8], "texture": "#1"},
				"south": {"uv": [4, 0, 8, 4], "texture": "#1"},
				"west": {"uv": [4, 4, 8, 8], "texture": "#1"},
				"up": {"uv": [4, 12, 0, 8], "texture": "#1"},
				"down": {"uv": [12, 0, 8, 4], "texture": "#1"}
			}
		}
	],
	"display": {
		"thirdperson_righthand": {
			"rotation": [52, 0, 0],
			"translation": [0, 0.25, 0.25],
			"scale": [0.25, 0.25, 0.25]
		},
		"thirdperson_lefthand": {
			"rotation": [52, 0, 0],
			"translation": [0, 0.25, 0.25],
			"scale": [0.25, 0.25, 0.25]
		},
		"firstperson_righthand": {
			"rotation": [0, 135, 0],
			"translation": [3, 2.25, 0],
			"scale": [0.24, 0.24, 0.24]
		},
		"firstperson_lefthand": {
			"rotation": [0, 135, 0],
			"translation": [3, 2.25, 0],
			"scale": [0.24, 0.24, 0.24]
		},
		"ground": {
			"translation": [0, 1, 0],
			"scale": [0.24, 0.24, 0.24]
		},
		"gui": {
			"rotation": [31, 138, 0],
			"translation": [0, 1.75, 0],
			"scale": [0.7, 0.7, 0.7]
		},
		"head": {
			"translation": [0, 8.5, 0],
			"scale": [0.24, 0.24, 0.24]
		},
		"fixed": {
			"rotation": [-90, 0, 0],
			"translation": [0, 0, -4],
			"scale": [0.5, 0.5, 0.5]
		}
	}
}