{
	"credit": "Designed by LastLife",
	"textures": {
		"particle": "item/excalibur",
		"texture": "item/excalibur"
	},
	"elements": [
		{
			"from": [7.75, -0.75, 7.75],
			"to": [8.375, -0.5, 8.125],
			"faces": {
				"north": {"uv": [12.96, 0.96, 15.04, 3.04], "texture": "#texture"},
				"east": {"uv": [12.96, 0.96, 15.04, 3.04], "texture": "#texture"},
				"south": {"uv": [12.96, 0.96, 15.04, 3.04], "texture": "#texture"},
				"west": {"uv": [12.96, 0.96, 15.04, 3.04], "texture": "#texture"},
				"down": {"uv": [12.96, 0.96, 15.04, 3.04], "texture": "#texture"}
			}
		},
		{
			"from": [7.75, -0.5, 7.75],
			"to": [8.375, 0, 8.125],
			"faces": {
				"north": {"uv": [0.96, 4.96, 3.04, 7.04], "texture": "#texture"},
				"east": {"uv": [0.96, 4.96, 3.04, 7.04], "texture": "#texture"},
				"south": {"uv": [0.96, 4.96, 3.04, 7.04], "texture": "#texture"},
				"west": {"uv": [0.96, 4.96, 3.04, 7.04], "texture": "#texture"},
				"up": {"uv": [0.96, 4.96, 3.04, 7.04], "texture": "#texture"}
			}
		},
		{
			"from": [7.75, 2.25, 7.75],
			"to": [8.375, 2.75, 8.125],
			"faces": {
				"north": {"uv": [0.96, 4.96, 3.04, 7.04], "texture": "#texture"},
				"east": {"uv": [0.96, 4.96, 3.04, 7.04], "texture": "#texture"},
				"south": {"uv": [0.96, 4.96, 3.04, 7.04], "texture": "#texture"},
				"west": {"uv": [0.96, 4.96, 3.04, 7.04], "texture": "#texture"},
				"down": {"uv": [0.96, 4.96, 3.04, 7.04], "texture": "#texture"}
			}
		},
		{
			"from": [7.75, 2.75, 7.75],
			"to": [8.375, 2.875, 8.125],
			"faces": {
				"north": {"uv": [12.96, 0.96, 15.04, 3.04], "texture": "#texture"},
				"east": {"uv": [12.96, 0.96, 15.04, 3.04], "texture": "#texture"},
				"south": {"uv": [12.96, 0.96, 15.04, 3.04], "texture": "#texture"},
				"west": {"uv": [12.96, 0.96, 15.04, 3.04], "texture": "#texture"},
				"up": {"uv": [12.96, 0.96, 15.04, 3.04], "texture": "#texture"}
			}
		},
		{
			"from": [7.75, 3, 7.125],
			"to": [8.375, 3.125, 7.875],
			"faces": {
				"north": {"uv": [12.96, 0.96, 15.04, 3.04], "texture": "#texture"},
				"east": {"uv": [12.96, 0.96, 15.04, 3.04], "texture": "#texture"},
				"south": {"uv": [12.96, 0.96, 15.04, 3.04], "texture": "#texture"},
				"west": {"uv": [12.96, 0.96, 15.04, 3.04], "texture": "#texture"},
				"up": {"uv": [12.96, 0.96, 15.04, 3.04], "texture": "#texture"},
				"down": {"uv": [12.96, 0.96, 15.04, 3.04], "texture": "#texture"}
			}
		},
		{
			"from": [7.75, 3, 8],
			"to": [8.375, 3.625, 8.125],
			"faces": {
				"north": {"uv": [12.96, 0.96, 15.04, 3.04], "texture": "#texture"},
				"east": {"uv": [12.96, 0.96, 15.04, 3.04], "texture": "#texture"},
				"south": {"uv": [12.96, 0.96, 15.04, 3.04], "texture": "#texture"},
				"west": {"uv": [12.96, 0.96, 15.04, 3.04], "texture": "#texture"},
				"up": {"uv": [12.96, 0.96, 15.04, 3.04], "texture": "#texture"},
				"down": {"uv": [12.96, 0.96, 15.04, 3.04], "texture": "#texture"}
			}
		},
		{
			"from": [7.75, 3, 8.125],
			"to": [8.375, 3.375, 8.25],
			"faces": {
				"east": {"uv": [12.96, 0.96, 15.04, 3.04], "texture": "#texture"},
				"south": {"uv": [12.96, 0.96, 15.04, 3.04], "texture": "#texture"},
				"west": {"uv": [12.96, 0.96, 15.04, 3.04], "texture": "#texture"},
				"up": {"uv": [12.96, 0.96, 15.04, 3.04], "texture": "#texture"},
				"down": {"uv": [12.96, 0.96, 15.04, 3.04], "texture": "#texture"}
			}
		},
		{
			"from": [7.75, 3, 8.25],
			"to": [8.375, 3.25, 8.5],
			"faces": {
				"east": {"uv": [12.96, 0.96, 15.04, 3.04], "texture": "#texture"},
				"south": {"uv": [12.96, 0.96, 15.04, 3.04], "texture": "#texture"},
				"west": {"uv": [12.96, 0.96, 15.04, 3.04], "texture": "#texture"},
				"up": {"uv": [12.96, 0.96, 15.04, 3.04], "texture": "#texture"},
				"down": {"uv": [12.96, 0.96, 15.04, 3.04], "texture": "#texture"}
			}
		},
		{
			"from": [7.75, 3, 8.5],
			"to": [8.375, 3.125, 8.75],
			"faces": {
				"east": {"uv": [12.96, 0.96, 15.04, 3.04], "texture": "#texture"},
				"south": {"uv": [12.96, 0.96, 15.04, 3.04], "texture": "#texture"},
				"west": {"uv": [12.96, 0.96, 15.04, 3.04], "texture": "#texture"},
				"up": {"uv": [12.96, 0.96, 15.04, 3.04], "texture": "#texture"},
				"down": {"uv": [12.96, 0.96, 15.04, 3.04], "texture": "#texture"}
			}
		},
		{
			"from": [7.75, 3.125, 6.75],
			"to": [8.375, 3.375, 6.875],
			"faces": {
				"north": {"uv": [12.96, 0.96, 15.04, 3.04], "texture": "#texture"},
				"east": {"uv": [12.96, 0.96, 15.04, 3.04], "texture": "#texture"},
				"south": {"uv": [12.96, 0.96, 15.04, 3.04], "texture": "#texture"},
				"west": {"uv": [12.96, 0.96, 15.04, 3.04], "texture": "#texture"},
				"up": {"uv": [12.96, 0.96, 15.04, 3.04], "texture": "#texture"},
				"down": {"uv": [12.96, 0.96, 15.04, 3.04], "texture": "#texture"}
			}
		},
		{
			"from": [7.75, 3.125, 6.875],
			"to": [8.375, 3.25, 7.125],
			"faces": {
				"east": {"uv": [12.96, 0.96, 15.04, 3.04], "texture": "#texture"},
				"south": {"uv": [12.96, 0.96, 15.04, 3.04], "texture": "#texture"},
				"west": {"uv": [12.96, 0.96, 15.04, 3.04], "texture": "#texture"},
				"up": {"uv": [12.96, 0.96, 15.04, 3.04], "texture": "#texture"},
				"down": {"uv": [12.96, 0.96, 15.04, 3.04], "texture": "#texture"}
			}
		},
		{
			"from": [7.75, 3.125, 7.375],
			"to": [8.375, 3.25, 7.875],
			"faces": {
				"north": {"uv": [12.96, 0.96, 15.04, 3.04], "texture": "#texture"},
				"east": {"uv": [12.96, 0.96, 15.04, 3.04], "texture": "#texture"},
				"south": {"uv": [12.96, 0.96, 15.04, 3.04], "texture": "#texture"},
				"west": {"uv": [12.96, 0.96, 15.04, 3.04], "texture": "#texture"},
				"up": {"uv": [12.96, 0.96, 15.04, 3.04], "texture": "#texture"}
			}
		},
		{
			"from": [7.75, 3.125, 8.75],
			"to": [8.375, 3.25, 9.125],
			"faces": {
				"north": {"uv": [12.96, 0.96, 15.04, 3.04], "texture": "#texture"},
				"east": {"uv": [12.96, 0.96, 15.04, 3.04], "texture": "#texture"},
				"south": {"uv": [12.96, 0.96, 15.04, 3.04], "texture": "#texture"},
				"west": {"uv": [12.96, 0.96, 15.04, 3.04], "texture": "#texture"},
				"up": {"uv": [12.96, 0.96, 15.04, 3.04], "texture": "#texture"},
				"down": {"uv": [12.96, 0.96, 15.04, 3.04], "texture": "#texture"}
			}
		},
		{
			"from": [7.75, 3.25, 6.375],
			"to": [8.375, 3.5, 6.625],
			"faces": {
				"north": {"uv": [12.96, 0.96, 15.04, 3.04], "texture": "#texture"},
				"east": {"uv": [12.96, 0.96, 15.04, 3.04], "texture": "#texture"},
				"south": {"uv": [12.96, 0.96, 15.04, 3.04], "texture": "#texture"},
				"west": {"uv": [12.96, 0.96, 15.04, 3.04], "texture": "#texture"},
				"up": {"uv": [12.96, 0.96, 15.04, 3.04], "texture": "#texture"},
				"down": {"uv": [12.96, 0.96, 15.04, 3.04], "texture": "#texture"}
			}
		},
		{
			"from": [7.75, 3.25, 6.625],
			"to": [8.375, 3.375, 6.75],
			"faces": {
				"east": {"uv": [12.96, 0.96, 15.04, 3.04], "texture": "#texture"},
				"west": {"uv": [12.96, 0.96, 15.04, 3.04], "texture": "#texture"},
				"up": {"uv": [12.96, 0.96, 15.04, 3.04], "texture": "#texture"},
				"down": {"uv": [12.96, 0.96, 15.04, 3.04], "texture": "#texture"}
			}
		},
		{
			"from": [7.75, 3.25, 7.125],
			"to": [8.375, 3.625, 7.375],
			"faces": {
				"north": {"uv": [12.96, 0.96, 15.04, 3.04], "texture": "#texture"},
				"east": {"uv": [12.96, 0.96, 15.04, 3.04], "texture": "#texture"},
				"south": {"uv": [12.96, 0.96, 15.04, 3.04], "texture": "#texture"},
				"west": {"uv": [12.96, 0.96, 15.04, 3.04], "texture": "#texture"},
				"up": {"uv": [12.96, 0.96, 15.04, 3.04], "texture": "#texture"},
				"down": {"uv": [12.96, 0.96, 15.04, 3.04], "texture": "#texture"}
			}
		},
		{
			"from": [7.75, 3.25, 7.625],
			"to": [8.375, 3.375, 7.875],
			"faces": {
				"north": {"uv": [12.96, 0.96, 15.04, 3.04], "texture": "#texture"},
				"east": {"uv": [12.96, 0.96, 15.04, 3.04], "texture": "#texture"},
				"south": {"uv": [12.96, 0.96, 15.04, 3.04], "texture": "#texture"},
				"west": {"uv": [12.96, 0.96, 15.04, 3.04], "texture": "#texture"},
				"up": {"uv": [12.96, 0.96, 15.04, 3.04], "texture": "#texture"}
			}
		},
		{
			"from": [7.75, 3.25, 8.5],
			"to": [8.375, 3.625, 8.75],
			"faces": {
				"north": {"uv": [12.96, 0.96, 15.04, 3.04], "texture": "#texture"},
				"east": {"uv": [12.96, 0.96, 15.04, 3.04], "texture": "#texture"},
				"south": {"uv": [12.96, 0.96, 15.04, 3.04], "texture": "#texture"},
				"west": {"uv": [12.96, 0.96, 15.04, 3.04], "texture": "#texture"},
				"up": {"uv": [12.96, 0.96, 15.04, 3.04], "texture": "#texture"},
				"down": {"uv": [12.96, 0.96, 15.04, 3.04], "texture": "#texture"}
			}
		},
		{
			"from": [7.75, 3.25, 9],
			"to": [8.375, 3.375, 9.5],
			"faces": {
				"north": {"uv": [12.96, 0.96, 15.04, 3.04], "texture": "#texture"},
				"east": {"uv": [12.96, 0.96, 15.04, 3.04], "texture": "#texture"},
				"south": {"uv": [12.96, 0.96, 15.04, 3.04], "texture": "#texture"},
				"west": {"uv": [12.96, 0.96, 15.04, 3.04], "texture": "#texture"},
				"up": {"uv": [12.96, 0.96, 15.04, 3.04], "texture": "#texture"},
				"down": {"uv": [12.96, 0.96, 15.04, 3.04], "texture": "#texture"}
			}
		},
		{
			"from": [7.75, 3.375, 6.125],
			"to": [8.375, 3.625, 6.375],
			"faces": {
				"north": {"uv": [12.96, 0.96, 15.04, 3.04], "texture": "#texture"},
				"east": {"uv": [12.96, 0.96, 15.04, 3.04], "texture": "#texture"},
				"south": {"uv": [12.96, 0.96, 15.04, 3.04], "texture": "#texture"},
				"west": {"uv": [12.96, 0.96, 15.04, 3.04], "texture": "#texture"},
				"up": {"uv": [12.96, 0.96, 15.04, 3.04], "texture": "#texture"},
				"down": {"uv": [12.96, 0.96, 15.04, 3.04], "texture": "#texture"}
			}
		},
		{
			"from": [7.75, 3.375, 6.875],
			"to": [8.375, 3.75, 7],
			"faces": {
				"north": {"uv": [12.96, 0.96, 15.04, 3.04], "texture": "#texture"},
				"east": {"uv": [12.96, 0.96, 15.04, 3.04], "texture": "#texture"},
				"south": {"uv": [12.96, 0.96, 15.04, 3.04], "texture": "#texture"},
				"west": {"uv": [12.96, 0.96, 15.04, 3.04], "texture": "#texture"},
				"up": {"uv": [12.96, 0.96, 15.04, 3.04], "texture": "#texture"},
				"down": {"uv": [12.96, 0.96, 15.04, 3.04], "texture": "#texture"}
			}
		},
		{
			"from": [7.75, 3.375, 7],
			"to": [8.375, 3.625, 7.125],
			"faces": {
				"east": {"uv": [12.96, 0.96, 15.04, 3.04], "texture": "#texture"},
				"west": {"uv": [12.96, 0.96, 15.04, 3.04], "texture": "#texture"},
				"up": {"uv": [12.96, 0.96, 15.04, 3.04], "texture": "#texture"},
				"down": {"uv": [12.96, 0.96, 15.04, 3.04], "texture": "#texture"}
			}
		},
		{
			"from": [7.75, 3.375, 7.375],
			"to": [8.375, 3.625, 7.625],
			"faces": {
				"east": {"uv": [12.96, 0.96, 15.04, 3.04], "texture": "#texture"},
				"south": {"uv": [12.96, 0.96, 15.04, 3.04], "texture": "#texture"},
				"west": {"uv": [12.96, 0.96, 15.04, 3.04], "texture": "#texture"},
				"up": {"uv": [12.96, 0.96, 15.04, 3.04], "texture": "#texture"},
				"down": {"uv": [12.96, 0.96, 15.04, 3.04], "texture": "#texture"}
			}
		},
		{
			"from": [7.75, 3.375, 7.75],
			"to": [8.375, 3.625, 7.875],
			"faces": {
				"north": {"uv": [12.96, 0.96, 15.04, 3.04], "texture": "#texture"},
				"east": {"uv": [12.96, 0.96, 15.04, 3.04], "texture": "#texture"},
				"south": {"uv": [12.96, 0.96, 15.04, 3.04], "texture": "#texture"},
				"west": {"uv": [12.96, 0.96, 15.04, 3.04], "texture": "#texture"},
				"up": {"uv": [12.96, 0.96, 15.04, 3.04], "texture": "#texture"}
			}
		},
		{
			"from": [7.75, 3.375, 8.25],
			"to": [8.375, 3.625, 8.5],
			"faces": {
				"north": {"uv": [12.96, 0.96, 15.04, 3.04], "texture": "#texture"},
				"east": {"uv": [12.96, 0.96, 15.04, 3.04], "texture": "#texture"},
				"west": {"uv": [12.96, 0.96, 15.04, 3.04], "texture": "#texture"},
				"up": {"uv": [12.96, 0.96, 15.04, 3.04], "texture": "#texture"},
				"down": {"uv": [12.96, 0.96, 15.04, 3.04], "texture": "#texture"}
			}
		},
		{
			"from": [7.75, 3.375, 8.75],
			"to": [8.375, 3.625, 9],
			"faces": {
				"east": {"uv": [12.96, 0.96, 15.04, 3.04], "texture": "#texture"},
				"south": {"uv": [12.96, 0.96, 15.04, 3.04], "texture": "#texture"},
				"west": {"uv": [12.96, 0.96, 15.04, 3.04], "texture": "#texture"},
				"up": {"uv": [12.96, 0.96, 15.04, 3.04], "texture": "#texture"},
				"down": {"uv": [12.96, 0.96, 15.04, 3.04], "texture": "#texture"}
			}
		},
		{
			"from": [7.75, 3.375, 9.25],
			"to": [8.375, 3.5, 9.75],
			"faces": {
				"north": {"uv": [12.96, 0.96, 15.04, 3.04], "texture": "#texture"},
				"east": {"uv": [12.96, 0.96, 15.04, 3.04], "texture": "#texture"},
				"south": {"uv": [12.96, 0.96, 15.04, 3.04], "texture": "#texture"},
				"west": {"uv": [12.96, 0.96, 15.04, 3.04], "texture": "#texture"},
				"up": {"uv": [12.96, 0.96, 15.04, 3.04], "texture": "#texture"},
				"down": {"uv": [12.96, 0.96, 15.04, 3.04], "texture": "#texture"}
			}
		},
		{
			"from": [7.75, 3.5, 6.625],
			"to": [8.375, 3.75, 6.875],
			"faces": {
				"north": {"uv": [12.96, 0.96, 15.04, 3.04], "texture": "#texture"},
				"east": {"uv": [12.96, 0.96, 15.04, 3.04], "texture": "#texture"},
				"west": {"uv": [12.96, 0.96, 15.04, 3.04], "texture": "#texture"},
				"up": {"uv": [12.96, 0.96, 15.04, 3.04], "texture": "#texture"},
				"down": {"uv": [12.96, 0.96, 15.04, 3.04], "texture": "#texture"}
			}
		},
		{
			"from": [7.75, 3.5, 7.625],
			"to": [8.375, 3.625, 7.75],
			"faces": {
				"east": {"uv": [12.96, 0.96, 15.04, 3.04], "texture": "#texture"},
				"west": {"uv": [12.96, 0.96, 15.04, 3.04], "texture": "#texture"},
				"up": {"uv": [12.96, 0.96, 15.04, 3.04], "texture": "#texture"},
				"down": {"uv": [12.96, 0.96, 15.04, 3.04], "texture": "#texture"}
			}
		},
		{
			"from": [7.75, 3.5, 8.125],
			"to": [8.375, 3.625, 8.25],
			"faces": {
				"east": {"uv": [12.96, 0.96, 15.04, 3.04], "texture": "#texture"},
				"west": {"uv": [12.96, 0.96, 15.04, 3.04], "texture": "#texture"},
				"up": {"uv": [12.96, 0.96, 15.04, 3.04], "texture": "#texture"},
				"down": {"uv": [12.96, 0.96, 15.04, 3.04], "texture": "#texture"}
			}
		},
		{
			"from": [7.75, 3.5, 9],
			"to": [8.375, 3.75, 9.25],
			"faces": {
				"north": {"uv": [12.96, 0.96, 15.04, 3.04], "texture": "#texture"},
				"east": {"uv": [12.96, 0.96, 15.04, 3.04], "texture": "#texture"},
				"south": {"uv": [12.96, 0.96, 15.04, 3.04], "texture": "#texture"},
				"west": {"uv": [12.96, 0.96, 15.04, 3.04], "texture": "#texture"},
				"up": {"uv": [12.96, 0.96, 15.04, 3.04], "texture": "#texture"},
				"down": {"uv": [12.96, 0.96, 15.04, 3.04], "texture": "#texture"}
			}
		},
		{
			"from": [7.75, 3.5, 9.5],
			"to": [8.375, 3.625, 9.75],
			"faces": {
				"north": {"uv": [12.96, 0.96, 15.04, 3.04], "texture": "#texture"},
				"east": {"uv": [12.96, 0.96, 15.04, 3.04], "texture": "#texture"},
				"south": {"uv": [12.96, 0.96, 15.04, 3.04], "texture": "#texture"},
				"west": {"uv": [12.96, 0.96, 15.04, 3.04], "texture": "#texture"},
				"up": {"uv": [12.96, 0.96, 15.04, 3.04], "texture": "#texture"}
			}
		},
		{
			"from": [7.75, 3.625, 6.375],
			"to": [8.375, 4, 6.5],
			"faces": {
				"north": {"uv": [12.96, 0.96, 15.04, 3.04], "texture": "#texture"},
				"east": {"uv": [12.96, 0.96, 15.04, 3.04], "texture": "#texture"},
				"south": {"uv": [12.96, 0.96, 15.04, 3.04], "texture": "#texture"},
				"west": {"uv": [12.96, 0.96, 15.04, 3.04], "texture": "#texture"},
				"up": {"uv": [12.96, 0.96, 15.04, 3.04], "texture": "#texture"},
				"down": {"uv": [12.96, 0.96, 15.04, 3.04], "texture": "#texture"}
			}
		},
		{
			"from": [7.75, 3.625, 6.5],
			"to": [8.375, 3.875, 6.625],
			"faces": {
				"east": {"uv": [12.96, 0.96, 15.04, 3.04], "texture": "#texture"},
				"south": {"uv": [12.96, 0.96, 15.04, 3.04], "texture": "#texture"},
				"west": {"uv": [12.96, 0.96, 15.04, 3.04], "texture": "#texture"},
				"up": {"uv": [12.96, 0.96, 15.04, 3.04], "texture": "#texture"},
				"down": {"uv": [12.96, 0.96, 15.04, 3.04], "texture": "#texture"}
			}
		},
		{
			"from": [7.75, 3.625, 8.875],
			"to": [8.375, 3.75, 9],
			"faces": {
				"north": {"uv": [12.96, 0.96, 15.04, 3.04], "texture": "#texture"},
				"east": {"uv": [12.96, 0.96, 15.04, 3.04], "texture": "#texture"},
				"west": {"uv": [12.96, 0.96, 15.04, 3.04], "texture": "#texture"},
				"up": {"uv": [12.96, 0.96, 15.04, 3.04], "texture": "#texture"}
			}
		},
		{
			"from": [7.75, 3.625, 9.25],
			"to": [8.375, 3.875, 9.5],
			"faces": {
				"north": {"uv": [12.96, 0.96, 15.04, 3.04], "texture": "#texture"},
				"east": {"uv": [12.96, 0.96, 15.04, 3.04], "texture": "#texture"},
				"south": {"uv": [12.96, 0.96, 15.04, 3.04], "texture": "#texture"},
				"west": {"uv": [12.96, 0.96, 15.04, 3.04], "texture": "#texture"},
				"up": {"uv": [12.96, 0.96, 15.04, 3.04], "texture": "#texture"},
				"down": {"uv": [12.96, 0.96, 15.04, 3.04], "texture": "#texture"}
			}
		},
		{
			"from": [7.75, 3.75, 6.25],
			"to": [8.375, 4, 6.375],
			"faces": {
				"north": {"uv": [12.96, 0.96, 15.04, 3.04], "texture": "#texture"},
				"east": {"uv": [12.96, 0.96, 15.04, 3.04], "texture": "#texture"},
				"west": {"uv": [12.96, 0.96, 15.04, 3.04], "texture": "#texture"},
				"up": {"uv": [12.96, 0.96, 15.04, 3.04], "texture": "#texture"},
				"down": {"uv": [12.96, 0.96, 15.04, 3.04], "texture": "#texture"}
			}
		},
		{
			"from": [7.75, 3.75, 9.5],
			"to": [8.375, 4, 9.625],
			"faces": {
				"north": {"uv": [12.96, 0.96, 15.04, 3.04], "texture": "#texture"},
				"east": {"uv": [12.96, 0.96, 15.04, 3.04], "texture": "#texture"},
				"south": {"uv": [12.96, 0.96, 15.04, 3.04], "texture": "#texture"},
				"west": {"uv": [12.96, 0.96, 15.04, 3.04], "texture": "#texture"},
				"up": {"uv": [12.96, 0.96, 15.04, 3.04], "texture": "#texture"},
				"down": {"uv": [12.96, 0.96, 15.04, 3.04], "texture": "#texture"}
			}
		},
		{
			"from": [7.75, 3.875, 9.375],
			"to": [8.375, 4, 9.5],
			"faces": {
				"north": {"uv": [12.96, 0.96, 15.04, 3.04], "texture": "#texture"},
				"east": {"uv": [12.96, 0.96, 15.04, 3.04], "texture": "#texture"},
				"west": {"uv": [12.96, 0.96, 15.04, 3.04], "texture": "#texture"},
				"up": {"uv": [12.96, 0.96, 15.04, 3.04], "texture": "#texture"}
			}
		},
		{
			"from": [7.875, -0.75, 7.625],
			"to": [8.25, -0.5, 7.75],
			"faces": {
				"north": {"uv": [12.96, 0.96, 15.04, 3.04], "texture": "#texture"},
				"east": {"uv": [12.96, 0.96, 15.04, 3.04], "texture": "#texture"},
				"west": {"uv": [12.96, 0.96, 15.04, 3.04], "texture": "#texture"},
				"down": {"uv": [12.96, 0.96, 15.04, 3.04], "texture": "#texture"}
			}
		},
		{
			"from": [7.875, -0.75, 8.125],
			"to": [8.25, -0.5, 8.25],
			"faces": {
				"east": {"uv": [12.96, 0.96, 15.04, 3.04], "texture": "#texture"},
				"south": {"uv": [12.96, 0.96, 15.04, 3.04], "texture": "#texture"},
				"west": {"uv": [12.96, 0.96, 15.04, 3.04], "texture": "#texture"},
				"down": {"uv": [12.96, 0.96, 15.04, 3.04], "texture": "#texture"}
			}
		},
		{
			"from": [7.875, -0.5, 7.625],
			"to": [8.25, 0, 7.75],
			"faces": {
				"north": {"uv": [0.96, 4.96, 3.04, 7.04], "texture": "#texture"},
				"east": {"uv": [0.96, 4.96, 3.04, 7.04], "texture": "#texture"},
				"west": {"uv": [0.96, 4.96, 3.04, 7.04], "texture": "#texture"},
				"up": {"uv": [0.96, 4.96, 3.04, 7.04], "texture": "#texture"}
			}
		},
		{
			"from": [7.875, -0.5, 8.125],
			"to": [8.25, 0, 8.25],
			"faces": {
				"east": {"uv": [0.96, 4.96, 3.04, 7.04], "texture": "#texture"},
				"south": {"uv": [0.96, 4.96, 3.04, 7.04], "texture": "#texture"},
				"west": {"uv": [0.96, 4.96, 3.04, 7.04], "texture": "#texture"},
				"up": {"uv": [0.96, 4.96, 3.04, 7.04], "texture": "#texture"}
			}
		},
		{
			"from": [7.875, 0, 7.75],
			"to": [8.25, 2.25, 8.125],
			"faces": {
				"north": {"uv": [0.96, 4.96, 3.04, 7.04], "texture": "#texture"},
				"east": {"uv": [0.96, 4.96, 3.04, 7.04], "texture": "#texture"},
				"south": {"uv": [0.96, 4.96, 3.04, 7.04], "texture": "#texture"},
				"west": {"uv": [0.96, 4.96, 3.04, 7.04], "texture": "#texture"}
			}
		},
		{
			"from": [7.875, 2.25, 7.625],
			"to": [8.25, 2.75, 7.75],
			"faces": {
				"north": {"uv": [0.96, 4.96, 3.04, 7.04], "texture": "#texture"},
				"east": {"uv": [0.96, 4.96, 3.04, 7.04], "texture": "#texture"},
				"west": {"uv": [0.96, 4.96, 3.04, 7.04], "texture": "#texture"},
				"down": {"uv": [0.96, 4.96, 3.04, 7.04], "texture": "#texture"}
			}
		},
		{
			"from": [7.875, 2.25, 8.125],
			"to": [8.25, 2.75, 8.25],
			"faces": {
				"east": {"uv": [0.96, 4.96, 3.04, 7.04], "texture": "#texture"},
				"south": {"uv": [0.96, 4.96, 3.04, 7.04], "texture": "#texture"},
				"west": {"uv": [0.96, 4.96, 3.04, 7.04], "texture": "#texture"},
				"down": {"uv": [0.96, 4.96, 3.04, 7.04], "texture": "#texture"}
			}
		},
		{
			"from": [7.875, 2.75, 7.625],
			"to": [8.25, 2.875, 7.75],
			"faces": {
				"north": {"uv": [12.96, 0.96, 15.04, 3.04], "texture": "#texture"},
				"east": {"uv": [12.96, 0.96, 15.04, 3.04], "texture": "#texture"},
				"west": {"uv": [12.96, 0.96, 15.04, 3.04], "texture": "#texture"},
				"up": {"uv": [12.96, 0.96, 15.04, 3.04], "texture": "#texture"}
			}
		},
		{
			"from": [7.875, 2.75, 8.125],
			"to": [8.25, 2.875, 8.25],
			"faces": {
				"east": {"uv": [12.96, 0.96, 15.04, 3.04], "texture": "#texture"},
				"south": {"uv": [12.96, 0.96, 15.04, 3.04], "texture": "#texture"},
				"west": {"uv": [12.96, 0.96, 15.04, 3.04], "texture": "#texture"},
				"up": {"uv": [12.96, 0.96, 15.04, 3.04], "texture": "#texture"}
			}
		},
		{
			"from": [7.875, 2.875, 7.75],
			"to": [8.25, 3, 8.125],
			"faces": {
				"north": {"uv": [12.96, 0.96, 15.04, 3.04], "texture": "#texture"},
				"east": {"uv": [12.96, 0.96, 15.04, 3.04], "texture": "#texture"},
				"south": {"uv": [12.96, 0.96, 15.04, 3.04], "texture": "#texture"},
				"west": {"uv": [12.96, 0.96, 15.04, 3.04], "texture": "#texture"},
				"up": {"uv": [12.96, 0.96, 15.04, 3.04], "texture": "#texture"}
			}
		},
		{
			"from": [7.875, 3, 7.875],
			"to": [8.25, 3.75, 8],
			"faces": {
				"north": {"uv": [12.96, 0.96, 15.04, 3.04], "texture": "#texture"},
				"east": {"uv": [12.96, 0.96, 15.04, 3.04], "texture": "#texture"},
				"south": {"uv": [12.96, 0.96, 15.04, 3.04], "texture": "#texture"},
				"west": {"uv": [12.96, 0.96, 15.04, 3.04], "texture": "#texture"}
			}
		},
		{
			"from": [7.875, 3.125, 7.125],
			"to": [8.25, 3.25, 7.375],
			"faces": {
				"east": {"uv": [0.96, 4.96, 3.04, 7.04], "texture": "#texture"},
				"west": {"uv": [0.96, 4.96, 3.04, 7.04], "texture": "#texture"}
			}
		},
		{
			"from": [7.875, 3.125, 8.5],
			"to": [8.25, 3.25, 8.75],
			"faces": {
				"east": {"uv": [0.96, 4.96, 3.04, 7.04], "texture": "#texture"},
				"west": {"uv": [0.96, 4.96, 3.04, 7.04], "texture": "#texture"}
			}
		},
		{
			"from": [7.875, 3.25, 6.875],
			"to": [8.25, 3.375, 7.125],
			"faces": {
				"east": {"uv": [0.96, 4.96, 3.04, 7.04], "texture": "#texture"},
				"west": {"uv": [0.96, 4.96, 3.04, 7.04], "texture": "#texture"},
				"up": {"uv": [0.96, 4.96, 3.04, 7.04], "texture": "#texture"}
			}
		},
		{
			"from": [7.875, 3.25, 7.375],
			"to": [8.25, 3.375, 7.625],
			"faces": {
				"east": {"uv": [0.96, 4.96, 3.04, 7.04], "texture": "#texture"},
				"west": {"uv": [0.96, 4.96, 3.04, 7.04], "texture": "#texture"}
			}
		},
		{
			"from": [7.875, 3.25, 8.25],
			"to": [8.25, 3.375, 8.5],
			"faces": {
				"east": {"uv": [0.96, 4.96, 3.04, 7.04], "texture": "#texture"},
				"west": {"uv": [0.96, 4.96, 3.04, 7.04], "texture": "#texture"}
			}
		},
		{
			"from": [7.875, 3.25, 8.75],
			"to": [8.25, 3.375, 9],
			"faces": {
				"east": {"uv": [0.96, 4.96, 3.04, 7.04], "texture": "#texture"},
				"west": {"uv": [0.96, 4.96, 3.04, 7.04], "texture": "#texture"}
			}
		},
		{
			"from": [7.875, 3.375, 6.625],
			"to": [8.25, 3.5, 6.875],
			"faces": {
				"east": {"uv": [0.96, 4.96, 3.04, 7.04], "texture": "#texture"},
				"west": {"uv": [0.96, 4.96, 3.04, 7.04], "texture": "#texture"},
				"down": {"uv": [0.96, 4.96, 3.04, 7.04], "texture": "#texture"}
			}
		},
		{
			"from": [7.875, 3.375, 7.625],
			"to": [8.25, 3.5, 7.75],
			"faces": {
				"east": {"uv": [0.96, 4.96, 3.04, 7.04], "texture": "#texture"},
				"west": {"uv": [0.96, 4.96, 3.04, 7.04], "texture": "#texture"}
			}
		},
		{
			"from": [7.875, 3.375, 8.125],
			"to": [8.25, 3.5, 8.25],
			"faces": {
				"east": {"uv": [0.96, 4.96, 3.04, 7.04], "texture": "#texture"},
				"west": {"uv": [0.96, 4.96, 3.04, 7.04], "texture": "#texture"}
			}
		},
		{
			"from": [7.875, 3.375, 9],
			"to": [8.25, 3.5, 9.25],
			"faces": {
				"east": {"uv": [0.96, 4.96, 3.04, 7.04], "texture": "#texture"},
				"west": {"uv": [0.96, 4.96, 3.04, 7.04], "texture": "#texture"}
			}
		},
		{
			"from": [7.875, 3.5, 6.375],
			"to": [8.25, 3.625, 6.625],
			"faces": {
				"east": {"uv": [0.96, 4.96, 3.04, 7.04], "texture": "#texture"},
				"west": {"uv": [0.96, 4.96, 3.04, 7.04], "texture": "#texture"},
				"up": {"uv": [0.96, 4.96, 3.04, 7.04], "texture": "#texture"}
			}
		},
		{
			"from": [7.875, 3.5, 9.25],
			"to": [8.25, 3.625, 9.5],
			"faces": {
				"east": {"uv": [0.96, 4.96, 3.04, 7.04], "texture": "#texture"},
				"west": {"uv": [0.96, 4.96, 3.04, 7.04], "texture": "#texture"}
			}
		},
		{
			"from": [7.875, 3.625, 6.25],
			"to": [8.25, 3.75, 6.375],
			"faces": {
				"north": {"uv": [0.96, 4.96, 3.04, 7.04], "texture": "#texture"},
				"east": {"uv": [0.96, 4.96, 3.04, 7.04], "texture": "#texture"},
				"west": {"uv": [0.96, 4.96, 3.04, 7.04], "texture": "#texture"}
			}
		},
		{
			"from": [7.875, 3.625, 7.25],
			"to": [8.25, 4.75, 7.375],
			"faces": {
				"north": {"uv": [12.96, 0.96, 15.04, 3.04], "texture": "#texture"},
				"east": {"uv": [12.96, 0.96, 15.04, 3.04], "texture": "#texture"},
				"south": {"uv": [12.96, 0.96, 15.04, 3.04], "texture": "#texture"},
				"west": {"uv": [12.96, 0.96, 15.04, 3.04], "texture": "#texture"},
				"up": {"uv": [12.96, 0.96, 15.04, 3.04], "texture": "#texture"}
			}
		},
		{
			"from": [7.875, 3.625, 7.375],
			"to": [8.25, 4.125, 7.5],
			"faces": {
				"east": {"uv": [12.96, 0.96, 15.04, 3.04], "texture": "#texture"},
				"south": {"uv": [12.96, 0.96, 15.04, 3.04], "texture": "#texture"},
				"west": {"uv": [12.96, 0.96, 15.04, 3.04], "texture": "#texture"}
			}
		},
		{
			"from": [7.875, 3.625, 7.5],
			"to": [8, 5.625, 7.625],
			"faces": {
				"north": {"uv": [12.96, 0.96, 15.04, 3.04], "texture": "#texture"},
				"east": {"uv": [12.96, 0.96, 15.04, 3.04], "texture": "#texture"},
				"south": {"uv": [12.96, 0.96, 15.04, 3.04], "texture": "#texture"},
				"west": {"uv": [12.96, 0.96, 15.04, 3.04], "texture": "#texture"},
				"up": {"uv": [12.96, 0.96, 15.04, 3.04], "texture": "#texture"}
			}
		},
		{
			"from": [7.875, 3.625, 7.625],
			"to": [8, 4, 7.875],
			"faces": {
				"east": {"uv": [12.96, 0.96, 15.04, 3.04], "texture": "#texture"},
				"south": {"uv": [12.96, 0.96, 15.04, 3.04], "texture": "#texture"},
				"west": {"uv": [12.96, 0.96, 15.04, 3.04], "texture": "#texture"},
				"up": {"uv": [12.96, 0.96, 15.04, 3.04], "texture": "#texture"},
				"down": {"uv": [12.96, 0.96, 15.04, 3.04], "texture": "#texture"}
			}
		},
		{
			"from": [7.875, 3.625, 8],
			"to": [8, 4.125, 8.125],
			"faces": {
				"north": {"uv": [12.96, 0.96, 15.04, 3.04], "texture": "#texture"},
				"east": {"uv": [12.96, 0.96, 15.04, 3.04], "texture": "#texture"},
				"south": {"uv": [12.96, 0.96, 15.04, 3.04], "texture": "#texture"},
				"west": {"uv": [12.96, 0.96, 15.04, 3.04], "texture": "#texture"}
			}
		},
		{
			"from": [7.875, 3.625, 8.125],
			"to": [8, 4, 8.625],
			"faces": {
				"east": {"uv": [12.96, 0.96, 15.04, 3.04], "texture": "#texture"},
				"south": {"uv": [12.96, 0.96, 15.04, 3.04], "texture": "#texture"},
				"west": {"uv": [12.96, 0.96, 15.04, 3.04], "texture": "#texture"},
				"up": {"uv": [12.96, 0.96, 15.04, 3.04], "texture": "#texture"},
				"down": {"uv": [12.96, 0.96, 15.04, 3.04], "texture": "#texture"}
			}
		},
		{
			"from": [7.875, 3.625, 9.5],
			"to": [8.25, 3.75, 9.625],
			"faces": {
				"east": {"uv": [0.96, 4.96, 3.04, 7.04], "texture": "#texture"},
				"south": {"uv": [0.96, 4.96, 3.04, 7.04], "texture": "#texture"},
				"west": {"uv": [0.96, 4.96, 3.04, 7.04], "texture": "#texture"}
			}
		},
		{
			"from": [7.875, 3.75, 7.875],
			"to": [8.25, 4, 8],
			"faces": {
				"north": {"uv": [0.96, 4.96, 3.04, 7.04], "texture": "#texture"},
				"east": {"uv": [0.96, 4.96, 3.04, 7.04], "texture": "#texture"},
				"south": {"uv": [0.96, 4.96, 3.04, 7.04], "texture": "#texture"},
				"west": {"uv": [0.96, 4.96, 3.04, 7.04], "texture": "#texture"},
				"up": {"uv": [0.96, 4.96, 3.04, 7.04], "texture": "#texture"}
			}
		},
		{
			"from": [7.875, 4, 7.625],
			"to": [8.25, 4.375, 7.75],
			"faces": {
				"north": {"uv": [0.96, 4.96, 3.04, 7.04], "texture": "#texture"},
				"east": {"uv": [0.96, 4.96, 3.04, 7.04], "texture": "#texture"},
				"south": {"uv": [0.96, 4.96, 3.04, 7.04], "texture": "#texture"},
				"west": {"uv": [0.96, 4.96, 3.04, 7.04], "texture": "#texture"},
				"down": {"uv": [0.96, 4.96, 3.04, 7.04], "texture": "#texture"}
			}
		},
		{
			"from": [7.875, 4, 7.75],
			"to": [8, 4.125, 8],
			"faces": {
				"east": {"uv": [12.96, 0.96, 15.04, 3.04], "texture": "#texture"},
				"west": {"uv": [12.96, 0.96, 15.04, 3.04], "texture": "#texture"},
				"up": {"uv": [12.96, 0.96, 15.04, 3.04], "texture": "#texture"},
				"down": {"uv": [12.96, 0.96, 15.04, 3.04], "texture": "#texture"}
			}
		},
		{
			"from": [7.875, 4, 8.125],
			"to": [8.25, 4.375, 8.25],
			"faces": {
				"north": {"uv": [0.96, 4.96, 3.04, 7.04], "texture": "#texture"},
				"east": {"uv": [0.96, 4.96, 3.04, 7.04], "texture": "#texture"},
				"west": {"uv": [0.96, 4.96, 3.04, 7.04], "texture": "#texture"},
				"down": {"uv": [0.96, 4.96, 3.04, 7.04], "texture": "#texture"}
			}
		},
		{
			"from": [7.875, 4, 8.25],
			"to": [8.25, 5.625, 8.375],
			"faces": {
				"north": {"uv": [12.96, 0.96, 15.04, 3.04], "texture": "#texture"},
				"east": {"uv": [12.96, 0.96, 15.04, 3.04], "texture": "#texture"},
				"south": {"uv": [12.96, 0.96, 15.04, 3.04], "texture": "#texture"},
				"west": {"uv": [12.96, 0.96, 15.04, 3.04], "texture": "#texture"},
				"up": {"uv": [12.96, 0.96, 15.04, 3.04], "texture": "#texture"},
				"down": {"uv": [12.96, 0.96, 15.04, 3.04], "texture": "#texture"}
			}
		},
		{
			"from": [7.875, 4, 8.375],
			"to": [8.25, 4.125, 8.625],
			"faces": {
				"east": {"uv": [12.96, 0.96, 15.04, 3.04], "texture": "#texture"},
				"south": {"uv": [12.96, 0.96, 15.04, 3.04], "texture": "#texture"},
				"west": {"uv": [12.96, 0.96, 15.04, 3.04], "texture": "#texture"},
				"up": {"uv": [12.96, 0.96, 15.04, 3.04], "texture": "#texture"},
				"down": {"uv": [12.96, 0.96, 15.04, 3.04], "texture": "#texture"}
			}
		},
		{
			"from": [7.875, 4.125, 7.375],
			"to": [8.25, 4.625, 7.5],
			"faces": {
				"east": {"uv": [4.96, 0.96, 7.04, 3.04], "texture": "#texture"},
				"south": {"uv": [4.96, 0.96, 7.04, 3.04], "texture": "#texture"},
				"west": {"uv": [4.96, 0.96, 7.04, 3.04], "texture": "#texture"},
				"up": {"uv": [4.96, 0.96, 7.04, 3.04], "texture": "#texture"}
			}
		},
		{
			"from": [7.875, 4.125, 7.75],
			"to": [8.25, 4.375, 7.875],
			"faces": {
				"east": {"uv": [0.96, 4.96, 3.04, 7.04], "texture": "#texture"},
				"south": {"uv": [0.96, 4.96, 3.04, 7.04], "texture": "#texture"},
				"west": {"uv": [0.96, 4.96, 3.04, 7.04], "texture": "#texture"},
				"down": {"uv": [0.96, 4.96, 3.04, 7.04], "texture": "#texture"}
			}
		},
		{
			"from": [7.875, 4.125, 7.875],
			"to": [8, 5.25, 8],
			"faces": {
				"north": {"uv": [12.96, 0.96, 15.04, 3.04], "texture": "#texture"},
				"east": {"uv": [12.96, 0.96, 15.04, 3.04], "texture": "#texture"},
				"south": {"uv": [12.96, 0.96, 15.04, 3.04], "texture": "#texture"},
				"west": {"uv": [12.96, 0.96, 15.04, 3.04], "texture": "#texture"}
			}
		},
		{
			"from": [7.875, 4.125, 8],
			"to": [8.25, 4.375, 8.125],
			"faces": {
				"north": {"uv": [0.96, 4.96, 3.04, 7.04], "texture": "#texture"},
				"east": {"uv": [0.96, 4.96, 3.04, 7.04], "texture": "#texture"},
				"west": {"uv": [0.96, 4.96, 3.04, 7.04], "texture": "#texture"},
				"down": {"uv": [0.96, 4.96, 3.04, 7.04], "texture": "#texture"}
			}
		},
		{
			"from": [7.875, 4.125, 8.375],
			"to": [8.25, 4.625, 8.5],
			"faces": {
				"east": {"uv": [4.96, 0.96, 7.04, 3.04], "texture": "#texture"},
				"west": {"uv": [4.96, 0.96, 7.04, 3.04], "texture": "#texture"},
				"up": {"uv": [4.96, 0.96, 7.04, 3.04], "texture": "#texture"}
			}
		},
		{
			"from": [7.875, 4.125, 8.5],
			"to": [8.25, 4.75, 8.625],
			"faces": {
				"north": {"uv": [12.96, 0.96, 15.04, 3.04], "texture": "#texture"},
				"east": {"uv": [12.96, 0.96, 15.04, 3.04], "texture": "#texture"},
				"south": {"uv": [12.96, 0.96, 15.04, 3.04], "texture": "#texture"},
				"west": {"uv": [12.96, 0.96, 15.04, 3.04], "texture": "#texture"},
				"up": {"uv": [12.96, 0.96, 15.04, 3.04], "texture": "#texture"}
			}
		},
		{
			"from": [7.875, 4.375, 7.625],
			"to": [8.25, 4.625, 7.75],
			"faces": {
				"north": {"uv": [12.96, 0.96, 15.04, 3.04], "texture": "#texture"},
				"east": {"uv": [12.96, 0.96, 15.04, 3.04], "texture": "#texture"},
				"south": {"uv": [12.96, 0.96, 15.04, 3.04], "texture": "#texture"},
				"west": {"uv": [12.96, 0.96, 15.04, 3.04], "texture": "#texture"}
			}
		},
		{
			"from": [7.875, 4.375, 7.75],
			"to": [8.25, 4.5, 7.875],
			"faces": {
				"east": {"uv": [12.96, 0.96, 15.04, 3.04], "texture": "#texture"},
				"south": {"uv": [12.96, 0.96, 15.04, 3.04], "texture": "#texture"},
				"west": {"uv": [12.96, 0.96, 15.04, 3.04], "texture": "#texture"}
			}
		},
		{
			"from": [7.875, 4.375, 8],
			"to": [8.25, 4.5, 8.25],
			"faces": {
				"north": {"uv": [12.96, 0.96, 15.04, 3.04], "texture": "#texture"},
				"east": {"uv": [12.96, 0.96, 15.04, 3.04], "texture": "#texture"},
				"west": {"uv": [12.96, 0.96, 15.04, 3.04], "texture": "#texture"},
				"up": {"uv": [12.96, 0.96, 15.04, 3.04], "texture": "#texture"},
				"down": {"uv": [12.96, 0.96, 15.04, 3.04], "texture": "#texture"}
			}
		},
		{
			"from": [7.875, 4.5, 7.75],
			"to": [8.25, 5.625, 7.875],
			"faces": {
				"north": {"uv": [0.96, 4.96, 3.04, 7.04], "texture": "#texture"},
				"east": {"uv": [0.96, 4.96, 3.04, 7.04], "texture": "#texture"},
				"south": {"uv": [0.96, 4.96, 3.04, 7.04], "texture": "#texture"},
				"west": {"uv": [0.96, 4.96, 3.04, 7.04], "texture": "#texture"},
				"up": {"uv": [0.96, 4.96, 3.04, 7.04], "texture": "#texture"}
			}
		},
		{
			"from": [7.875, 4.5, 8],
			"to": [8.25, 5.625, 8.125],
			"faces": {
				"north": {"uv": [0.96, 4.96, 3.04, 7.04], "texture": "#texture"},
				"east": {"uv": [0.96, 4.96, 3.04, 7.04], "texture": "#texture"},
				"south": {"uv": [0.96, 4.96, 3.04, 7.04], "texture": "#texture"},
				"west": {"uv": [0.96, 4.96, 3.04, 7.04], "texture": "#texture"},
				"up": {"uv": [0.96, 4.96, 3.04, 7.04], "texture": "#texture"}
			}
		},
		{
			"from": [7.875, 4.5, 8.125],
			"to": [8, 4.625, 8.25],
			"faces": {
				"west": {"uv": [12.96, 0.96, 15.04, 3.04], "texture": "#texture"}
			}
		},
		{
			"from": [7.875, 4.625, 7.625],
			"to": [8.25, 5.5, 7.75],
			"faces": {
				"north": {"uv": [0.96, 4.96, 3.04, 7.04], "texture": "#texture"},
				"east": {"uv": [0.96, 4.96, 3.04, 7.04], "texture": "#texture"},
				"west": {"uv": [0.96, 4.96, 3.04, 7.04], "texture": "#texture"},
				"up": {"uv": [0.96, 4.96, 3.04, 7.04], "texture": "#texture"}
			}
		},
		{
			"from": [7.875, 4.625, 8.125],
			"to": [8.25, 5.5, 8.25],
			"faces": {
				"east": {"uv": [0.96, 4.96, 3.04, 7.04], "texture": "#texture"},
				"west": {"uv": [0.96, 4.96, 3.04, 7.04], "texture": "#texture"},
				"up": {"uv": [0.96, 4.96, 3.04, 7.04], "texture": "#texture"},
				"down": {"uv": [0.96, 4.96, 3.04, 7.04], "texture": "#texture"}
			}
		},
		{
			"from": [7.875, 5.25, 7.875],
			"to": [8.25, 5.75, 8],
			"faces": {
				"north": {"uv": [0.96, 4.96, 3.04, 7.04], "texture": "#texture"},
				"east": {"uv": [0.96, 4.96, 3.04, 7.04], "texture": "#texture"},
				"south": {"uv": [0.96, 4.96, 3.04, 7.04], "texture": "#texture"},
				"west": {"uv": [0.96, 4.96, 3.04, 7.04], "texture": "#texture"},
				"up": {"uv": [0.96, 4.96, 3.04, 7.04], "texture": "#texture"},
				"down": {"uv": [0.96, 4.96, 3.04, 7.04], "texture": "#texture"}
			}
		},
		{
			"from": [7.875, 5.5, 7.625],
			"to": [8, 5.75, 7.75],
			"faces": {
				"north": {"uv": [12.96, 0.96, 15.04, 3.04], "texture": "#texture"},
				"south": {"uv": [12.96, 0.96, 15.04, 3.04], "texture": "#texture"},
				"west": {"uv": [12.96, 0.96, 15.04, 3.04], "texture": "#texture"}
			}
		},
		{
			"from": [7.875, 5.5, 8.125],
			"to": [8, 5.75, 8.25],
			"faces": {
				"north": {"uv": [12.96, 0.96, 15.04, 3.04], "texture": "#texture"},
				"south": {"uv": [12.96, 0.96, 15.04, 3.04], "texture": "#texture"},
				"west": {"uv": [12.96, 0.96, 15.04, 3.04], "texture": "#texture"}
			}
		},
		{
			"from": [7.875, 5.625, 7.75],
			"to": [8, 5.875, 7.875],
			"faces": {
				"north": {"uv": [12.96, 0.96, 15.04, 3.04], "texture": "#texture"},
				"south": {"uv": [12.96, 0.96, 15.04, 3.04], "texture": "#texture"},
				"west": {"uv": [12.96, 0.96, 15.04, 3.04], "texture": "#texture"}
			}
		},
		{
			"from": [7.875, 5.625, 8],
			"to": [8, 5.875, 8.125],
			"faces": {
				"north": {"uv": [12.96, 0.96, 15.04, 3.04], "texture": "#texture"},
				"south": {"uv": [12.96, 0.96, 15.04, 3.04], "texture": "#texture"},
				"west": {"uv": [12.96, 0.96, 15.04, 3.04], "texture": "#texture"}
			}
		},
		{
			"from": [7.875, 5.75, 7.625],
			"to": [8.25, 9, 7.75],
			"faces": {
				"north": {"uv": [4.96, 0.96, 7.04, 3.04], "texture": "#texture"},
				"east": {"uv": [4.96, 0.96, 7.04, 3.04], "texture": "#texture"},
				"south": {"uv": [4.96, 0.96, 7.04, 3.04], "texture": "#texture"},
				"west": {"uv": [4.96, 0.96, 7.04, 3.04], "texture": "#texture"},
				"up": {"uv": [4.96, 0.96, 7.04, 3.04], "texture": "#texture"},
				"down": {"uv": [4.96, 0.96, 7.04, 3.04], "texture": "#texture"}
			}
		},
		{
			"from": [7.875, 5.75, 7.875],
			"to": [8, 6, 8],
			"faces": {
				"north": {"uv": [12.96, 0.96, 15.04, 3.04], "texture": "#texture"},
				"south": {"uv": [12.96, 0.96, 15.04, 3.04], "texture": "#texture"},
				"west": {"uv": [12.96, 0.96, 15.04, 3.04], "texture": "#texture"}
			}
		},
		{
			"from": [7.875, 5.75, 8.125],
			"to": [8.25, 9, 8.25],
			"faces": {
				"north": {"uv": [4.96, 0.96, 7.04, 3.04], "texture": "#texture"},
				"east": {"uv": [4.96, 0.96, 7.04, 3.04], "texture": "#texture"},
				"south": {"uv": [4.96, 0.96, 7.04, 3.04], "texture": "#texture"},
				"west": {"uv": [4.96, 0.96, 7.04, 3.04], "texture": "#texture"},
				"up": {"uv": [4.96, 0.96, 7.04, 3.04], "texture": "#texture"},
				"down": {"uv": [4.96, 0.96, 7.04, 3.04], "texture": "#texture"}
			}
		},
		{
			"from": [7.875, 5.875, 7.75],
			"to": [8.25, 6.5, 7.875],
			"faces": {
				"east": {"uv": [4.96, 0.96, 7.04, 3.04], "texture": "#texture"},
				"south": {"uv": [4.96, 0.96, 7.04, 3.04], "texture": "#texture"},
				"west": {"uv": [4.96, 0.96, 7.04, 3.04], "texture": "#texture"},
				"down": {"uv": [4.96, 0.96, 7.04, 3.04], "texture": "#texture"}
			}
		},
		{
			"from": [7.875, 5.875, 8],
			"to": [8.25, 6.375, 8.125],
			"faces": {
				"north": {"uv": [4.96, 0.96, 7.04, 3.04], "texture": "#texture"},
				"east": {"uv": [4.96, 0.96, 7.04, 3.04], "texture": "#texture"},
				"west": {"uv": [4.96, 0.96, 7.04, 3.04], "texture": "#texture"},
				"down": {"uv": [4.96, 0.96, 7.04, 3.04], "texture": "#texture"}
			}
		},
		{
			"from": [7.875, 6, 7.875],
			"to": [8.25, 6.25, 8],
			"faces": {
				"east": {"uv": [4.96, 0.96, 7.04, 3.04], "texture": "#texture"},
				"west": {"uv": [4.96, 0.96, 7.04, 3.04], "texture": "#texture"},
				"down": {"uv": [4.96, 0.96, 7.04, 3.04], "texture": "#texture"}
			}
		},
		{
			"from": [7.875, 6.25, 7.875],
			"to": [8.25, 6.375, 8],
			"faces": {
				"east": {"uv": [8.96, 0.96, 11.04, 3.04], "texture": "#texture"},
				"west": {"uv": [8.96, 0.96, 11.04, 3.04], "texture": "#texture"}
			}
		},
		{
			"from": [7.875, 6.375, 7.875],
			"to": [8.25, 6.625, 8],
			"faces": {
				"north": {"uv": [4.96, 0.96, 7.04, 3.04], "texture": "#texture"},
				"east": {"uv": [4.96, 0.96, 7.04, 3.04], "texture": "#texture"},
				"west": {"uv": [4.96, 0.96, 7.04, 3.04], "texture": "#texture"}
			}
		},
		{
			"from": [7.875, 6.375, 8],
			"to": [8.25, 6.625, 8.125],
			"faces": {
				"east": {"uv": [8.96, 0.96, 11.04, 3.04], "texture": "#texture"},
				"west": {"uv": [8.96, 0.96, 11.04, 3.04], "texture": "#texture"}
			}
		},
		{
			"from": [7.875, 6.5, 7.75],
			"to": [8.25, 6.625, 7.875],
			"faces": {
				"east": {"uv": [8.96, 0.96, 11.04, 3.04], "texture": "#texture"},
				"west": {"uv": [8.96, 0.96, 11.04, 3.04], "texture": "#texture"}
			}
		},
		{
			"from": [7.875, 6.625, 7.75],
			"to": [8.25, 6.75, 7.875],
			"faces": {
				"east": {"uv": [4.96, 0.96, 7.04, 3.04], "texture": "#texture"},
				"west": {"uv": [4.96, 0.96, 7.04, 3.04], "texture": "#texture"}
			}
		},
		{
			"from": [7.875, 6.625, 7.875],
			"to": [8.25, 6.75, 8],
			"faces": {
				"east": {"uv": [8.96, 0.96, 11.04, 3.04], "texture": "#texture"},
				"west": {"uv": [8.96, 0.96, 11.04, 3.04], "texture": "#texture"}
			}
		},
		{
			"from": [7.875, 6.625, 8],
			"to": [8.25, 7, 8.125],
			"faces": {
				"north": {"uv": [4.96, 0.96, 7.04, 3.04], "texture": "#texture"},
				"east": {"uv": [4.96, 0.96, 7.04, 3.04], "texture": "#texture"},
				"west": {"uv": [4.96, 0.96, 7.04, 3.04], "texture": "#texture"}
			}
		},
		{
			"from": [7.875, 6.75, 7.75],
			"to": [8.25, 7, 7.875],
			"faces": {
				"east": {"uv": [8.96, 0.96, 11.04, 3.04], "texture": "#texture"},
				"west": {"uv": [8.96, 0.96, 11.04, 3.04], "texture": "#texture"}
			}
		},
		{
			"from": [7.875, 6.75, 7.875],
			"to": [8.25, 7, 8],
			"faces": {
				"east": {"uv": [4.96, 0.96, 7.04, 3.04], "texture": "#texture"},
				"west": {"uv": [4.96, 0.96, 7.04, 3.04], "texture": "#texture"}
			}
		},
		{
			"from": [7.875, 7, 7.75],
			"to": [8.25, 7.375, 7.875],
			"faces": {
				"east": {"uv": [4.96, 0.96, 7.04, 3.04], "texture": "#texture"},
				"south": {"uv": [4.96, 0.96, 7.04, 3.04], "texture": "#texture"},
				"west": {"uv": [4.96, 0.96, 7.04, 3.04], "texture": "#texture"}
			}
		},
		{
			"from": [7.875, 7, 7.875],
			"to": [8.25, 7.125, 8.125],
			"faces": {
				"east": {"uv": [8.96, 0.96, 11.04, 3.04], "texture": "#texture"},
				"west": {"uv": [8.96, 0.96, 11.04, 3.04], "texture": "#texture"},
				"down": {"uv": [8.96, 0.96, 11.04, 3.04], "texture": "#texture"}
			}
		},
		{
			"from": [7.875, 7.125, 7.875],
			"to": [8.25, 7.25, 8.125],
			"faces": {
				"east": {"uv": [4.96, 0.96, 7.04, 3.04], "texture": "#texture"},
				"west": {"uv": [4.96, 0.96, 7.04, 3.04], "texture": "#texture"},
				"up": {"uv": [4.96, 0.96, 7.04, 3.04], "texture": "#texture"}
			}
		},
		{
			"from": [7.875, 7.25, 7.875],
			"to": [8.25, 7.375, 8],
			"faces": {
				"east": {"uv": [8.96, 0.96, 11.04, 3.04], "texture": "#texture"},
				"west": {"uv": [8.96, 0.96, 11.04, 3.04], "texture": "#texture"}
			}
		},
		{
			"from": [7.875, 7.25, 8],
			"to": [8.25, 7.625, 8.125],
			"faces": {
				"north": {"uv": [4.96, 0.96, 7.04, 3.04], "texture": "#texture"},
				"east": {"uv": [4.96, 0.96, 7.04, 3.04], "texture": "#texture"},
				"west": {"uv": [4.96, 0.96, 7.04, 3.04], "texture": "#texture"}
			}
		},
		{
			"from": [7.875, 7.375, 7.75],
			"to": [8.25, 7.625, 7.875],
			"faces": {
				"east": {"uv": [8.96, 0.96, 11.04, 3.04], "texture": "#texture"},
				"south": {"uv": [8.96, 0.96, 11.04, 3.04], "texture": "#texture"},
				"west": {"uv": [8.96, 0.96, 11.04, 3.04], "texture": "#texture"}
			}
		},
		{
			"from": [7.875, 7.375, 7.875],
			"to": [8.25, 7.5, 8],
			"faces": {
				"east": {"uv": [4.96, 0.96, 7.04, 3.04], "texture": "#texture"},
				"west": {"uv": [4.96, 0.96, 7.04, 3.04], "texture": "#texture"}
			}
		},
		{
			"from": [7.875, 7.5, 7.875],
			"to": [8.25, 7.625, 8],
			"faces": {
				"east": {"uv": [8.96, 0.96, 11.04, 3.04], "texture": "#texture"},
				"west": {"uv": [8.96, 0.96, 11.04, 3.04], "texture": "#texture"}
			}
		},
		{
			"from": [7.875, 7.625, 7.75],
			"to": [8.25, 7.875, 7.875],
			"faces": {
				"east": {"uv": [4.96, 0.96, 7.04, 3.04], "texture": "#texture"},
				"south": {"uv": [4.96, 0.96, 7.04, 3.04], "texture": "#texture"},
				"west": {"uv": [4.96, 0.96, 7.04, 3.04], "texture": "#texture"}
			}
		},
		{
			"from": [7.875, 7.625, 7.875],
			"to": [8.25, 7.75, 8],
			"faces": {
				"east": {"uv": [4.96, 0.96, 7.04, 3.04], "texture": "#texture"},
				"west": {"uv": [4.96, 0.96, 7.04, 3.04], "texture": "#texture"}
			}
		},
		{
			"from": [7.875, 7.625, 8],
			"to": [8.25, 7.75, 8.125],
			"faces": {
				"east": {"uv": [8.96, 0.96, 11.04, 3.04], "texture": "#texture"},
				"west": {"uv": [8.96, 0.96, 11.04, 3.04], "texture": "#texture"}
			}
		},
		{
			"from": [7.875, 7.75, 7.875],
			"to": [8.25, 7.875, 8],
			"faces": {
				"east": {"uv": [8.96, 0.96, 11.04, 3.04], "texture": "#texture"},
				"west": {"uv": [8.96, 0.96, 11.04, 3.04], "texture": "#texture"}
			}
		},
		{
			"from": [7.875, 7.75, 8],
			"to": [8.25, 7.875, 8.125],
			"faces": {
				"east": {"uv": [4.96, 0.96, 7.04, 3.04], "texture": "#texture"},
				"west": {"uv": [4.96, 0.96, 7.04, 3.04], "texture": "#texture"}
			}
		},
		{
			"from": [7.875, 7.875, 7.75],
			"to": [8.25, 8.125, 7.875],
			"faces": {
				"east": {"uv": [8.96, 0.96, 11.04, 3.04], "texture": "#texture"},
				"south": {"uv": [8.96, 0.96, 11.04, 3.04], "texture": "#texture"},
				"west": {"uv": [8.96, 0.96, 11.04, 3.04], "texture": "#texture"}
			}
		},
		{
			"from": [7.875, 7.875, 7.875],
			"to": [8.25, 8, 8],
			"faces": {
				"east": {"uv": [4.96, 0.96, 7.04, 3.04], "texture": "#texture"},
				"west": {"uv": [4.96, 0.96, 7.04, 3.04], "texture": "#texture"}
			}
		},
		{
			"from": [7.875, 7.875, 8],
			"to": [8.25, 8, 8.125],
			"faces": {
				"east": {"uv": [8.96, 0.96, 11.04, 3.04], "texture": "#texture"},
				"west": {"uv": [8.96, 0.96, 11.04, 3.04], "texture": "#texture"}
			}
		},
		{
			"from": [7.875, 8, 7.875],
			"to": [8.25, 8.125, 8],
			"faces": {
				"east": {"uv": [8.96, 0.96, 11.04, 3.04], "texture": "#texture"},
				"west": {"uv": [8.96, 0.96, 11.04, 3.04], "texture": "#texture"}
			}
		},
		{
			"from": [7.875, 8, 8],
			"to": [8.25, 12.875, 8.125],
			"faces": {
				"north": {"uv": [4.96, 0.96, 7.04, 3.04], "texture": "#texture"},
				"east": {"uv": [4.96, 0.96, 7.04, 3.04], "texture": "#texture"},
				"south": {"uv": [4.96, 0.96, 7.04, 3.04], "texture": "#texture"},
				"west": {"uv": [4.96, 0.96, 7.04, 3.04], "texture": "#texture"},
				"up": {"uv": [4.96, 0.96, 7.04, 3.04], "texture": "#texture"}
			}
		},
		{
			"from": [7.875, 8.125, 7.75],
			"to": [8.25, 12.875, 8],
			"faces": {
				"north": {"uv": [4.96, 0.96, 7.04, 3.04], "texture": "#texture"},
				"east": {"uv": [4.96, 0.96, 7.04, 3.04], "texture": "#texture"},
				"west": {"uv": [4.96, 0.96, 7.04, 3.04], "texture": "#texture"},
				"up": {"uv": [4.96, 0.96, 7.04, 3.04], "texture": "#texture"},
				"down": {"uv": [4.96, 0.96, 7.04, 3.04], "texture": "#texture"}
			}
		},
		{
			"from": [7.875, 12.875, 7.875],
			"to": [8.25, 13, 8],
			"faces": {
				"north": {"uv": [4.96, 0.96, 7.04, 3.04], "texture": "#texture"},
				"east": {"uv": [4.96, 0.96, 7.04, 3.04], "texture": "#texture"},
				"south": {"uv": [4.96, 0.96, 7.04, 3.04], "texture": "#texture"},
				"west": {"uv": [4.96, 0.96, 7.04, 3.04], "texture": "#texture"},
				"up": {"uv": [4.96, 0.96, 7.04, 3.04], "texture": "#texture"}
			}
		},
		{
			"from": [8, 3.625, 7.5],
			"to": [8.125, 3.75, 7.875],
			"faces": {
				"west": {"uv": [4.96, 0.96, 7.04, 3.04], "texture": "#texture"},
				"up": {"uv": [4.96, 0.96, 7.04, 3.04], "texture": "#texture"},
				"down": {"uv": [4.96, 0.96, 7.04, 3.04], "texture": "#texture"}
			}
		},
		{
			"from": [8, 3.625, 8],
			"to": [8.125, 3.875, 8.125],
			"faces": {
				"north": {"uv": [4.96, 0.96, 7.04, 3.04], "texture": "#texture"},
				"south": {"uv": [4.96, 0.96, 7.04, 3.04], "texture": "#texture"}
			}
		},
		{
			"from": [8, 3.625, 8.125],
			"to": [8.125, 3.75, 8.375],
			"faces": {
				"down": {"uv": [4.96, 0.96, 7.04, 3.04], "texture": "#texture"}
			}
		},
		{
			"from": [8, 3.625, 8.375],
			"to": [8.25, 3.75, 8.625],
			"faces": {
				"north": {"uv": [12.96, 0.96, 15.04, 3.04], "texture": "#texture"},
				"east": {"uv": [12.96, 0.96, 15.04, 3.04], "texture": "#texture"},
				"south": {"uv": [12.96, 0.96, 15.04, 3.04], "texture": "#texture"},
				"up": {"uv": [12.96, 0.96, 15.04, 3.04], "texture": "#texture"},
				"down": {"uv": [12.96, 0.96, 15.04, 3.04], "texture": "#texture"}
			}
		},
		{
			"from": [8, 3.75, 7.5],
			"to": [8.25, 4.625, 7.625],
			"faces": {
				"north": {"uv": [12.96, 0.96, 15.04, 3.04], "texture": "#texture"},
				"east": {"uv": [12.96, 0.96, 15.04, 3.04], "texture": "#texture"},
				"south": {"uv": [12.96, 0.96, 15.04, 3.04], "texture": "#texture"},
				"up": {"uv": [12.96, 0.96, 15.04, 3.04], "texture": "#texture"},
				"down": {"uv": [12.96, 0.96, 15.04, 3.04], "texture": "#texture"}
			}
		},
		{
			"from": [8, 3.75, 7.625],
			"to": [8.25, 4, 7.75],
			"faces": {
				"east": {"uv": [12.96, 0.96, 15.04, 3.04], "texture": "#texture"},
				"south": {"uv": [12.96, 0.96, 15.04, 3.04], "texture": "#texture"},
				"down": {"uv": [12.96, 0.96, 15.04, 3.04], "texture": "#texture"}
			}
		},
		{
			"from": [8, 3.75, 8.125],
			"to": [8.25, 4, 8.375],
			"faces": {
				"north": {"uv": [12.96, 0.96, 15.04, 3.04], "texture": "#texture"},
				"east": {"uv": [12.96, 0.96, 15.04, 3.04], "texture": "#texture"},
				"south": {"uv": [12.96, 0.96, 15.04, 3.04], "texture": "#texture"},
				"up": {"uv": [12.96, 0.96, 15.04, 3.04], "texture": "#texture"},
				"down": {"uv": [12.96, 0.96, 15.04, 3.04], "texture": "#texture"}
			}
		},
		{
			"from": [8, 3.75, 8.5],
			"to": [8.25, 4, 8.625],
			"faces": {
				"north": {"uv": [12.96, 0.96, 15.04, 3.04], "texture": "#texture"},
				"east": {"uv": [12.96, 0.96, 15.04, 3.04], "texture": "#texture"},
				"south": {"uv": [12.96, 0.96, 15.04, 3.04], "texture": "#texture"}
			}
		},
		{
			"from": [8, 3.875, 7.75],
			"to": [8.25, 4, 7.875],
			"faces": {
				"east": {"uv": [12.96, 0.96, 15.04, 3.04], "texture": "#texture"},
				"up": {"uv": [12.96, 0.96, 15.04, 3.04], "texture": "#texture"},
				"down": {"uv": [12.96, 0.96, 15.04, 3.04], "texture": "#texture"}
			}
		},
		{
			"from": [8, 3.875, 8],
			"to": [8.25, 4, 8.125],
			"faces": {
				"east": {"uv": [12.96, 0.96, 15.04, 3.04], "texture": "#texture"},
				"up": {"uv": [12.96, 0.96, 15.04, 3.04], "texture": "#texture"},
				"down": {"uv": [12.96, 0.96, 15.04, 3.04], "texture": "#texture"}
			}
		},
		{
			"from": [8, 3.875, 8.375],
			"to": [8.25, 4, 8.5],
			"faces": {
				"east": {"uv": [12.96, 0.96, 15.04, 3.04], "texture": "#texture"},
				"down": {"uv": [12.96, 0.96, 15.04, 3.04], "texture": "#texture"}
			}
		},
		{
			"from": [8, 4, 7.875],
			"to": [8.25, 4.125, 8],
			"faces": {
				"north": {"uv": [12.96, 0.96, 15.04, 3.04], "texture": "#texture"},
				"east": {"uv": [12.96, 0.96, 15.04, 3.04], "texture": "#texture"},
				"south": {"uv": [12.96, 0.96, 15.04, 3.04], "texture": "#texture"},
				"up": {"uv": [12.96, 0.96, 15.04, 3.04], "texture": "#texture"}
			}
		},
		{
			"from": [8, 4.25, 7.875],
			"to": [8.25, 4.375, 8],
			"faces": {
				"east": {"uv": [12.96, 0.96, 15.04, 3.04], "texture": "#texture"},
				"up": {"uv": [12.96, 0.96, 15.04, 3.04], "texture": "#texture"},
				"down": {"uv": [12.96, 0.96, 15.04, 3.04], "texture": "#texture"}
			}
		},
		{
			"from": [8, 4.375, 7.875],
			"to": [8.125, 5.25, 8],
			"faces": {
				"north": {"uv": [4.96, 0.96, 7.04, 3.04], "texture": "#texture"},
				"south": {"uv": [4.96, 0.96, 7.04, 3.04], "texture": "#texture"}
			}
		},
		{
			"from": [8, 4.625, 7.375],
			"to": [8.125, 10.625, 7.625],
			"faces": {
				"north": {"uv": [4.96, 0.96, 7.04, 3.04], "texture": "#texture"},
				"east": {"uv": [4.96, 0.96, 7.04, 3.04], "texture": "#texture"},
				"south": {"uv": [4.96, 0.96, 7.04, 3.04], "texture": "#texture"},
				"west": {"uv": [4.96, 0.96, 7.04, 3.04], "texture": "#texture"},
				"up": {"uv": [4.96, 0.96, 7.04, 3.04], "texture": "#texture"},
				"down": {"uv": [4.96, 0.96, 7.04, 3.04], "texture": "#texture"}
			}
		},
		{
			"from": [8, 4.625, 8.375],
			"to": [8.125, 10.625, 8.5],
			"faces": {
				"north": {"uv": [4.96, 0.96, 7.04, 3.04], "texture": "#texture"},
				"east": {"uv": [4.96, 0.96, 7.04, 3.04], "texture": "#texture"},
				"south": {"uv": [4.96, 0.96, 7.04, 3.04], "texture": "#texture"},
				"west": {"uv": [4.96, 0.96, 7.04, 3.04], "texture": "#texture"},
				"up": {"uv": [4.96, 0.96, 7.04, 3.04], "texture": "#texture"}
			}
		},
		{
			"from": [8, 5.5, 7.625],
			"to": [8.125, 5.75, 7.75],
			"faces": {
				"south": {"uv": [4.96, 0.96, 7.04, 3.04], "texture": "#texture"}
			}
		},
		{
			"from": [8, 5.5, 8.125],
			"to": [8.125, 5.75, 8.25],
			"faces": {
				"north": {"uv": [4.96, 0.96, 7.04, 3.04], "texture": "#texture"},
				"south": {"uv": [4.96, 0.96, 7.04, 3.04], "texture": "#texture"}
			}
		},
		{
			"from": [8, 5.625, 7.75],
			"to": [8.125, 5.875, 7.875],
			"faces": {
				"north": {"uv": [4.96, 0.96, 7.04, 3.04], "texture": "#texture"},
				"south": {"uv": [4.96, 0.96, 7.04, 3.04], "texture": "#texture"}
			}
		},
		{
			"from": [8, 5.625, 8],
			"to": [8.125, 5.875, 8.125],
			"faces": {
				"north": {"uv": [4.96, 0.96, 7.04, 3.04], "texture": "#texture"},
				"south": {"uv": [4.96, 0.96, 7.04, 3.04], "texture": "#texture"}
			}
		},
		{
			"from": [8, 5.625, 8.25],
			"to": [8.125, 14.75, 8.375],
			"faces": {
				"north": {"uv": [4.96, 0.96, 7.04, 3.04], "texture": "#texture"},
				"east": {"uv": [4.96, 0.96, 7.04, 3.04], "texture": "#texture"},
				"south": {"uv": [4.96, 0.96, 7.04, 3.04], "texture": "#texture"},
				"west": {"uv": [4.96, 0.96, 7.04, 3.04], "texture": "#texture"},
				"up": {"uv": [4.96, 0.96, 7.04, 3.04], "texture": "#texture"}
			}
		},
		{
			"from": [8, 5.75, 7.875],
			"to": [8.125, 6, 8],
			"faces": {
				"north": {"uv": [4.96, 0.96, 7.04, 3.04], "texture": "#texture"},
				"south": {"uv": [4.96, 0.96, 7.04, 3.04], "texture": "#texture"}
			}
		},
		{
			"from": [8, 9, 7.625],
			"to": [8.125, 15.5, 7.75],
			"faces": {
				"north": {"uv": [4.96, 0.96, 7.04, 3.04], "texture": "#texture"},
				"east": {"uv": [4.96, 0.96, 7.04, 3.04], "texture": "#texture"},
				"south": {"uv": [4.96, 0.96, 7.04, 3.04], "texture": "#texture"},
				"west": {"uv": [4.96, 0.96, 7.04, 3.04], "texture": "#texture"},
				"up": {"uv": [4.96, 0.96, 7.04, 3.04], "texture": "#texture"}
			}
		},
		{
			"from": [8, 9, 8.125],
			"to": [8.125, 15.5, 8.25],
			"faces": {
				"north": {"uv": [4.96, 0.96, 7.04, 3.04], "texture": "#texture"},
				"east": {"uv": [4.96, 0.96, 7.04, 3.04], "texture": "#texture"},
				"south": {"uv": [4.96, 0.96, 7.04, 3.04], "texture": "#texture"},
				"west": {"uv": [4.96, 0.96, 7.04, 3.04], "texture": "#texture"},
				"up": {"uv": [4.96, 0.96, 7.04, 3.04], "texture": "#texture"}
			}
		},
		{
			"from": [8, 10.625, 7.5],
			"to": [8.125, 14.75, 7.625],
			"faces": {
				"north": {"uv": [4.96, 0.96, 7.04, 3.04], "texture": "#texture"},
				"east": {"uv": [4.96, 0.96, 7.04, 3.04], "texture": "#texture"},
				"west": {"uv": [4.96, 0.96, 7.04, 3.04], "texture": "#texture"},
				"up": {"uv": [4.96, 0.96, 7.04, 3.04], "texture": "#texture"}
			}
		},
		{
			"from": [8, 12.875, 7.75],
			"to": [8.125, 15.875, 7.875],
			"faces": {
				"north": {"uv": [4.96, 0.96, 7.04, 3.04], "texture": "#texture"},
				"east": {"uv": [4.96, 0.96, 7.04, 3.04], "texture": "#texture"},
				"south": {"uv": [4.96, 0.96, 7.04, 3.04], "texture": "#texture"},
				"west": {"uv": [4.96, 0.96, 7.04, 3.04], "texture": "#texture"},
				"up": {"uv": [4.96, 0.96, 7.04, 3.04], "texture": "#texture"}
			}
		},
		{
			"from": [8, 12.875, 8],
			"to": [8.125, 15.875, 8.125],
			"faces": {
				"north": {"uv": [4.96, 0.96, 7.04, 3.04], "texture": "#texture"},
				"east": {"uv": [4.96, 0.96, 7.04, 3.04], "texture": "#texture"},
				"south": {"uv": [4.96, 0.96, 7.04, 3.04], "texture": "#texture"},
				"west": {"uv": [4.96, 0.96, 7.04, 3.04], "texture": "#texture"},
				"up": {"uv": [4.96, 0.96, 7.04, 3.04], "texture": "#texture"}
			}
		},
		{
			"from": [8, 13, 7.875],
			"to": [8.125, 16.125, 8],
			"faces": {
				"north": {"uv": [4.96, 0.96, 7.04, 3.04], "texture": "#texture"},
				"east": {"uv": [4.96, 0.96, 7.04, 3.04], "texture": "#texture"},
				"south": {"uv": [4.96, 0.96, 7.04, 3.04], "texture": "#texture"},
				"west": {"uv": [4.96, 0.96, 7.04, 3.04], "texture": "#texture"},
				"up": {"uv": [4.96, 0.96, 7.04, 3.04], "texture": "#texture"}
			}
		},
		{
			"from": [8.125, 3.625, 7.5],
			"to": [8.25, 3.75, 7.875],
			"faces": {
				"east": {"uv": [12.96, 0.96, 15.04, 3.04], "texture": "#texture"},
				"up": {"uv": [12.96, 0.96, 15.04, 3.04], "texture": "#texture"},
				"down": {"uv": [12.96, 0.96, 15.04, 3.04], "texture": "#texture"}
			}
		},
		{
			"from": [8.125, 3.625, 8],
			"to": [8.25, 3.875, 8.125],
			"faces": {
				"north": {"uv": [12.96, 0.96, 15.04, 3.04], "texture": "#texture"},
				"east": {"uv": [12.96, 0.96, 15.04, 3.04], "texture": "#texture"},
				"south": {"uv": [12.96, 0.96, 15.04, 3.04], "texture": "#texture"}
			}
		},
		{
			"from": [8.125, 3.625, 8.125],
			"to": [8.25, 3.75, 8.375],
			"faces": {
				"east": {"uv": [12.96, 0.96, 15.04, 3.04], "texture": "#texture"},
				"down": {"uv": [12.96, 0.96, 15.04, 3.04], "texture": "#texture"}
			}
		},
		{
			"from": [8.125, 3.75, 7.75],
			"to": [8.25, 3.875, 7.875],
			"faces": {
				"east": {"uv": [12.96, 0.96, 15.04, 3.04], "texture": "#texture"}
			}
		},
		{
			"from": [8.125, 3.75, 8.375],
			"to": [8.25, 3.875, 8.5],
			"faces": {
				"east": {"uv": [12.96, 0.96, 15.04, 3.04], "texture": "#texture"}
			}
		},
		{
			"from": [8.125, 4, 7.75],
			"to": [8.25, 4.125, 7.875],
			"faces": {
				"east": {"uv": [12.96, 0.96, 15.04, 3.04], "texture": "#texture"}
			}
		},
		{
			"from": [8.125, 4, 8],
			"to": [8.25, 4.125, 8.125],
			"faces": {
				"east": {"uv": [12.96, 0.96, 15.04, 3.04], "texture": "#texture"}
			}
		},
		{
			"from": [8.125, 4.125, 7.875],
			"to": [8.25, 4.25, 8],
			"faces": {
				"east": {"uv": [12.96, 0.96, 15.04, 3.04], "texture": "#texture"}
			}
		},
		{
			"from": [8.125, 4.375, 7.875],
			"to": [8.25, 5.25, 8],
			"faces": {
				"north": {"uv": [12.96, 0.96, 15.04, 3.04], "texture": "#texture"},
				"east": {"uv": [12.96, 0.96, 15.04, 3.04], "texture": "#texture"},
				"south": {"uv": [12.96, 0.96, 15.04, 3.04], "texture": "#texture"}
			}
		},
		{
			"from": [8.125, 4.5, 8.125],
			"to": [8.25, 4.625, 8.25],
			"faces": {
				"east": {"uv": [12.96, 0.96, 15.04, 3.04], "texture": "#texture"}
			}
		},
		{
			"from": [8.125, 4.625, 7.5],
			"to": [8.25, 5.625, 7.625],
			"faces": {
				"north": {"uv": [12.96, 0.96, 15.04, 3.04], "texture": "#texture"},
				"east": {"uv": [12.96, 0.96, 15.04, 3.04], "texture": "#texture"},
				"south": {"uv": [12.96, 0.96, 15.04, 3.04], "texture": "#texture"},
				"up": {"uv": [12.96, 0.96, 15.04, 3.04], "texture": "#texture"}
			}
		},
		{
			"from": [8.125, 5.5, 7.625],
			"to": [8.25, 5.75, 7.75],
			"faces": {
				"north": {"uv": [12.96, 0.96, 15.04, 3.04], "texture": "#texture"},
				"east": {"uv": [12.96, 0.96, 15.04, 3.04], "texture": "#texture"},
				"south": {"uv": [12.96, 0.96, 15.04, 3.04], "texture": "#texture"}
			}
		},
		{
			"from": [8.125, 5.5, 8.125],
			"to": [8.25, 5.75, 8.25],
			"faces": {
				"north": {"uv": [12.96, 0.96, 15.04, 3.04], "texture": "#texture"},
				"east": {"uv": [12.96, 0.96, 15.04, 3.04], "texture": "#texture"},
				"south": {"uv": [12.96, 0.96, 15.04, 3.04], "texture": "#texture"}
			}
		},
		{
			"from": [8.125, 5.625, 7.75],
			"to": [8.25, 5.875, 7.875],
			"faces": {
				"north": {"uv": [12.96, 0.96, 15.04, 3.04], "texture": "#texture"},
				"east": {"uv": [12.96, 0.96, 15.04, 3.04], "texture": "#texture"},
				"south": {"uv": [12.96, 0.96, 15.04, 3.04], "texture": "#texture"}
			}
		},
		{
			"from": [8.125, 5.625, 8],
			"to": [8.25, 5.875, 8.125],
			"faces": {
				"north": {"uv": [12.96, 0.96, 15.04, 3.04], "texture": "#texture"},
				"east": {"uv": [12.96, 0.96, 15.04, 3.04], "texture": "#texture"},
				"south": {"uv": [12.96, 0.96, 15.04, 3.04], "texture": "#texture"}
			}
		},
		{
			"from": [8.125, 5.75, 7.875],
			"to": [8.25, 6, 8],
			"faces": {
				"north": {"uv": [12.96, 0.96, 15.04, 3.04], "texture": "#texture"},
				"east": {"uv": [12.96, 0.96, 15.04, 3.04], "texture": "#texture"},
				"south": {"uv": [12.96, 0.96, 15.04, 3.04], "texture": "#texture"}
			}
		}
	],
	"display": {
		"thirdperson_righthand": {
			"translation": [0, 9, 0.2],
			"scale": [1.5, 1.5, 1.5]
		},
		"thirdperson_lefthand": {
			"translation": [0, 9, 0.2],
			"scale": [1.5, 1.5, 1.5]
		},
		"firstperson_righthand": {
			"rotation": [-45, 20, 0],
			"translation": [-0.999, 8.5869, -1.391],
			"scale": [1.5, 1.5, 1.5]
		},
		"firstperson_lefthand": {
			"rotation": [-45, 20, 0],
			"translation": [-0.999, 8.5869, -1.391],
			"scale": [1.5, 1.5, 1.5]
		},
		"ground": {
			"translation": [0, 7, 0],
			"scale": [1.5, 1.5, 1.5]
		},
		"gui": {
			"rotation": [-90, 50, 79],
			"translation": [0, 0.5, 0],
			"scale": [1.2, 1.2, 1.2]
		},
		"head": {
			"rotation": [90, 33, 90],
			"translation": [0, -13.21, 5.5648],
			"scale": [2, 2, 2]
		},
		"fixed": {
			"rotation": [0, 90, 0],
			"translation": [0, 24.5, -0.3],
			"scale": [4, 4, 4]
		}
	}
}