{
	"credit": "Made with Blockbench",
	"texture_size": [32, 32],
	"textures": {
		"0": "item/fox_texture",
		"particle": "item/block/blank"
	},
	"elements": [
		{
			"from": [10.5, 0, 5],
			"to": [11.5, 1, 7],
			"rotation": {"angle": 0, "axis": "y", "origin": [8, 3, 7.25]},
			"faces": {
				"north": {"uv": [7.5, 7.5, 8.5, 8], "texture": "#0"},
				"east": {"uv": [0, 8, 1, 8.5], "texture": "#0"},
				"south": {"uv": [1, 8, 2, 8.5], "texture": "#0"},
				"west": {"uv": [2, 8, 3, 8.5], "texture": "#0"},
				"up": {"uv": [7.5, 6.5, 6.5, 5.5], "texture": "#0"},
				"down": {"uv": [7.5, 6.5, 6.5, 7.5], "texture": "#0"}
			}
		},
		{
			"from": [5.5, 0, 5],
			"to": [10.5, 5, 10],
			"rotation": {"angle": 0, "axis": "y", "origin": [8, 3, 7.25]},
			"faces": {
				"north": {"uv": [0, 0, 2.5, 2.5], "texture": "#0"},
				"east": {"uv": [0, 2.5, 2.5, 5], "texture": "#0"},
				"south": {"uv": [2.5, 0, 5, 2.5], "texture": "#0"},
				"west": {"uv": [2.5, 2.5, 5, 5], "texture": "#0"},
				"up": {"uv": [2.5, 7.5, 0, 5], "texture": "#0"},
				"down": {"uv": [7.5, 0, 5, 2.5], "texture": "#0"}
			}
		},
		{
			"from": [5.5, 5, 6],
			"to": [7.5, 6, 7],
			"rotation": {"angle": 0, "axis": "y", "origin": [8, 3, 7.25]},
			"faces": {
				"north": {"uv": [1, 7.5, 2, 8], "texture": "#0"},
				"east": {"uv": [4.5, 5, 5, 5.5], "texture": "#0"},
				"south": {"uv": [7.5, 1, 8.5, 1.5], "texture": "#0"},
				"west": {"uv": [2, 7.5, 2.5, 8], "texture": "#0"},
				"up": {"uv": [8.5, 2, 7.5, 1.5], "texture": "#0"},
				"down": {"uv": [8.5, 2, 7.5, 2.5], "texture": "#0"}
			}
		},
		{
			"from": [7, -0.25, 7],
			"to": [9, 1.75, 11],
			"rotation": {"angle": -45, "axis": "x", "origin": [8, 3, 7.25]},
			"faces": {
				"north": {"uv": [3.5, 6, 4.5, 7], "texture": "#0"},
				"east": {"uv": [2.5, 5, 4.5, 6], "texture": "#0"},
				"south": {"uv": [6, 3.5, 7, 4.5], "texture": "#0"},
				"west": {"uv": [5, 2.5, 7, 3.5], "texture": "#0"},
				"up": {"uv": [6, 5.5, 5, 3.5], "texture": "#0"},
				"down": {"uv": [5.5, 5.5, 4.5, 7.5], "texture": "#0"}
			}
		},
		{
			"from": [8.5, 5, 6],
			"to": [10.5, 6, 7],
			"rotation": {"angle": 0, "axis": "y", "origin": [8, 3, 7.25]},
			"faces": {
				"north": {"uv": [3.5, 7.5, 4.5, 8], "texture": "#0"},
				"east": {"uv": [5, 8, 5.5, 8.5], "texture": "#0"},
				"south": {"uv": [4.5, 7.5, 5.5, 8], "texture": "#0"},
				"west": {"uv": [5.5, 8, 6, 8.5], "texture": "#0"},
				"up": {"uv": [6.5, 8, 5.5, 7.5], "texture": "#0"},
				"down": {"uv": [8.5, 5.5, 7.5, 6], "texture": "#0"}
			}
		},
		{
			"from": [6.5, 2, 4],
			"to": [9.5, 3, 5],
			"rotation": {"angle": 0, "axis": "y", "origin": [8, 3, 7.25]},
			"faces": {
				"north": {"uv": [7, 3.5, 8.5, 4], "texture": "#0"},
				"east": {"uv": [6, 8, 6.5, 8.5], "texture": "#0"},
				"south": {"uv": [7, 4, 8.5, 4.5], "texture": "#0"},
				"west": {"uv": [6.5, 8, 7, 8.5], "texture": "#0"},
				"up": {"uv": [8.5, 5, 7, 4.5], "texture": "#0"},
				"down": {"uv": [8.5, 5, 7, 5.5], "texture": "#0"}
			}
		},
		{
			"from": [4.5, 0, 5],
			"to": [5.5, 1, 7],
			"rotation": {"angle": 0, "axis": "y", "origin": [8, 3, 7.25]},
			"faces": {
				"north": {"uv": [7.5, 6, 8.5, 6.5], "texture": "#0"},
				"east": {"uv": [6.5, 7.5, 7.5, 8], "texture": "#0"},
				"south": {"uv": [7.5, 6.5, 8.5, 7], "texture": "#0"},
				"west": {"uv": [7.5, 7, 8.5, 7.5], "texture": "#0"},
				"up": {"uv": [7, 5.5, 6, 4.5], "texture": "#0"},
				"down": {"uv": [6.5, 6.5, 5.5, 7.5], "texture": "#0"}
			}
		},
		{
			"from": [4.5, 0, 9],
			"to": [5.5, 1, 11],
			"rotation": {"angle": 0, "axis": "y", "origin": [8, 3, 7.25]},
			"faces": {
				"north": {"uv": [8, 2.5, 9, 3], "texture": "#0"},
				"east": {"uv": [3, 8, 4, 8.5], "texture": "#0"},
				"south": {"uv": [8, 3, 9, 3.5], "texture": "#0"},
				"west": {"uv": [4, 8, 5, 8.5], "texture": "#0"},
				"up": {"uv": [3.5, 8, 2.5, 7], "texture": "#0"},
				"down": {"uv": [8, 2.5, 7, 3.5], "texture": "#0"}
			}
		},
		{
			"from": [10.5, 0, 9],
			"to": [11.5, 1, 11],
			"rotation": {"angle": 0, "axis": "y", "origin": [8, 3, 7.25]},
			"faces": {
				"north": {"uv": [3.5, 7, 4.5, 7.5], "texture": "#0"},
				"east": {"uv": [0, 7.5, 1, 8], "texture": "#0"},
				"south": {"uv": [7.5, 0, 8.5, 0.5], "texture": "#0"},
				"west": {"uv": [7.5, 0.5, 8.5, 1], "texture": "#0"},
				"up": {"uv": [6.5, 6.5, 5.5, 5.5], "texture": "#0"},
				"down": {"uv": [3.5, 6, 2.5, 7], "texture": "#0"}
			}
		}
	],
	"display": {
		"thirdperson_righthand": {
			"rotation": [103, 0, 0],
			"translation": [-3.25, -0.5, 9],
			"scale": [1.2, 1.2, 1.2]
		},
		"thirdperson_lefthand": {
			"rotation": [103, 0, 0],
			"translation": [-3.25, -0.5, 9],
			"scale": [1.2, 1.2, 1.2]
		},
		"firstperson_righthand": {
			"rotation": [0, 180, 0],
			"translation": [-9, 9.5, 0]
		},
		"firstperson_lefthand": {
			"rotation": [-26, 130, 0],
			"translation": [2, 8, -2.25]
		},
		"ground": {
			"translation": [0, 5, 0]
		},
		"gui": {
			"rotation": [19, -147, 0],
			"translation": [0, 8.75, 0],
			"scale": [1.65, 1.65, 1.65]
		},
		"head": {
			"translation": [0, 14, 0.25]
		},
		"fixed": {
			"rotation": [-90, 0, 0],
			"translation": [0, 0.25, -20],
			"scale": [2.5, 2.5, 2.5]
		}
	},
	"groups": [
		{
			"name": "root",
			"origin": [8, 8, 8],
			"color": 0,
			"children": [0, 1, 2, 3, 4, 5, 6, 7, 8]
		}
	]
}