{
	"credit": "Made with Blockbench",
	"texture_size": [8, 8],
	"textures": {
		"0": "item/froglin_texture",
		"particle": "item/block/blank"
	},
	"elements": [
		{
			"from": [5.5, 0, 6],
			"to": [10.5, 5, 11],
			"rotation": {"angle": 0, "axis": "y", "origin": [8, 3.25, 7]},
			"faces": {
				"north": {"uv": [0, 0, 5, 5], "texture": "#0"},
				"east": {"uv": [0, 5, 5, 10], "texture": "#0"},
				"south": {"uv": [5, 0, 10, 5], "texture": "#0"},
				"west": {"uv": [5, 5, 10, 10], "texture": "#0"},
				"up": {"uv": [5, 15, 0, 10], "texture": "#0"},
				"down": {"uv": [15, 0, 10, 5], "texture": "#0"}
			}
		},
		{
			"from": [5.5, 5, 6],
			"to": [7.5, 7, 8],
			"rotation": {"angle": 0, "axis": "y", "origin": [8, 3.25, 7]},
			"faces": {
				"north": {"uv": [5, 10, 7, 12], "texture": "#0"},
				"east": {"uv": [10, 5, 12, 7], "texture": "#0"},
				"south": {"uv": [7, 10, 9, 12], "texture": "#0"},
				"west": {"uv": [10, 7, 12, 9], "texture": "#0"},
				"up": {"uv": [11, 12, 9, 10], "texture": "#0"},
				"down": {"uv": [13, 9, 11, 11], "texture": "#0"}
			}
		},
		{
			"from": [8.5, 5, 6],
			"to": [10.5, 7, 8],
			"rotation": {"angle": 0, "axis": "y", "origin": [8, 3.25, 7]},
			"faces": {
				"north": {"uv": [11, 11, 13, 13], "texture": "#0"},
				"east": {"uv": [5, 12, 7, 14], "texture": "#0"},
				"south": {"uv": [12, 5, 14, 7], "texture": "#0"},
				"west": {"uv": [7, 12, 9, 14], "texture": "#0"},
				"up": {"uv": [14, 9, 12, 7], "texture": "#0"},
				"down": {"uv": [11, 12, 9, 14], "texture": "#0"}
			}
		},
		{
			"from": [4.5, 2.75, 5.5],
			"to": [5.5, 3.25, 8.5],
			"rotation": {"angle": -22.5, "axis": "x", "origin": [8, 3.25, 7]},
			"faces": {
				"north": {"uv": [10, 9, 11, 10], "texture": "#0"},
				"east": {"uv": [13, 9, 16, 10], "texture": "#0"},
				"south": {"uv": [8, 14, 9, 15], "texture": "#0"},
				"west": {"uv": [13, 10, 16, 11], "texture": "#0"},
				"up": {"uv": [12, 16, 11, 13], "texture": "#0"},
				"down": {"uv": [14, 11, 13, 14], "texture": "#0"}
			}
		},
		{
			"from": [10.5, 2.75, 5.5],
			"to": [11.5, 3.25, 8.5],
			"rotation": {"angle": -22.5, "axis": "x", "origin": [8, 3.25, 7]},
			"faces": {
				"north": {"uv": [9, 14, 10, 15], "texture": "#0"},
				"east": {"uv": [5, 14, 8, 15], "texture": "#0"},
				"south": {"uv": [10, 14, 11, 15], "texture": "#0"},
				"west": {"uv": [5, 15, 8, 16], "texture": "#0"},
				"up": {"uv": [13, 16, 12, 13], "texture": "#0"},
				"down": {"uv": [15, 6, 14, 9], "texture": "#0"}
			}
		},
		{
			"from": [5.5, 0, 5],
			"to": [6.5, 1, 6],
			"rotation": {"angle": 0, "axis": "y", "origin": [8, 3.25, 7]},
			"faces": {
				"north": {"uv": [14, 11, 15, 12], "texture": "#0"},
				"east": {"uv": [14, 12, 15, 13], "texture": "#0"},
				"south": {"uv": [13, 14, 14, 15], "texture": "#0"},
				"west": {"uv": [14, 13, 15, 14], "texture": "#0"},
				"up": {"uv": [15, 15, 14, 14], "texture": "#0"},
				"down": {"uv": [1, 15, 0, 16], "texture": "#0"}
			}
		},
		{
			"from": [9.5, 0, 5],
			"to": [10.5, 1, 6],
			"rotation": {"angle": 0, "axis": "y", "origin": [8, 3.25, 7]},
			"faces": {
				"north": {"uv": [15, 0, 16, 1], "texture": "#0"},
				"east": {"uv": [1, 15, 2, 16], "texture": "#0"},
				"south": {"uv": [15, 1, 16, 2], "texture": "#0"},
				"west": {"uv": [2, 15, 3, 16], "texture": "#0"},
				"up": {"uv": [16, 3, 15, 2], "texture": "#0"},
				"down": {"uv": [4, 15, 3, 16], "texture": "#0"}
			}
		}
	],
	"display": {
		"thirdperson_righthand": {
			"rotation": [103, 0, 0],
			"translation": [0, 1.25, 9],
			"scale": [1.2, 1.2, 1.2]
		},
		"thirdperson_lefthand": {
			"rotation": [103, 0, 0],
			"translation": [-0.25, 1.25, 9],
			"scale": [1.2, 1.2, 1.2]
		},
		"firstperson_righthand": {
			"rotation": [0, -180, 0],
			"translation": [-9, 7.75, 2.25]
		},
		"firstperson_lefthand": {
			"rotation": [0, 150, 0],
			"translation": [-1.5, 8, 2.25]
		},
		"ground": {
			"translation": [0, 7, 0]
		},
		"gui": {
			"rotation": [19, 152, 0],
			"translation": [0, 8, 0],
			"scale": [1.75, 1.75, 1.75]
		},
		"head": {
			"translation": [0, 14.25, 0]
		},
		"fixed": {
			"rotation": [-90, 0, 0],
			"translation": [-0.5, -1.25, -20],
			"scale": [2.5, 2.5, 2.5]
		}
	},
	"groups": [
		{
			"name": "root",
			"origin": [5.5, 3, 5],
			"color": 0,
			"children": [0, 1, 2, 3, 4, 5, 6]
		}
	]
}