{
	"credit": "Made with Blockbench",
	"texture_size": [32, 32],
	"textures": {
		"0": "item/froge_texture",
		"particle": "item/block/blank"
	},
	"elements": [
		{
			"name": "eye_R",
			"from": [9, 7, 4.5],
			"to": [12, 9, 7.5],
			"faces": {
				"north": {"uv": [10, 12, 16, 16], "texture": "#0"},
				"east": {"uv": [5, 4, 6.5, 5], "texture": "#0"},
				"south": {"uv": [5, 3, 3.5, 4], "texture": "#0"},
				"west": {"uv": [5, 3, 6.5, 4], "texture": "#0"},
				"up": {"uv": [8, 4, 6.5, 5.5], "texture": "#0"}
			}
		},
		{
			"name": "eye_L",
			"from": [4, 7, 4.5],
			"to": [7, 9, 7.5],
			"faces": {
				"north": {"uv": [10, 12, 16, 16], "texture": "#0"},
				"east": {"uv": [5, 4, 6.5, 5], "texture": "#0"},
				"south": {"uv": [3.5, 3, 5, 4], "texture": "#0"},
				"west": {"uv": [5, 3, 6.5, 4], "texture": "#0"},
				"up": {"uv": [6.5, 4, 8, 5.5], "texture": "#0"}
			}
		},
		{
			"name": "leg_FR",
			"from": [11, 0, 4],
			"to": [13, 3, 7],
			"rotation": {"angle": 0, "axis": "y", "origin": [13, 1.5, 4]},
			"faces": {
				"north": {"uv": [2, 5.5, 3, 7], "texture": "#0"},
				"east": {"uv": [3, 7, 4.5, 5.5], "texture": "#0"},
				"south": {"uv": [1, 5.5, 2, 7], "texture": "#0"},
				"west": {"uv": [6.5, 5.5, 8, 7], "texture": "#0"},
				"up": {"uv": [4.5, 5.5, 5.5, 7], "rotation": 180, "texture": "#0"},
				"down": {"uv": [5.5, 5.5, 6.5, 7], "rotation": 180, "texture": "#0"}
			}
		},
		{
			"name": "leg_FR",
			"from": [2, 0, 9],
			"to": [5, 3, 12],
			"rotation": {"angle": 0, "axis": "y", "origin": [3, 1.5, 9]},
			"faces": {
				"north": {"uv": [8.5, 10.5, 10, 12], "texture": "#0"},
				"east": {"uv": [10, 10.5, 11.5, 12], "texture": "#0"},
				"south": {"uv": [7, 10.5, 8.5, 12], "texture": "#0"},
				"west": {"uv": [14.5, 10.5, 16, 12], "texture": "#0"},
				"up": {"uv": [11.5, 10.5, 13, 12], "rotation": 180, "texture": "#0"},
				"down": {"uv": [13, 10.5, 14.5, 12], "rotation": 180, "texture": "#0"}
			}
		},
		{
			"name": "leg_FR",
			"from": [11, 0, 9],
			"to": [14, 3, 12],
			"rotation": {"angle": 0, "axis": "y", "origin": [12.5, 1.5, 10.5]},
			"faces": {
				"north": {"uv": [7, 10.5, 8.5, 12], "texture": "#0"},
				"east": {"uv": [14.5, 10.5, 16, 12], "texture": "#0"},
				"south": {"uv": [8.5, 10.5, 10, 12], "texture": "#0"},
				"west": {"uv": [10, 10.5, 11.5, 12], "texture": "#0"},
				"up": {"uv": [11.5, 10.5, 13, 12], "texture": "#0"},
				"down": {"uv": [13, 10.5, 14.5, 12], "texture": "#0"}
			}
		},
		{
			"name": "leg_FR",
			"from": [3, 0, 4],
			"to": [5, 3, 7],
			"rotation": {"angle": 0, "axis": "y", "origin": [3, 1.5, 4]},
			"faces": {
				"north": {"uv": [1, 5.5, 2, 7], "texture": "#0"},
				"east": {"uv": [6.5, 5.5, 8, 7], "texture": "#0"},
				"south": {"uv": [2, 5.5, 3, 7], "texture": "#0"},
				"west": {"uv": [3, 5.5, 4.5, 7], "texture": "#0"},
				"up": {"uv": [4.5, 5.5, 5.5, 7], "texture": "#0"},
				"down": {"uv": [5.5, 5.5, 6.5, 7], "texture": "#0"}
			}
		},
		{
			"name": "body",
			"from": [4, 1, 3.5],
			"to": [12, 7, 12.5],
			"faces": {
				"north": {"uv": [12, 0, 16, 3], "texture": "#0"},
				"east": {"uv": [12, 0, 7.5, 3], "texture": "#0"},
				"south": {"uv": [12, 3, 16, 6], "texture": "#0"},
				"west": {"uv": [7.5, 0, 12, 3], "texture": "#0"},
				"up": {"uv": [12, 6, 16, 10.5], "texture": "#0"},
				"down": {"uv": [8, 3, 12, 7.5], "texture": "#0"}
			}
		},
		{
			"name": "footplate",
			"from": [1, 0.01, 2],
			"to": [15, 0.01, 14],
			"faces": {
				"north": {"uv": [0, 0, 0, 0], "texture": "#0"},
				"east": {"uv": [0, 0, 0, 0], "texture": "#0"},
				"south": {"uv": [0, 0, 0, 0], "texture": "#0"},
				"west": {"uv": [0, 0, 0, 0], "texture": "#0"},
				"up": {"uv": [0, 7, 7, 13], "texture": "#0"},
				"down": {"uv": [0, 13, 7, 7], "texture": "#0"}
			}
		}
	],
	"display": {
		"thirdperson_righthand": {
			"rotation": [65, 0, 0],
			"translation": [0.25, 1.5, 5.75],
			"scale": [0.7, 0.7, 0.7]
		},
		"thirdperson_lefthand": {
			"rotation": [65, 0, 0],
			"translation": [0.25, 1.5, 5.75],
			"scale": [0.7, 0.7, 0.7]
		},
		"firstperson_righthand": {
			"rotation": [0, 180, 0],
			"translation": [-9, 5.25, 0.5]
		},
		"firstperson_lefthand": {
			"rotation": [0, 132, 0],
			"translation": [10.25, 0.75, -9]
		},
		"ground": {
			"translation": [0, 3.75, 0],
			"scale": [0.7, 0.7, 0.7]
		},
		"gui": {
			"rotation": [19, 147, 0],
			"translation": [0, 4, 0]
		},
		"head": {
			"translation": [0, 14.5, 0]
		},
		"fixed": {
			"rotation": [-90, 0, 0],
			"translation": [0, 1.25, -20],
			"scale": [2.5, 2.5, 2.5]
		}
	}
}