{
	"credit": "Made with Blockbench",
	"texture_size": [64, 64],
	"textures": {
		"1": "item/gift"
	},
	"elements": [
		{
			"name": "lid",
			"from": [-0.25, 9, -0.25],
			"to": [16.25, 16, 16.25],
			"rotation": {"angle": 0, "axis": "y", "origin": [8, 0, 8]},
			"faces": {
				"north": {"uv": [4, 4, 8, 5.75], "texture": "#1"},
				"east": {"uv": [0, 4, 4, 5.75], "texture": "#1"},
				"south": {"uv": [12, 4, 16, 5.75], "texture": "#1"},
				"west": {"uv": [8, 4, 12, 5.75], "texture": "#1"},
				"up": {"uv": [8, 4, 4, 0], "texture": "#1"},
				"down": {"uv": [12, 0, 8, 4], "texture": "#1"}
			}
		},
		{
			"name": "lid",
			"from": [-0.25, 11, -0.25],
			"to": [16.25, 16, 16.25],
			"rotation": {"angle": 0, "axis": "y", "origin": [8, 0, 8]},
			"faces": {
				"north": {"uv": [12, 2.5, 16, 3.75], "texture": "#1"},
				"east": {"uv": [12, 0.5, 16, 1.75], "texture": "#1"},
				"south": {"uv": [12, 0.875, 16, 2.125], "texture": "#1"},
				"west": {"uv": [12, 0.5, 16, 1.75], "texture": "#1"},
				"up": {"uv": [8, 4, 4, 0], "texture": "#1"},
				"down": {"uv": [8, 0, 4, 4], "texture": "#1"}
			}
		},
		{
			"name": "bow",
			"from": [6, 16, 6.5],
			"to": [10, 18, 10.5],
			"rotation": {"angle": 0, "axis": "y", "origin": [8, 0, 8.5]},
			"faces": {
				"north": {"uv": [1, 1, 2, 1.5], "texture": "#1"},
				"east": {"uv": [0, 1, 1, 1.5], "texture": "#1"},
				"south": {"uv": [3, 1, 4, 1.5], "texture": "#1"},
				"west": {"uv": [2, 1, 3, 1.5], "texture": "#1"},
				"up": {"uv": [2, 1, 1, 0], "texture": "#1"},
				"down": {"uv": [3, 0, 2, 1], "texture": "#1"}
			}
		},
		{
			"name": "bowpart1",
			"from": [16, 15.5, 6],
			"to": [21, 17.5, 11],
			"rotation": {"angle": 22.5, "axis": "z", "origin": [14, 0, 8]},
			"faces": {
				"north": {"uv": [7.5, 15.5, 8.75, 16], "texture": "#1"},
				"east": {"uv": [6.25, 15.5, 7.5, 16], "texture": "#1"},
				"south": {"uv": [10, 15.5, 11.25, 16], "texture": "#1"},
				"west": {"uv": [8.75, 15.5, 10, 16], "texture": "#1"},
				"up": {"uv": [8.75, 15.5, 7.5, 14.25], "texture": "#1"},
				"down": {"uv": [10, 14.25, 8.75, 15.5], "texture": "#1"}
			}
		},
		{
			"name": "bowpart2",
			"from": [-5.5, 15.5, 6],
			"to": [-0.5, 17.5, 11],
			"rotation": {"angle": -22.5, "axis": "z", "origin": [1.5, 0, 8]},
			"faces": {
				"north": {"uv": [8.75, 15.5, 7.5, 16], "texture": "#1"},
				"east": {"uv": [10, 15.5, 8.75, 16], "texture": "#1"},
				"south": {"uv": [11.25, 15.5, 10, 16], "texture": "#1"},
				"west": {"uv": [7.5, 15.5, 6.25, 16], "texture": "#1"},
				"up": {"uv": [7.5, 15.5, 8.75, 14.25], "texture": "#1"},
				"down": {"uv": [8.75, 14.25, 10, 15.5], "texture": "#1"}
			}
		},
		{
			"name": "ribbon1",
			"from": [6, 16.75, 0],
			"to": [9, 16.75, 8],
			"rotation": {"angle": 22.5, "axis": "y", "origin": [8, 0, 8]},
			"faces": {
				"north": {"uv": [12, 16, 12.75, 16], "texture": "#1"},
				"east": {"uv": [10, 16, 12, 16], "texture": "#1"},
				"south": {"uv": [14.75, 16, 15.5, 16], "texture": "#1"},
				"west": {"uv": [12.75, 16, 14.75, 16], "texture": "#1"},
				"up": {"uv": [12.75, 16, 12, 14], "texture": "#1"},
				"down": {"uv": [12.75, 14, 12, 16], "texture": "#1"}
			}
		},
		{
			"name": "ribbon2",
			"from": [7, 16.75, 0],
			"to": [10, 16.75, 8],
			"rotation": {"angle": -22.5, "axis": "y", "origin": [8, 0, 8]},
			"faces": {
				"north": {"uv": [12.75, 16, 12, 16], "texture": "#1"},
				"east": {"uv": [14.75, 16, 12.75, 16], "texture": "#1"},
				"south": {"uv": [15.5, 16, 14.75, 16], "texture": "#1"},
				"west": {"uv": [12, 16, 10, 16], "texture": "#1"},
				"up": {"uv": [12, 16, 12.75, 14], "texture": "#1"},
				"down": {"uv": [12, 14, 12.75, 16], "texture": "#1"}
			}
		},
		{
			"name": "base",
			"from": [0, 0, 0],
			"to": [16, 11, 16],
			"rotation": {"angle": 0, "axis": "y", "origin": [8, 0, 8]},
			"faces": {
				"north": {"uv": [4, 9.75, 8, 12.5], "texture": "#1"},
				"east": {"uv": [0, 9.75, 4, 12.5], "texture": "#1"},
				"south": {"uv": [12, 9.75, 16, 12.5], "texture": "#1"},
				"west": {"uv": [8, 9.75, 12, 12.5], "texture": "#1"},
				"up": {"uv": [8, 9.75, 4, 5.75], "texture": "#1"},
				"down": {"uv": [12, 5.75, 8, 9.75], "texture": "#1"}
			}
		}
	],
	"display": {
		"thirdperson_righthand": {
			"translation": [0, 0, -3.5],
			"scale": [0.5, 0.5, 0.5]
		},
		"thirdperson_lefthand": {
			"translation": [0, 0, -2.25],
			"scale": [0.5, 0.5, 0.5]
		},
		"firstperson_righthand": {
			"translation": [1.25, 0, 0],
			"scale": [0.5, 0.5, 0.5]
		},
		"firstperson_lefthand": {
			"translation": [1.25, 0, 0],
			"scale": [0.5, 0.5, 0.5]
		},
		"ground": {
			"translation": [0, 1.75, 0],
			"scale": [0.5, 0.5, 0.5]
		},
		"gui": {
			"rotation": [21, 145, 0],
			"scale": [0.5, 0.5, 0.5]
		},
		"fixed": {
			"rotation": [-90, 0, 0],
			"translation": [0, 0, -8]
		}
	}
}