{
	"credit": "Made with Blockbench",
	"texture_size": [32, 32],
	"textures": {
		"0": "item/goldfish_texture",
		"particle": "item/block/blank"
	},
	"elements": [
		{
			"from": [8, 0, 12],
			"to": [8, 9, 19],
			"rotation": {"angle": 0, "axis": "y", "origin": [8, 5, 14]},
			"faces": {
				"east": {"uv": [8.5, 9.5, 5, 14], "texture": "#0"},
				"west": {"uv": [5, 9.5, 8.5, 14], "texture": "#0"}
			}
		},
		{
			"from": [8, 10, 3],
			"to": [8, 13, 12],
			"rotation": {"angle": 0, "axis": "y", "origin": [8, 11.5, 7.5]},
			"faces": {
				"east": {"uv": [5, 8, 9.5, 9.5], "texture": "#0"},
				"west": {"uv": [9.5, 8, 5, 9.5], "texture": "#0"}
			}
		},
		{
			"from": [3, 0, 3],
			"to": [3, 5, 13],
			"rotation": {"angle": -22.5, "axis": "z", "origin": [3, 5, 9]},
			"faces": {
				"east": {"uv": [5, 0, 0, 2.5], "texture": "#0"},
				"west": {"uv": [0, 0, 5, 2.5], "texture": "#0"}
			}
		},
		{
			"from": [13, 0, 3],
			"to": [13, 5, 13],
			"rotation": {"angle": 22.5, "axis": "z", "origin": [13, 5, 9]},
			"faces": {
				"east": {"uv": [5, 0, 0, 2.5], "texture": "#0"},
				"west": {"uv": [0, 0, 5, 2.5], "texture": "#0"}
			}
		},
		{
			"from": [3, 0, 2],
			"to": [13, 10, 12],
			"rotation": {"angle": 0, "axis": "y", "origin": [8, 5, 7]},
			"faces": {
				"north": {"uv": [0, 8, 5, 13], "texture": "#0"},
				"east": {"uv": [0, 3, 5, 8], "texture": "#0"},
				"south": {"uv": [11, 0, 16, 5], "texture": "#0"},
				"west": {"uv": [5, 3, 0, 8], "texture": "#0"},
				"up": {"uv": [11, 10, 16, 15], "texture": "#0"},
				"down": {"uv": [11, 5, 16, 10], "texture": "#0"}
			}
		},
		{
			"from": [1, 5, 3],
			"to": [3, 8, 6],
			"rotation": {"angle": 0, "axis": "y", "origin": [2, 6.5, 4.5]},
			"faces": {
				"north": {"uv": [11, 2, 9, 5], "texture": "#0"},
				"south": {"uv": [7, 3.5, 8, 5], "texture": "#0"},
				"west": {"uv": [8, 5, 11, 8], "texture": "#0"},
				"up": {"uv": [7, 3.5, 8, 5], "texture": "#0"},
				"down": {"uv": [7, 5, 8, 6.5], "texture": "#0"}
			}
		},
		{
			"from": [13, 5, 3],
			"to": [15, 8, 6],
			"rotation": {"angle": 0, "axis": "y", "origin": [14, 6.5, 4.5]},
			"faces": {
				"north": {"uv": [9, 2, 11, 5], "texture": "#0"},
				"east": {"uv": [11, 5, 8, 8], "texture": "#0"},
				"south": {"uv": [7, 3.5, 8, 5], "texture": "#0"},
				"up": {"uv": [7, 3.5, 8, 5], "texture": "#0"},
				"down": {"uv": [7, 5, 8, 6.5], "texture": "#0"}
			}
		}
	],
	"display": {
		"thirdperson_righthand": {
			"rotation": [-180, 0, 180],
			"translation": [0, 1.25, -1.75]
		},
		"thirdperson_lefthand": {
			"rotation": [-180, 0, 180],
			"translation": [0, 0.75, -1]
		},
		"firstperson_righthand": {
			"rotation": [-12, 180, 0],
			"translation": [-8.75, 1, -9.5]
		},
		"firstperson_lefthand": {
			"rotation": [-12, 119, 0],
			"translation": [11.75, 1, -9.5]
		},
		"ground": {
			"translation": [0, 3.75, 0],
			"scale": [0.65, 0.65, 0.65]
		},
		"gui": {
			"rotation": [19, -147, 0],
			"translation": [0, 2, 0],
			"scale": [0.84, 0.84, 0.84]
		},
		"head": {
			"rotation": [-90, 0, 0],
			"translation": [0, 10, -5.25],
			"scale": [2, 2, 2]
		},
		"fixed": {
			"rotation": [-90, 0, 0],
			"translation": [0, 1.5, -20],
			"scale": [2.5, 2.5, 2.5]
		}
	}
}