{
	"credit": "Made with Blockbench",
	"texture_size": [8, 8],
	"textures": {
		"3": "item/mace_texture_1",
		"4": "item/mace_texture_2",
		"5": "item/mace_texture_4",
		"6": "item/mace_texture_5",
		"7": "item/mace_texture_6",
		"8": "item/mace_texture_7",
		"9": "item/mace_texture_3",
		"particle": "item/mace_texture_3"
	},
	"elements": [
		{
			"from": [7, 0, 7],
			"to": [8, 1, 8],
			"rotation": {"angle": -45, "axis": "x", "origin": [7.5, 0.5, 7.5]},
			"faces": {
				"north": {"uv": [12, 0, 8, 4], "rotation": 180, "texture": "#3"},
				"east": {"uv": [0, 4, 4, 8], "rotation": 270, "texture": "#3"},
				"south": {"uv": [4, 12, 0, 8], "texture": "#3"},
				"west": {"uv": [0, 4, 4, 8], "rotation": 90, "texture": "#3"},
				"up": {"uv": [0, 0, 4, 4], "rotation": 180, "texture": "#3"},
				"down": {"uv": [4, 0, 8, 4], "texture": "#3"}
			}
		},
		{
			"from": [6.5, 5.5, 6.5],
			"to": [8.5, 7.5, 8.5],
			"rotation": {"angle": 0, "axis": "y", "origin": [7.5, 5.5, 7.5]},
			"faces": {
				"north": {"uv": [0, 0, 4, 4], "texture": "#5"},
				"east": {"uv": [0, 4, 4, 8], "texture": "#5"},
				"south": {"uv": [4, 0, 8, 4], "texture": "#5"},
				"west": {"uv": [4, 4, 8, 8], "texture": "#5"},
				"up": {"uv": [12, 4, 8, 0], "texture": "#5"},
				"down": {"uv": [12, 0, 8, 4], "texture": "#5"}
			}
		},
		{
			"from": [6.35, 5.35, 8.75],
			"to": [8.65, 7.65, 9.5],
			"rotation": {"angle": 0, "axis": "y", "origin": [7.55, 5.55, 9.75]},
			"faces": {
				"north": {"uv": [0, 6, 4.5, 10.5], "texture": "#6"},
				"east": {"uv": [6, 6, 7.5, 10.5], "texture": "#6"},
				"south": {"uv": [0, 0, 4.5, 4.5], "texture": "#6"},
				"west": {"uv": [7.5, 6, 6, 10.5], "texture": "#6"},
				"up": {"uv": [12.5, 0, 8, 1.5], "texture": "#6"},
				"down": {"uv": [12.5, 1.5, 8, 0], "texture": "#6"}
			}
		},
		{
			"from": [6.85, 5.85, 8.5],
			"to": [8.15, 7.15, 8.75],
			"rotation": {"angle": 0, "axis": "y", "origin": [7.55, 5.55, 9]},
			"faces": {
				"north": {"uv": [0, 0, 2.5, 2.5], "texture": "#8"},
				"east": {"uv": [4, 0, 4.5, 2.5], "texture": "#8"},
				"south": {"uv": [0, 4, 2.5, 6.5], "texture": "#8"},
				"west": {"uv": [4, 4, 4.5, 6.5], "texture": "#8"},
				"up": {"uv": [8.5, 0.5, 6, 0], "texture": "#8"},
				"down": {"uv": [8.5, 2, 6, 2.5], "texture": "#8"}
			}
		},
		{
			"from": [6.85, 5.85, 6.25],
			"to": [8.15, 7.15, 6.5],
			"rotation": {"angle": 0, "axis": "y", "origin": [7.55, 5.55, 6.75]},
			"faces": {
				"north": {"uv": [0, 0, 2.5, 2.5], "texture": "#8"},
				"east": {"uv": [4, 0, 4.5, 2.5], "texture": "#8"},
				"south": {"uv": [0, 4, 2.5, 6.5], "texture": "#8"},
				"west": {"uv": [4, 4, 4.5, 6.5], "texture": "#8"},
				"up": {"uv": [8.5, 0.5, 6, 0], "texture": "#8"},
				"down": {"uv": [8.5, 2, 6, 2.5], "texture": "#8"}
			}
		},
		{
			"from": [6.35, 5.35, 5.5],
			"to": [8.65, 7.65, 6.25],
			"rotation": {"angle": 0, "axis": "y", "origin": [7.55, 5.55, 6.5]},
			"faces": {
				"north": {"uv": [0, 0, 4.5, 4.5], "texture": "#6"},
				"east": {"uv": [7.5, 6, 6, 10.5], "texture": "#6"},
				"south": {"uv": [0, 6, 4.5, 10.5], "texture": "#6"},
				"west": {"uv": [6, 6, 7.5, 10.5], "texture": "#6"},
				"up": {"uv": [12.5, 1.5, 8, 0], "texture": "#6"},
				"down": {"uv": [12.5, 0, 8, 1.5], "texture": "#6"}
			}
		},
		{
			"from": [7.125, 0.5, 7.125],
			"to": [7.875, 1.5, 7.875],
			"rotation": {"angle": 0, "axis": "y", "origin": [7.125, 0.5, 7.125]},
			"faces": {
				"north": {"uv": [0, 4, 3, 8], "texture": "#4"},
				"east": {"uv": [0, 4, 3, 8], "texture": "#4"},
				"south": {"uv": [0, 4, 3, 8], "texture": "#4"},
				"west": {"uv": [0, 4, 3, 8], "texture": "#4"},
				"up": {"uv": [3, 11, 0, 8], "texture": "#4"},
				"down": {"uv": [11, 0, 8, 3], "texture": "#4"}
			}
		},
		{
			"from": [7.125, 4.5, 7.125],
			"to": [7.875, 5.5, 7.875],
			"rotation": {"angle": 0, "axis": "y", "origin": [7.125, 4.5, 7.125]},
			"faces": {
				"north": {"uv": [0, 4, 3, 8], "texture": "#4"},
				"east": {"uv": [0, 4, 3, 8], "texture": "#4"},
				"south": {"uv": [0, 4, 3, 8], "texture": "#4"},
				"west": {"uv": [0, 4, 3, 8], "texture": "#4"},
				"up": {"uv": [3, 11, 0, 8], "texture": "#4"},
				"down": {"uv": [3, 8, 0, 11], "texture": "#4"}
			}
		},
		{
			"from": [7.25, 1.5, 7.25],
			"to": [7.75, 4.5, 7.75],
			"rotation": {"angle": 0, "axis": "y", "origin": [7.25, 1.5, 7.25]},
			"faces": {
				"north": {"uv": [0, 0, 1, 6], "texture": "#9"},
				"east": {"uv": [2, 0, 3, 6], "texture": "#9"},
				"south": {"uv": [4, 0, 5, 6], "texture": "#9"},
				"west": {"uv": [0, 6, 1, 12], "texture": "#9"},
				"up": {"uv": [7, 1, 6, 0], "texture": "#9"},
				"down": {"uv": [3, 6, 2, 7], "texture": "#9"}
			}
		},
		{
			"from": [7.25, 7.4, 7.25],
			"to": [7.75, 7.9, 7.75],
			"rotation": {"angle": -45, "axis": "x", "origin": [7.5, 7.65, 7.5]},
			"faces": {
				"north": {"uv": [4, 0, 6, 2], "texture": "#7"},
				"east": {"uv": [0, 4, 2, 6], "texture": "#7"},
				"south": {"uv": [4, 0, 6, 2], "texture": "#7"},
				"west": {"uv": [4, 4, 6, 6], "texture": "#7"},
				"up": {"uv": [2, 10, 0, 8], "texture": "#7"},
				"down": {"uv": [6, 0, 4, 2], "texture": "#7"}
			}
		}
	],
	"display": {
		"thirdperson_righthand": {
			"translation": [0.75, 13.75, 1.75],
			"scale": [2.81445, 2.81445, 2.81445]
		},
		"thirdperson_lefthand": {
			"translation": [-1.75, 13.75, 1.5],
			"scale": [2.81445, 2.81445, 2.81445]
		},
		"firstperson_righthand": {
			"rotation": [0, 16.25, 0],
			"translation": [0, 7.25, 1.5],
			"scale": [1.59766, 1.59766, 1.59766]
		},
		"firstperson_lefthand": {
			"rotation": [0, 16.75, 0],
			"translation": [-0.5, 6.75, 1],
			"scale": [1.69336, 1.69336, 1.69336]
		},
		"ground": {
			"translation": [0, 11.75, 0],
			"scale": [1.83984, 1.83984, 1.83984]
		},
		"gui": {
			"rotation": [103, -133, 90],
			"translation": [5.5, 5.75, 0],
			"scale": [2.11, 2.11, 2.11]
		},
		"fixed": {
			"rotation": [-88.37, -39.73, -88.96],
			"translation": [7.5, 8.25, 0],
			"scale": [2.94336, 2.94336, 2.94336]
		}
	}
}