{
	"credit": "Made with Blockbench",
	"texture_size": [32, 32],
	"textures": {
		"0": "item/hampter_texture",
		"particle": "item/block/blank"
	},
	"elements": [
		{
			"name": "paw_right",
			"from": [11, 5, 3],
			"to": [13, 7, 6],
			"faces": {
				"north": {"uv": [8, 10, 9, 11], "texture": "#0"},
				"east": {"uv": [10, 11, 11.5, 12], "texture": "#0"},
				"south": {"uv": [9, 10, 10, 11], "texture": "#0"},
				"west": {"uv": [10, 10, 11.5, 11], "texture": "#0"},
				"up": {"uv": [9, 11, 10, 12.5], "texture": "#0"},
				"down": {"uv": [8, 11, 9, 12.5], "texture": "#0"}
			}
		},
		{
			"name": "paw_right",
			"from": [3, 5, 3],
			"to": [5, 7, 6],
			"faces": {
				"north": {"uv": [9, 10, 8, 11], "texture": "#0"},
				"east": {"uv": [10, 11, 11.5, 12], "texture": "#0"},
				"south": {"uv": [10, 10, 9, 11], "texture": "#0"},
				"west": {"uv": [10, 10, 11.5, 11], "texture": "#0"},
				"up": {"uv": [9, 11, 10, 12.5], "texture": "#0"},
				"down": {"uv": [8, 11, 9, 12.5], "texture": "#0"}
			}
		},
		{
			"name": "leg_right",
			"from": [11, 0, 3],
			"to": [13, 2, 5],
			"faces": {
				"north": {"uv": [7.5, 9, 8.5, 10], "texture": "#0"},
				"east": {"uv": [12.5, 9, 13.5, 10], "texture": "#0"},
				"south": {"uv": [11.5, 9, 12.5, 10], "texture": "#0"},
				"west": {"uv": [10.5, 9, 11.5, 10], "texture": "#0"},
				"up": {"uv": [9.5, 9, 10.5, 10], "texture": "#0"},
				"down": {"uv": [9.5, 9, 8.5, 10], "texture": "#0"}
			}
		},
		{
			"name": "leg_right",
			"from": [3, 0, 3],
			"to": [5, 2, 5],
			"faces": {
				"north": {"uv": [8.5, 9, 7.5, 10], "texture": "#0"},
				"east": {"uv": [12.5, 9, 13.5, 10], "texture": "#0"},
				"south": {"uv": [12.5, 9, 11.5, 10], "texture": "#0"},
				"west": {"uv": [10.5, 9, 11.5, 10], "texture": "#0"},
				"up": {"uv": [9.5, 9, 10.5, 10], "texture": "#0"},
				"down": {"uv": [8.5, 9, 9.5, 10], "texture": "#0"}
			}
		},
		{
			"name": "body",
			"from": [4, 3, 5],
			"to": [12, 10, 10],
			"faces": {
				"north": {"uv": [0, 0, 4, 3.5], "texture": "#0"},
				"east": {"uv": [4, 5, 7.5, 8.5], "texture": "#0"},
				"south": {"uv": [0, 8.5, 4, 12], "texture": "#0"},
				"west": {"uv": [4, 0, 7.5, 3.5], "texture": "#0"},
				"up": {"uv": [0, 5, 4, 8.5], "texture": "#0"},
				"down": {"uv": [0, 12.5, 4, 16], "texture": "#0"}
			}
		},
		{
			"name": "body",
			"from": [4, 0, 4],
			"to": [12, 3, 10],
			"faces": {
				"north": {"uv": [0, 3.5, 4, 5], "texture": "#0"},
				"east": {"uv": [3.5, 8.5, 7.5, 10], "texture": "#0"},
				"south": {"uv": [8, 3.5, 12, 5], "texture": "#0"},
				"west": {"uv": [4, 3.5, 8, 5], "texture": "#0"},
				"up": {"uv": [0, 5, 4, 9], "texture": "#0"},
				"down": {"uv": [0, 12, 4, 16], "texture": "#0"}
			}
		},
		{
			"name": "head",
			"from": [5, 7, 3],
			"to": [11, 13, 9],
			"faces": {
				"north": {"uv": [7.5, 0, 10.5, 3], "texture": "#0"},
				"east": {"uv": [10.5, 6, 13.5, 9], "texture": "#0"},
				"south": {"uv": [7.5, 6, 10.5, 9], "texture": "#0"},
				"west": {"uv": [13, 10, 16, 13], "texture": "#0"},
				"up": {"uv": [13, 13, 16, 16], "texture": "#0"},
				"down": {"uv": [10, 13, 13, 16], "texture": "#0"}
			}
		},
		{
			"name": "ear_right",
			"from": [9, 13, 3],
			"to": [11, 15, 5],
			"faces": {
				"north": {"uv": [6, 11.5, 7, 12.5], "texture": "#0"},
				"east": {"uv": [6, 12.5, 7, 13.5], "texture": "#0"},
				"south": {"uv": [5, 12.5, 6, 13.5], "texture": "#0"},
				"west": {"uv": [4, 11.5, 5, 12.5], "texture": "#0"},
				"up": {"uv": [4, 12.5, 5, 13.5], "texture": "#0"},
				"down": {"uv": [5, 11.5, 6, 12.5], "texture": "#0"}
			}
		},
		{
			"name": "ear_left",
			"from": [5, 13, 3],
			"to": [7, 15, 5],
			"faces": {
				"north": {"uv": [7, 11, 8, 12], "texture": "#0"},
				"east": {"uv": [9, 12.5, 10, 13.5], "texture": "#0"},
				"south": {"uv": [8, 12.5, 9, 13.5], "texture": "#0"},
				"west": {"uv": [7, 13, 8, 14], "texture": "#0"},
				"up": {"uv": [8, 13.5, 9, 14.5], "texture": "#0"},
				"down": {"uv": [7, 12, 8, 13], "texture": "#0"}
			}
		},
		{
			"name": "snout",
			"from": [7, 8.75, 2.5],
			"to": [9, 10.25, 3],
			"faces": {
				"north": {"uv": [4, 13.5, 5, 14.25], "texture": "#0"},
				"east": {"uv": [5, 14.5, 5.25, 15.25], "texture": "#0"},
				"south": {"uv": [4, 14.25, 5, 15], "texture": "#0"},
				"west": {"uv": [5, 13.5, 5.25, 14.25], "texture": "#0"},
				"up": {"uv": [4, 15, 5, 15.25], "texture": "#0"},
				"down": {"uv": [4, 15.25, 5, 15.5], "texture": "#0"}
			}
		},
		{
			"name": "teeth",
			"from": [7.5, 8.25, 2.75],
			"to": [8, 9.25, 2.75],
			"faces": {
				"north": {"uv": [5.5, 10, 5.75, 10.5], "texture": "#0"},
				"south": {"uv": [5.5, 10.5, 5.75, 11], "texture": "#0"}
			}
		},
		{
			"name": "teeth",
			"from": [8, 8.25, 2.75],
			"to": [8.5, 9.25, 2.75],
			"faces": {
				"north": {"uv": [5.5, 10, 5.75, 10.5], "texture": "#0"},
				"south": {"uv": [5.5, 10.5, 5.75, 11], "texture": "#0"}
			}
		},
		{
			"name": "tail",
			"from": [7, 0, 10],
			"to": [9, 2, 12],
			"rotation": {"angle": 0, "axis": "y", "origin": [0, 0, -2]},
			"faces": {
				"north": {"uv": [11, 12, 12, 13], "texture": "#0"},
				"east": {"uv": [9, 13.5, 10, 14.5], "texture": "#0"},
				"south": {"uv": [11.5, 10, 12.5, 11], "texture": "#0"},
				"west": {"uv": [10, 12, 11, 13], "texture": "#0"},
				"up": {"uv": [11.5, 11, 12.5, 12], "texture": "#0"},
				"down": {"uv": [12, 12, 13, 13], "texture": "#0"}
			}
		}
	],
	"display": {
		"thirdperson_righthand": {
			"rotation": [65, 0, 0],
			"translation": [-0.25, 2.5, 4.5],
			"scale": [0.7, 0.7, 0.7]
		},
		"thirdperson_lefthand": {
			"rotation": [65, 0, 0],
			"translation": [0, 0.25, 4.25],
			"scale": [0.7, 0.7, 0.7]
		},
		"firstperson_righthand": {
			"rotation": [-17, 180, 0],
			"translation": [-9, -3.25, -7.25]
		},
		"firstperson_lefthand": {
			"rotation": [0, 132, 0],
			"translation": [11.25, -2, -9]
		},
		"ground": {
			"translation": [0, 3.75, 0],
			"scale": [0.7, 0.7, 0.7]
		},
		"gui": {
			"rotation": [19, 150, 0],
			"translation": [1, 1.5, 0],
			"scale": [0.95, 0.95, 0.95]
		},
		"head": {
			"translation": [0, 14, 0]
		},
		"fixed": {
			"rotation": [-90, 0, 0],
			"translation": [0, 1, -20],
			"scale": [2.5, 2.5, 2.5]
		}
	},
	"groups": [
		0,
		1,
		2,
		3,
		4,
		5,
		{
			"name": "head",
			"origin": [0, 0, 0],
			"color": 0,
			"children": [6, 7, 8, 9, 10, 11]
		},
		12
	]
}