{
	"credit": "Made with Blockbench",
	"texture_size": [32, 32],
	"textures": {
		"0": "item/leppy",
		"particle": "item/leppy"
	},
	"elements": [
		{
			"from": [6, 0, 7],
			"to": [10, 4, 9],
			"rotation": {"angle": 0, "axis": "y", "origin": [7, 0, 7]},
			"faces": {
				"north": {"uv": [3, 9, 5, 11], "texture": "#0"},
				"east": {"uv": [3, 11, 4, 13], "texture": "#0"},
				"south": {"uv": [5, 9, 7, 11], "texture": "#0"},
				"west": {"uv": [4, 11, 5, 13], "texture": "#0"},
				"up": {"uv": [7, 12, 5, 11], "texture": "#0"},
				"down": {"uv": [12, 11, 10, 12], "texture": "#0"}
			}
		},
		{
			"from": [6, 4, 6],
			"to": [10, 7, 9],
			"rotation": {"angle": 0, "axis": "y", "origin": [7, 4, 7]},
			"faces": {
				"north": {"uv": [10, 0, 12, 1.5], "texture": "#0"},
				"east": {"uv": [7, 10.5, 8.5, 12], "texture": "#0"},
				"south": {"uv": [10, 1.5, 12, 3], "texture": "#0"},
				"west": {"uv": [8.5, 10.5, 10, 12], "texture": "#0"},
				"up": {"uv": [12, 4.5, 10, 3], "texture": "#0"},
				"down": {"uv": [12, 4.5, 10, 6], "texture": "#0"}
			}
		},
		{
			"from": [5, 7, 5],
			"to": [11, 9, 11],
			"rotation": {"angle": 0, "axis": "y", "origin": [7, 7, 7]},
			"faces": {
				"north": {"uv": [10, 6, 13, 7], "texture": "#0"},
				"east": {"uv": [10, 7, 13, 8], "texture": "#0"},
				"south": {"uv": [10, 8, 13, 9], "texture": "#0"},
				"west": {"uv": [10, 9, 13, 10], "texture": "#0"},
				"up": {"uv": [7, 3, 4, 0], "texture": "#0"},
				"down": {"uv": [7, 3, 4, 6], "texture": "#0"}
			}
		},
		{
			"from": [7, 6, 4],
			"to": [9, 9, 5],
			"rotation": {"angle": 0, "axis": "y", "origin": [7, 7, 1]},
			"faces": {
				"north": {"uv": [12, 4, 13, 5.5], "texture": "#0"},
				"east": {"uv": [8, 12.5, 8.5, 14], "texture": "#0"},
				"south": {"uv": [5, 12, 6, 13.5], "texture": "#0"},
				"west": {"uv": [8.5, 12.5, 9, 14], "texture": "#0"},
				"up": {"uv": [13, 13, 12, 12.5], "texture": "#0"},
				"down": {"uv": [14, 0, 13, 0.5], "texture": "#0"}
			}
		},
		{
			"from": [5, 5, 5],
			"to": [11, 7, 6],
			"rotation": {"angle": 0, "axis": "y", "origin": [7, 7, 2]},
			"faces": {
				"north": {"uv": [10, 10, 13, 11], "texture": "#0"},
				"east": {"uv": [13, 0.5, 13.5, 1.5], "texture": "#0"},
				"south": {"uv": [0, 10.5, 3, 11.5], "texture": "#0"},
				"west": {"uv": [3, 13, 3.5, 14], "texture": "#0"},
				"up": {"uv": [15, 6, 12, 5.5], "texture": "#0"},
				"down": {"uv": [9, 12, 6, 12.5], "texture": "#0"}
			}
		},
		{
			"from": [6, 4, 5],
			"to": [10, 5, 6],
			"rotation": {"angle": 0, "axis": "y", "origin": [7, 5, 2]},
			"faces": {
				"north": {"uv": [11, 12, 13, 12.5], "texture": "#0"},
				"east": {"uv": [13, 1.5, 13.5, 2], "texture": "#0"},
				"south": {"uv": [12, 11, 14, 11.5], "texture": "#0"},
				"west": {"uv": [3.5, 13, 4, 13.5], "texture": "#0"},
				"up": {"uv": [14, 12, 12, 11.5], "texture": "#0"},
				"down": {"uv": [8, 12.5, 6, 13], "texture": "#0"}
			}
		},
		{
			"from": [5, 10, 5],
			"to": [11, 15, 11],
			"rotation": {"angle": 0, "axis": "y", "origin": [7, 10, 7]},
			"faces": {
				"north": {"uv": [7, 3, 10, 5.5], "texture": "#0"},
				"east": {"uv": [7, 5.5, 10, 8], "texture": "#0"},
				"south": {"uv": [0, 8, 3, 10.5], "texture": "#0"},
				"west": {"uv": [7, 8, 10, 10.5], "texture": "#0"},
				"up": {"uv": [7, 9, 4, 6], "texture": "#0"},
				"down": {"uv": [10, 0, 7, 3], "texture": "#0"}
			}
		},
		{
			"from": [4, 9, 4],
			"to": [12, 10, 12],
			"rotation": {"angle": 0, "axis": "y", "origin": [7, 9, 7]},
			"faces": {
				"north": {"uv": [12, 2, 16, 2.5], "texture": "#0"},
				"east": {"uv": [12, 2.5, 16, 3], "texture": "#0"},
				"south": {"uv": [12, 3, 16, 3.5], "texture": "#0"},
				"west": {"uv": [12, 3.5, 16, 4], "texture": "#0"},
				"up": {"uv": [4, 4, 0, 0], "texture": "#0"},
				"down": {"uv": [4, 4, 0, 8], "texture": "#0"}
			}
		},
		{
			"from": [10, 3, 7],
			"to": [11, 7, 9],
			"rotation": {"angle": 0, "axis": "y", "origin": [8, 4, 7]},
			"faces": {
				"north": {"uv": [9, 12, 9.5, 14], "texture": "#0"},
				"east": {"uv": [0, 11.5, 1, 13.5], "texture": "#0"},
				"south": {"uv": [9.5, 12, 10, 14], "texture": "#0"},
				"west": {"uv": [1, 11.5, 2, 13.5], "texture": "#0"},
				"up": {"uv": [3.5, 9, 3, 8], "texture": "#0"},
				"down": {"uv": [4, 8, 3.5, 9], "texture": "#0"}
			}
		},
		{
			"from": [5, 3, 7],
			"to": [6, 7, 9],
			"rotation": {"angle": 0, "axis": "y", "origin": [5.5, 4, 7]},
			"faces": {
				"north": {"uv": [10, 12, 10.5, 14], "texture": "#0"},
				"east": {"uv": [2, 11.5, 3, 13.5], "texture": "#0"},
				"south": {"uv": [10.5, 12, 11, 14], "texture": "#0"},
				"west": {"uv": [12, 0, 13, 2], "texture": "#0"},
				"up": {"uv": [11.5, 13.5, 11, 12.5], "texture": "#0"},
				"down": {"uv": [12, 12.5, 11.5, 13.5], "texture": "#0"}
			}
		}
	],
	"display": {
		"thirdperson_righthand": {
			"rotation": [70, 0, 0],
			"scale": [0.25, 0.25, 0.25]
		},
		"thirdperson_lefthand": {
			"rotation": [70, 0, 0],
			"scale": [0.25, 0.25, 0.25]
		},
		"firstperson_righthand": {
			"rotation": [0, 129, 0],
			"translation": [1.5, 4, 0],
			"scale": [0.74, 0.74, 0.74]
		},
		"firstperson_lefthand": {
			"rotation": [-5, 152, 0],
			"translation": [1, 4, 0],
			"scale": [0.67, 0.67, 0.67]
		},
		"ground": {
			"translation": [0, 4.25, 0]
		},
		"gui": {
			"rotation": [21, 135, 0],
			"scale": [0.86, 0.86, 0.86]
		},
		"head": {
			"translation": [0, 14.5, 0]
		},
		"fixed": {
			"rotation": [-90, 0, 0],
			"translation": [0, 0, -13.5],
			"scale": [1.7, 1.7, 1.7]
		}
	}
}