{
	"credit": "Made with Blockbench",
	"texture_size": [32, 32],
	"textures": {
		"0": "item/mammoth_texture",
		"particle": "item/block/blank"
	},
	"elements": [
		{
			"name": "tail",
			"from": [7.5, 2.5, 12],
			"to": [8.5, 3.5, 14],
			"rotation": {"angle": 45, "axis": "x", "origin": [8, 4, 13]},
			"faces": {
				"east": {"uv": [3.5, 0, 4.5, 0.5], "texture": "#0"},
				"south": {"uv": [3, 0, 3.5, 0.5], "texture": "#0"},
				"west": {"uv": [3.5, 0.5, 4.5, 1], "texture": "#0"},
				"up": {"uv": [0, 1, 0.5, 2], "texture": "#0"},
				"down": {"uv": [0, 2, 0.5, 3], "texture": "#0"}
			}
		},
		{
			"name": "body_small",
			"from": [5, 2, 9],
			"to": [11, 8, 12],
			"faces": {
				"east": {"uv": [7.5, 6, 9, 9], "texture": "#0"},
				"south": {"uv": [4.5, 0, 7.5, 3], "texture": "#0"},
				"west": {"uv": [9, 6, 7.5, 9], "texture": "#0"},
				"up": {"uv": [4.5, 7, 7.5, 8.5], "texture": "#0"},
				"down": {"uv": [4.5, 5.5, 7.5, 7], "texture": "#0"}
			}
		},
		{
			"name": "body_big",
			"from": [5, 2, 4],
			"to": [11, 9, 9],
			"faces": {
				"north": {"uv": [7.5, 2.5, 10.5, 6], "texture": "#0"},
				"east": {"uv": [13.5, 0, 16, 3.5], "texture": "#0"},
				"south": {"uv": [10.5, 2.5, 13.5, 6], "texture": "#0"},
				"west": {"uv": [16, 0, 13.5, 3.5], "texture": "#0"},
				"up": {"uv": [7.5, 0, 10.5, 2.5], "texture": "#0"},
				"down": {"uv": [10.5, 0, 13.5, 2.5], "texture": "#0"}
			}
		},
		{
			"from": [10, 4, 3],
			"to": [11, 6, 4],
			"faces": {
				"north": {"uv": [0, 5, 0.5, 6], "texture": "#0"},
				"east": {"uv": [1, 0, 1.5, 1], "texture": "#0"},
				"south": {"uv": [0, 4, 0.5, 5], "texture": "#0"},
				"west": {"uv": [0, 3, 0.5, 4], "texture": "#0"},
				"up": {"uv": [1.5, 0, 2, 0.5], "texture": "#0"},
				"down": {"uv": [1.5, 0.5, 2, 1], "texture": "#0"}
			}
		},
		{
			"from": [10.025, 3, 2],
			"to": [10.975, 5, 3],
			"rotation": {"angle": 45, "axis": "x", "origin": [10.5, 3, 2.5]},
			"faces": {
				"north": {"uv": [2, 8.5, 2.475, 9.5], "texture": "#0"},
				"east": {"uv": [0, 8.5, 0.5, 9.5], "texture": "#0"},
				"south": {"uv": [1.5, 8.5, 1.975, 9.5], "texture": "#0"},
				"west": {"uv": [0.5, 8.5, 1, 9.5], "texture": "#0"},
				"up": {"uv": [1, 9, 1.475, 9.5], "texture": "#0"},
				"down": {"uv": [1, 8.5, 1.475, 9], "texture": "#0"}
			}
		},
		{
			"from": [10.075, 2.05, -0.875],
			"to": [10.925, 3.05, 1.125],
			"rotation": {"angle": 22.5, "axis": "x", "origin": [10.5, 3, 2.5]},
			"faces": {
				"north": {"uv": [4.5, 10, 4.925, 10.5], "rotation": 180, "texture": "#0"},
				"east": {"uv": [2.5, 9.5, 3, 10.5], "rotation": 90, "texture": "#0"},
				"south": {"uv": [4.5, 9.5, 4.925, 10], "texture": "#0"},
				"west": {"uv": [3, 9.5, 3.5, 10.5], "rotation": 270, "texture": "#0"},
				"up": {"uv": [4, 9.5, 4.425, 10.5], "texture": "#0"},
				"down": {"uv": [3.5, 9.5, 3.925, 10.5], "rotation": 180, "texture": "#0"}
			}
		},
		{
			"from": [10.05, 2.65, 0.85],
			"to": [10.95, 3.65, 2.85],
			"rotation": {"angle": 0, "axis": "x", "origin": [10.5, 3, 2.5]},
			"faces": {
				"north": {"uv": [2, 10, 2.45, 10.5], "rotation": 180, "texture": "#0"},
				"east": {"uv": [0, 9.5, 0.5, 10.5], "rotation": 270, "texture": "#0"},
				"south": {"uv": [2, 9.5, 2.45, 10], "texture": "#0"},
				"west": {"uv": [1.5, 9.5, 2, 10.5], "rotation": 90, "texture": "#0"},
				"up": {"uv": [1, 9.5, 1.45, 10.5], "rotation": 180, "texture": "#0"},
				"down": {"uv": [0.5, 9.5, 0.95, 10.5], "texture": "#0"}
			}
		},
		{
			"from": [5, 4, 3],
			"to": [6, 6, 4],
			"rotation": {"angle": 0, "axis": "y", "origin": [-5, 0, 0]},
			"faces": {
				"north": {"uv": [3.5, 10.5, 4, 11.5], "texture": "#0"},
				"east": {"uv": [4, 10.5, 4.5, 11.5], "texture": "#0"},
				"south": {"uv": [3, 10.5, 3.5, 11.5], "texture": "#0"},
				"west": {"uv": [2.5, 10.5, 3, 11.5], "texture": "#0"},
				"up": {"uv": [4.5, 10.5, 5, 11], "texture": "#0"},
				"down": {"uv": [4.5, 11, 5, 11.5], "texture": "#0"}
			}
		},
		{
			"from": [5.025, 3, 2],
			"to": [5.975, 5, 3],
			"rotation": {"angle": 45, "axis": "x", "origin": [5.5, 3, 2.5]},
			"faces": {
				"north": {"uv": [2, 10.5, 2.475, 11.5], "texture": "#0"},
				"east": {"uv": [0, 10.5, 0.5, 11.5], "texture": "#0"},
				"south": {"uv": [1.5, 10.5, 1.975, 11.5], "texture": "#0"},
				"west": {"uv": [0.5, 10.5, 1, 11.5], "texture": "#0"},
				"up": {"uv": [1, 11, 1.475, 11.5], "texture": "#0"},
				"down": {"uv": [1, 10.5, 1.475, 11], "texture": "#0"}
			}
		},
		{
			"from": [5.075, 2.05, -0.875],
			"to": [5.925, 3.05, 1.125],
			"rotation": {"angle": 22.5, "axis": "x", "origin": [5.5, 3, 2.5]},
			"faces": {
				"north": {"uv": [4.5, 12, 4.925, 12.5], "rotation": 180, "texture": "#0"},
				"east": {"uv": [2.5, 11.5, 3, 12.5], "rotation": 90, "texture": "#0"},
				"south": {"uv": [4.5, 11.5, 4.925, 12], "texture": "#0"},
				"west": {"uv": [3, 11.5, 3.5, 12.5], "rotation": 270, "texture": "#0"},
				"up": {"uv": [4, 11.5, 4.425, 12.5], "texture": "#0"},
				"down": {"uv": [3.5, 11.5, 3.925, 12.5], "rotation": 180, "texture": "#0"}
			}
		},
		{
			"from": [5.05, 2.65, 0.85],
			"to": [5.95, 3.65, 2.85],
			"rotation": {"angle": 0, "axis": "x", "origin": [5.5, 3, 2.5]},
			"faces": {
				"north": {"uv": [2, 12, 2.45, 12.5], "rotation": 180, "texture": "#0"},
				"east": {"uv": [0, 11.5, 0.5, 12.5], "rotation": 270, "texture": "#0"},
				"south": {"uv": [2, 11.5, 2.45, 12], "texture": "#0"},
				"west": {"uv": [1.5, 11.5, 2, 12.5], "rotation": 90, "texture": "#0"},
				"up": {"uv": [1, 11.5, 1.45, 12.5], "rotation": 180, "texture": "#0"},
				"down": {"uv": [0.5, 11.5, 0.95, 12.5], "texture": "#0"}
			}
		},
		{
			"name": "trunk",
			"from": [7, 2, 1],
			"to": [9, 7, 2],
			"faces": {
				"north": {"uv": [1.5, 6, 2.5, 8.5], "texture": "#0"},
				"east": {"uv": [0.5, 6, 0, 8.5], "texture": "#0"},
				"south": {"uv": [0.5, 6, 1.5, 8.5], "texture": "#0"},
				"west": {"uv": [0, 6, 0.5, 8.5], "texture": "#0"},
				"up": {"uv": [2.5, 9, 3.5, 9.5], "texture": "#0"},
				"down": {"uv": [2.5, 8.5, 3.5, 9], "texture": "#0"}
			}
		},
		{
			"name": "head",
			"from": [6, 4, 2],
			"to": [10, 9, 4],
			"faces": {
				"north": {"uv": [5.5, 3, 7.5, 5.5], "texture": "#0"},
				"east": {"uv": [5.5, 3, 4.5, 5.5], "texture": "#0"},
				"west": {"uv": [4.5, 3, 5.5, 5.5], "texture": "#0"},
				"up": {"uv": [3.5, 8.5, 5.5, 9.5], "texture": "#0"},
				"down": {"uv": [5.5, 8.5, 7.5, 9.5], "texture": "#0"}
			}
		},
		{
			"name": "eye_right",
			"from": [10, 7, 3],
			"to": [10.5, 8, 4],
			"faces": {
				"north": {"uv": [0.75, 0.5, 1, 1], "texture": "#0"},
				"east": {"uv": [0, 0, 0.5, 0.5], "texture": "#0"},
				"up": {"uv": [0.5, 0, 0.75, 0.5], "texture": "#0"},
				"down": {"uv": [0.5, 0.5, 0.75, 1], "texture": "#0"}
			}
		},
		{
			"name": "head_topper",
			"from": [6.5, 9, 3],
			"to": [9.5, 10, 6],
			"faces": {
				"north": {"uv": [14.5, 5, 16, 5.5], "texture": "#0"},
				"east": {"uv": [13.5, 4.5, 15, 5], "texture": "#0"},
				"south": {"uv": [14.5, 4, 16, 4.5], "texture": "#0"},
				"west": {"uv": [13.5, 3.5, 15, 4], "texture": "#0"},
				"up": {"uv": [12, 6, 13.5, 7.5], "texture": "#0"}
			}
		},
		{
			"name": "eye_left",
			"from": [5.5, 7, 3],
			"to": [6, 8, 4],
			"faces": {
				"north": {"uv": [2, 0, 2.25, 0.5], "texture": "#0"},
				"west": {"uv": [2.5, 0, 3, 0.5], "texture": "#0"},
				"up": {"uv": [2.25, 0, 2.5, 0.5], "texture": "#0"},
				"down": {"uv": [2.75, 0.5, 3, 1], "texture": "#0"}
			}
		},
		{
			"name": "ear_right",
			"from": [11, 6, 4.5],
			"to": [11.5, 8.5, 6],
			"rotation": {"angle": 22.5, "axis": "y", "origin": [11.25, 7.25, 5.25]},
			"faces": {
				"north": {"uv": [15.5, 6, 15.75, 7.25], "texture": "#0"},
				"east": {"uv": [14.25, 6, 15, 7.25], "texture": "#0"},
				"south": {"uv": [15.75, 6, 16, 7.25], "texture": "#0"},
				"west": {"uv": [13.5, 6, 14.25, 7.25], "texture": "#0"},
				"up": {"uv": [15.25, 6, 15.5, 6.75], "texture": "#0"},
				"down": {"uv": [15, 6, 15.25, 6.75], "texture": "#0"}
			}
		},
		{
			"name": "ear_left",
			"from": [4.5, 6, 4.5],
			"to": [5, 8.5, 6],
			"rotation": {"angle": -22.5, "axis": "y", "origin": [4.75, 7.25, 5.25]},
			"faces": {
				"north": {"uv": [15.75, 6, 15.5, 7.25], "texture": "#0"},
				"east": {"uv": [14.25, 6, 13.5, 7.25], "texture": "#0"},
				"south": {"uv": [16, 6, 15.75, 7.25], "texture": "#0"},
				"west": {"uv": [15, 6, 14.25, 7.25], "texture": "#0"},
				"up": {"uv": [15.5, 6, 15.25, 6.75], "texture": "#0"},
				"down": {"uv": [15.25, 6, 15, 6.75], "texture": "#0"}
			}
		},
		{
			"name": "leg_front_right",
			"from": [9.5, 0, 4],
			"to": [11.5, 4, 6],
			"faces": {
				"north": {"uv": [0.5, 4, 1.5, 6], "texture": "#0"},
				"east": {"uv": [3.5, 4, 4.5, 6], "texture": "#0"},
				"south": {"uv": [1.5, 4, 2.5, 6], "texture": "#0"},
				"west": {"uv": [2.5, 4, 3.5, 6], "texture": "#0"},
				"up": {"uv": [1.5, 3, 2.5, 4], "texture": "#0"},
				"down": {"uv": [0.5, 3, 1.5, 4], "texture": "#0"}
			}
		},
		{
			"name": "leg_front_right",
			"from": [4.5, 0, 4],
			"to": [6.5, 4, 6],
			"faces": {
				"north": {"uv": [0.5, 4, 1.5, 6], "texture": "#0"},
				"east": {"uv": [4.5, 4, 3.5, 6], "texture": "#0"},
				"south": {"uv": [1.5, 4, 2.5, 6], "texture": "#0"},
				"west": {"uv": [3.5, 4, 2.5, 6], "texture": "#0"},
				"up": {"uv": [1.5, 3, 2.5, 4], "texture": "#0"},
				"down": {"uv": [0.5, 3, 1.5, 4], "texture": "#0"}
			}
		},
		{
			"name": "leg_back_right",
			"from": [9.5, 0, 10],
			"to": [11.5, 4, 12],
			"faces": {
				"north": {"uv": [3.5, 1, 4.5, 3], "texture": "#0"},
				"east": {"uv": [0.5, 1, 1.5, 3], "texture": "#0"},
				"south": {"uv": [2.5, 1, 3.5, 3], "texture": "#0"},
				"west": {"uv": [1.5, 1, 2.5, 3], "texture": "#0"},
				"up": {"uv": [3.5, 3, 4.5, 4], "texture": "#0"},
				"down": {"uv": [2.5, 3, 3.5, 4], "texture": "#0"}
			}
		},
		{
			"name": "leg_back_right",
			"from": [4.5, 0, 10],
			"to": [6.5, 4, 12],
			"faces": {
				"north": {"uv": [3.5, 1, 4.5, 3], "texture": "#0"},
				"east": {"uv": [0.5, 1, 1.5, 3], "texture": "#0"},
				"south": {"uv": [3.5, 1, 2.5, 3], "texture": "#0"},
				"west": {"uv": [1.5, 1, 2.5, 3], "texture": "#0"},
				"up": {"uv": [3.5, 3, 4.5, 4], "texture": "#0"},
				"down": {"uv": [2.5, 3, 3.5, 4], "texture": "#0"}
			}
		},
		{
			"name": "detail_right",
			"from": [11, 0, 6],
			"to": [11, 2, 10],
			"faces": {
				"east": {"uv": [2.5, 7.5, 4.5, 8.5], "texture": "#0"},
				"west": {"uv": [4.5, 7.5, 2.5, 8.5], "texture": "#0"}
			}
		},
		{
			"name": "detail_left",
			"from": [5, 0, 6],
			"to": [5, 2, 10],
			"faces": {
				"east": {"uv": [11, 7, 9, 8], "texture": "#0"},
				"west": {"uv": [9, 7, 11, 8], "texture": "#0"}
			}
		},
		{
			"name": "detail_front",
			"from": [6.5, 0, 4],
			"to": [9.5, 2, 4],
			"faces": {
				"north": {"uv": [2.75, 6, 4.25, 7], "texture": "#0"},
				"south": {"uv": [4.25, 6, 2.75, 7], "texture": "#0"}
			}
		},
		{
			"name": "detail_back",
			"from": [6.5, 0, 12],
			"to": [9.5, 2, 12],
			"faces": {
				"north": {"uv": [10.75, 6, 9.25, 7], "texture": "#0"},
				"south": {"uv": [9.25, 6, 10.75, 7], "texture": "#0"}
			}
		}
	],
	"display": {
		"thirdperson_righthand": {
			"rotation": [65, 0, 0],
			"translation": [-0.5, 2.25, 6.5]
		},
		"thirdperson_lefthand": {
			"rotation": [65, 0, 0],
			"translation": [0, 2.25, 6.5]
		},
		"firstperson_righthand": {
			"rotation": [-21, -165, 0],
			"translation": [-8.75, 1, -9]
		},
		"firstperson_lefthand": {
			"rotation": [-21, 122, 0],
			"translation": [10.5, 1, -9]
		},
		"ground": {
			"translation": [0, 4, 0],
			"scale": [0.7, 0.7, 0.7]
		},
		"gui": {
			"rotation": [19, 142, 0],
			"translation": [1.5, 4.5, 0],
			"scale": [1.2, 1.2, 1.2]
		},
		"head": {
			"translation": [-0.75, -13.75, 0],
			"scale": [4, 4, 4]
		},
		"fixed": {
			"rotation": [-90, 0, 0],
			"translation": [0, -0.25, -32.25],
			"scale": [4, 4, 4]
		}
	},
	"groups": [
		{
			"name": "body",
			"origin": [0, 0, 0],
			"color": 0,
			"children": [
				0,
				1,
				2,
				{
					"name": "head",
					"origin": [0, 0, 0],
					"color": 0,
					"children": [
						{
							"name": "tusk_right",
							"origin": [0, 0, 0],
							"color": 0,
							"children": [3, 4, 5, 6]
						},
						{
							"name": "tusk_left",
							"origin": [0, 0, 0],
							"color": 0,
							"children": [7, 8, 9, 10]
						},
						11,
						12,
						13,
						14,
						15,
						16,
						17
					]
				}
			]
		},
		{
			"name": "legs",
			"origin": [0, 0, 0],
			"color": 0,
			"children": [18, 19, 20, 21]
		},
		{
			"name": "detail",
			"origin": [0, 0, 0],
			"color": 0,
			"children": [22, 23, 24, 25]
		}
	]
}