{
	"format_version": "1.21.6",
	"credit": "Made with Blockbench",
	"texture_size": [64, 64],
	"textures": {
		"0": "item/minirocket",
		"particle": "item/minirocket"
	},
	"elements": [
		{
			"from": [9.25, 0, 5.25],
			"to": [10.5, 1, 6.5],
			"rotation": {"angle": 0, "axis": "y", "origin": [9.25, 0, 5]},
			"faces": {
				"north": {"uv": [7.25, 0.25, 7.5625, 0.5], "texture": "#0"},
				"east": {"uv": [7.25, 0.5, 7.5625, 0.75], "texture": "#0"},
				"south": {"uv": [7.25, 0.75, 7.5625, 1], "texture": "#0"},
				"west": {"uv": [7.25, 1, 7.5625, 1.25], "texture": "#0"},
				"up": {"uv": [7.3125, 3.8125, 7, 3.5], "texture": "#0"},
				"down": {"uv": [4.8125, 7, 4.5, 7.3125], "texture": "#0"}
			}
		},
		{
			"from": [9.25, 1, 5.5],
			"to": [10.25, 2.25, 6.5],
			"rotation": {"angle": 0, "axis": "y", "origin": [9.25, 1, 5]},
			"faces": {
				"north": {"uv": [5, 7, 5.25, 7.3125], "texture": "#0"},
				"east": {"uv": [6.5, 7, 6.75, 7.3125], "texture": "#0"},
				"south": {"uv": [1.25, 7.25, 1.5, 7.5625], "texture": "#0"},
				"west": {"uv": [1.5, 7.25, 1.75, 7.5625], "texture": "#0"},
				"up": {"uv": [7.75, 1.75, 7.5, 1.5], "texture": "#0"},
				"down": {"uv": [7.75, 1.75, 7.5, 2], "texture": "#0"}
			}
		},
		{
			"from": [5.5, 0, 5.25],
			"to": [6.75, 1, 6.5],
			"rotation": {"angle": 0, "axis": "y", "origin": [5.5, 0, 5]},
			"faces": {
				"north": {"uv": [7.25, 2.75, 7.5625, 3], "texture": "#0"},
				"east": {"uv": [3.75, 7.25, 4.0625, 7.5], "texture": "#0"},
				"south": {"uv": [6.75, 7.25, 7.0625, 7.5], "texture": "#0"},
				"west": {"uv": [7.25, 7.25, 7.5625, 7.5], "texture": "#0"},
				"up": {"uv": [7.3125, 5.5625, 7, 5.25], "texture": "#0"},
				"down": {"uv": [7.3125, 5.75, 7, 6.0625], "texture": "#0"}
			}
		},
		{
			"from": [5.75, 1, 5.5],
			"to": [6.75, 2.25, 6.5],
			"rotation": {"angle": 0, "axis": "y", "origin": [5.75, 1, 5]},
			"faces": {
				"north": {"uv": [1.75, 7.25, 2, 7.5625], "texture": "#0"},
				"east": {"uv": [2, 7.25, 2.25, 7.5625], "texture": "#0"},
				"south": {"uv": [3.25, 7.25, 3.5, 7.5625], "texture": "#0"},
				"west": {"uv": [3.5, 7.25, 3.75, 7.5625], "texture": "#0"},
				"up": {"uv": [7.75, 3.75, 7.5, 3.5], "texture": "#0"},
				"down": {"uv": [4, 7.5, 3.75, 7.75], "texture": "#0"}
			}
		},
		{
			"from": [7, 0, 5.5],
			"to": [9, 2.25, 7.5],
			"rotation": {"angle": 0, "axis": "y", "origin": [7, 0, 5.5]},
			"faces": {
				"north": {"uv": [5.5, 5.5, 6, 6.0625], "texture": "#0"},
				"east": {"uv": [5.5, 5.5, 6, 6.0625], "texture": "#0"},
				"south": {"uv": [5.5, 5.5, 6, 6.0625], "texture": "#0"},
				"west": {"uv": [5.5, 5.5, 6, 6.0625], "texture": "#0"},
				"up": {"uv": [6.75, 4, 6.25, 3.5], "texture": "#0"},
				"down": {"uv": [6.75, 3, 6.25, 3.5], "texture": "#0"}
			}
		},
		{
			"from": [8.25, 0, 8],
			"to": [10.25, 2.25, 10],
			"rotation": {"angle": 0, "axis": "y", "origin": [8.75, 0, 8.5]},
			"faces": {
				"north": {"uv": [5.5, 5.5, 6, 6.0625], "texture": "#0"},
				"east": {"uv": [5.5, 5.5, 6, 6.0625], "texture": "#0"},
				"south": {"uv": [5.5, 5.5, 6, 6.0625], "texture": "#0"},
				"west": {"uv": [5.5, 5.5, 6, 6.0625], "texture": "#0"},
				"up": {"uv": [6.75, 4, 6.25, 3.5], "texture": "#0"},
				"down": {"uv": [6.75, 3, 6.25, 3.5], "texture": "#0"}
			}
		},
		{
			"from": [5.75, 0, 8],
			"to": [7.75, 2.25, 10],
			"rotation": {"angle": 0, "axis": "y", "origin": [5.75, 0, 8.25]},
			"faces": {
				"north": {"uv": [5.5, 5.5, 6, 6.0625], "texture": "#0"},
				"east": {"uv": [5.5, 5.5, 6, 6.0625], "texture": "#0"},
				"south": {"uv": [5.5, 5.5, 6, 6.0625], "texture": "#0"},
				"west": {"uv": [5.5, 5.5, 6, 6.0625], "texture": "#0"},
				"up": {"uv": [6.75, 4, 6.25, 3.5], "texture": "#0"},
				"down": {"uv": [6.75, 3, 6.25, 3.5], "texture": "#0"}
			}
		},
		{
			"from": [5.75, 0, 8],
			"to": [7.75, 2.25, 10],
			"rotation": {"angle": 0, "axis": "y", "origin": [5.75, 0, 8.25]},
			"faces": {
				"north": {"uv": [5.5, 5.5, 6, 6.0625], "texture": "#0"},
				"east": {"uv": [5.5, 5.5, 6, 6.0625], "texture": "#0"},
				"south": {"uv": [5.5, 5.5, 6, 6.0625], "texture": "#0"},
				"west": {"uv": [5.5, 5.5, 6, 6.0625], "texture": "#0"},
				"up": {"uv": [6.75, 5, 6.25, 4.5], "texture": "#0"},
				"down": {"uv": [6.75, 3, 6.25, 3.5], "texture": "#0"}
			}
		},
		{
			"from": [6, 1, 5.75],
			"to": [10, 14.5, 9.75],
			"rotation": {"angle": 0, "axis": "y", "origin": [7, 0, 6.5]},
			"faces": {
				"north": {"uv": [0, 0, 1, 3.375], "texture": "#0"},
				"east": {"uv": [1, 0, 2, 3.375], "texture": "#0"},
				"south": {"uv": [2, 0, 3, 3.375], "texture": "#0"},
				"west": {"uv": [2, 0, 1, 3.375], "texture": "#0"},
				"up": {"uv": [1, 5.5, 0, 4.5], "texture": "#0"},
				"down": {"uv": [2, 4.5, 1, 5.5], "texture": "#0"}
			}
		},
		{
			"from": [6.25, 14.5, 7.25],
			"to": [9.75, 15.5, 9.5],
			"rotation": {"angle": 0, "axis": "y", "origin": [7, 13.5, 6.5]},
			"faces": {
				"north": {"uv": [5.5, 6.25, 6.375, 6.5], "texture": "#0"},
				"east": {"uv": [6.5, 2.75, 7.0625, 3], "texture": "#0"},
				"south": {"uv": [6.5, 0, 7.375, 0.25], "texture": "#0"},
				"west": {"uv": [6.75, 1.25, 7.3125, 1.5], "texture": "#0"},
				"up": {"uv": [1.875, 6.0625, 1, 5.5], "texture": "#0"},
				"down": {"uv": [2.875, 5.5, 2, 6.0625], "texture": "#0"}
			}
		},
		{
			"from": [6.5, 12.25, 5.75],
			"to": [9.5, 14.5, 7.75],
			"rotation": {"angle": -22.5, "axis": "x", "origin": [8, 14.5, 5.75]},
			"faces": {
				"north": {"uv": [5.5, 3, 6.25, 3.5625], "texture": "#0"},
				"east": {"uv": [1.5, 6.25, 2, 6.8125], "texture": "#0"},
				"south": {"uv": [5.5, 3.75, 6.25, 4.3125], "texture": "#0"},
				"west": {"uv": [2, 6.25, 2.5, 6.8125], "texture": "#0"},
				"up": {"uv": [4.75, 6, 4, 5.5], "texture": "#0"},
				"down": {"uv": [6.25, 4.5, 5.5, 5], "texture": "#0"}
			}
		},
		{
			"from": [6.5, 15.5, 7.5],
			"to": [9.5, 16.25, 9.25],
			"rotation": {"angle": 0, "axis": "y", "origin": [7, 14.5, 6.5]},
			"faces": {
				"north": {"uv": [6.75, 1.5, 7.5, 1.6875], "texture": "#0"},
				"east": {"uv": [7, 6.75, 7.4375, 6.9375], "texture": "#0"},
				"south": {"uv": [6.75, 1.75, 7.5, 1.9375], "texture": "#0"},
				"west": {"uv": [7, 7, 7.4375, 7.1875], "texture": "#0"},
				"up": {"uv": [5.5, 5.9375, 4.75, 5.5], "texture": "#0"},
				"down": {"uv": [6.25, 5, 5.5, 5.4375], "texture": "#0"}
			}
		},
		{
			"from": [6.75, 16.25, 7.75],
			"to": [9.25, 16.75, 9],
			"rotation": {"angle": 0, "axis": "y", "origin": [7, 15.25, 6.5]},
			"faces": {
				"north": {"uv": [7.5, 0, 8.125, 0.125], "texture": "#0"},
				"east": {"uv": [7.5, 6.5, 7.8125, 6.625], "texture": "#0"},
				"south": {"uv": [7.5, 1.25, 8.125, 1.375], "texture": "#0"},
				"west": {"uv": [7.5, 6.75, 7.8125, 6.875], "texture": "#0"},
				"up": {"uv": [7.125, 0.5625, 6.5, 0.25], "texture": "#0"},
				"down": {"uv": [7.125, 0.75, 6.5, 1.0625], "texture": "#0"}
			}
		},
		{
			"from": [7, 16.75, 8],
			"to": [9, 17, 8.75],
			"rotation": {"angle": 0, "axis": "y", "origin": [7, 15.75, 6.5]},
			"faces": {
				"north": {"uv": [7.5, 7, 8, 7.0625], "texture": "#0"},
				"east": {"uv": [7.75, 0.25, 7.9375, 0.3125], "texture": "#0"},
				"south": {"uv": [7.5, 7.5, 8, 7.5625], "texture": "#0"},
				"west": {"uv": [7.75, 0.5, 7.9375, 0.5625], "texture": "#0"},
				"up": {"uv": [7.5, 6.4375, 7, 6.25], "texture": "#0"},
				"down": {"uv": [7.5, 6.5, 7, 6.6875], "texture": "#0"}
			}
		},
		{
			"from": [7.75, 1.75, 2],
			"to": [8.25, 5, 5.75],
			"rotation": {"angle": 0, "axis": "y", "origin": [7, 0, 2.5]},
			"faces": {
				"north": {"uv": [2.25, 7, 2.375, 7.8125], "texture": "#0"},
				"east": {"uv": [3.9375, 5, 3, 5.8125], "texture": "#0"},
				"south": {"uv": [4.25, 7, 4.375, 7.8125], "texture": "#0"},
				"west": {"uv": [3, 5, 3.9375, 5.8125], "texture": "#0"},
				"up": {"uv": [2.625, 7.6875, 2.5, 6.75], "texture": "#0"},
				"down": {"uv": [2.875, 6.75, 2.75, 7.6875], "texture": "#0"}
			}
		},
		{
			"from": [2.25, 2, 8.76],
			"to": [6, 5.5, 9.24],
			"rotation": {"angle": 0, "axis": "y", "origin": [4.75, 0, 5.75]},
			"faces": {
				"north": {"uv": [5.9375, 0, 5, 0.875], "texture": "#0"},
				"east": {"uv": [5.25, 6.75, 5.375, 7.625], "texture": "#0"},
				"south": {"uv": [5, 0, 5.9375, 0.875], "texture": "#0"},
				"west": {"uv": [6.75, 5.25, 6.875, 6.125], "texture": "#0"},
				"up": {"uv": [7.6875, 2.125, 6.75, 2], "texture": "#0"},
				"down": {"uv": [7.6875, 2.25, 6.75, 2.375], "texture": "#0"}
			}
		},
		{
			"from": [2.5, 1.5, 8.85],
			"to": [6, 2, 9.1],
			"rotation": {"angle": 0, "axis": "y", "origin": [4.75, -3.5, 5.6]},
			"faces": {
				"north": {"uv": [1.25, 7, 2.125, 7.125], "texture": "#0"},
				"east": {"uv": [1.25, 7.75, 1.3125, 7.875], "texture": "#0"},
				"south": {"uv": [7, 3, 7.875, 3.125], "texture": "#0"},
				"west": {"uv": [1.5, 7.75, 1.5625, 7.875], "texture": "#0"},
				"up": {"uv": [8.375, 5.8125, 7.5, 5.75], "texture": "#0"},
				"down": {"uv": [8.375, 6, 7.5, 6.0625], "texture": "#0"}
			}
		},
		{
			"from": [10, 1.5, 8.85],
			"to": [13.5, 2, 9.1],
			"rotation": {"angle": 0, "axis": "y", "origin": [12.25, -3.5, 5.6]},
			"faces": {
				"north": {"uv": [3.25, 7, 4.125, 7.125], "texture": "#0"},
				"east": {"uv": [7.75, 1.5, 7.8125, 1.625], "texture": "#0"},
				"south": {"uv": [7, 3.25, 7.875, 3.375], "texture": "#0"},
				"west": {"uv": [1.75, 7.75, 1.8125, 7.875], "texture": "#0"},
				"up": {"uv": [8.375, 6.3125, 7.5, 6.25], "texture": "#0"},
				"down": {"uv": [7.375, 7.5, 6.5, 7.5625], "texture": "#0"}
			}
		},
		{
			"from": [2.25, 5.5, 8.75],
			"to": [6, 11, 9.25],
			"rotation": {"angle": -45, "axis": "z", "origin": [2.25, 5.5, 9]},
			"faces": {
				"north": {"uv": [3, 3.5, 3.9375, 4.875], "texture": "#0"},
				"east": {"uv": [6.5, 5.5, 6.625, 6.875], "texture": "#0"},
				"south": {"uv": [3.9375, 3.5, 3, 4.875], "texture": "#0"},
				"west": {"uv": [5.75, 6.5, 5.875, 7.875], "texture": "#0"},
				"up": {"uv": [7.6875, 2.625, 6.75, 2.5], "texture": "#0"},
				"down": {"uv": [4.1875, 6.75, 3.25, 6.875], "texture": "#0"}
			}
		},
		{
			"from": [5.25, 8.5, 8.74],
			"to": [7, 13, 9.26],
			"rotation": {"angle": -10, "axis": "z", "origin": [5.25, 8.5, 9]},
			"faces": {
				"north": {"uv": [5, 3, 5.4375, 4.125], "texture": "#0"},
				"east": {"uv": [0, 6.75, 0.125, 7.875], "texture": "#0"},
				"south": {"uv": [5, 4.25, 5.4375, 5.375], "texture": "#0"},
				"west": {"uv": [0.25, 6.75, 0.375, 7.875], "texture": "#0"},
				"up": {"uv": [7.9375, 3.875, 7.5, 3.75], "texture": "#0"},
				"down": {"uv": [5.1875, 7.5, 4.75, 7.625], "texture": "#0"}
			}
		},
		{
			"from": [7.875, 1.25, 2.25],
			"to": [8.125, 1.75, 5.75],
			"rotation": {"angle": 0, "axis": "y", "origin": [7.125, -0.75, 2.5]},
			"faces": {
				"north": {"uv": [7.75, 0.75, 7.8125, 0.875], "texture": "#0"},
				"east": {"uv": [7.625, 5, 6.75, 5.125], "texture": "#0"},
				"south": {"uv": [7.75, 1, 7.8125, 1.125], "texture": "#0"},
				"west": {"uv": [6.75, 5, 7.625, 5.125], "texture": "#0"},
				"up": {"uv": [4.0625, 8.375, 4, 7.5], "texture": "#0"},
				"down": {"uv": [4.5625, 7.5, 4.5, 8.375], "texture": "#0"}
			}
		},
		{
			"from": [7.76, 1.225, 2.025],
			"to": [8.24, 4.975, 7.525],
			"rotation": {"angle": -45, "axis": "x", "origin": [9.75, 4.95, 1.975]},
			"faces": {
				"north": {"uv": [3, 6.75, 3.125, 7.6875], "texture": "#0"},
				"east": {"uv": [0, 3.5, 1.375, 4.4375], "texture": "#0"},
				"south": {"uv": [6.75, 3, 6.875, 3.9375], "texture": "#0"},
				"west": {"uv": [1.375, 3.5, 0, 4.4375], "texture": "#0"},
				"up": {"uv": [0.125, 6.625, 0, 5.5], "texture": "#0"},
				"down": {"uv": [0.125, 5.5, 0, 6.625], "texture": "#0"}
			}
		},
		{
			"from": [9, 8.5, 8.74],
			"to": [10.75, 13, 9.26],
			"rotation": {"angle": 10, "axis": "z", "origin": [10.75, 8.5, 9]},
			"faces": {
				"north": {"uv": [0, 5.5, 0.4375, 6.625], "texture": "#0"},
				"east": {"uv": [0.5, 6.75, 0.625, 7.875], "texture": "#0"},
				"south": {"uv": [0.5, 5.5, 0.9375, 6.625], "texture": "#0"},
				"west": {"uv": [0.75, 6.75, 0.875, 7.875], "texture": "#0"},
				"up": {"uv": [7.9375, 5.375, 7.5, 5.25], "texture": "#0"},
				"down": {"uv": [7.9375, 5.5, 7.5, 5.625], "texture": "#0"}
			}
		},
		{
			"from": [10, 5.5, 8.75],
			"to": [13.75, 11, 9.25],
			"rotation": {"angle": 45, "axis": "z", "origin": [13.75, 5.5, 9]},
			"faces": {
				"north": {"uv": [3.9375, 3.5, 3, 4.875], "texture": "#0"},
				"east": {"uv": [6, 6.5, 6.125, 7.875], "texture": "#0"},
				"south": {"uv": [3, 3.5, 3.9375, 4.875], "texture": "#0"},
				"west": {"uv": [6.25, 6.5, 6.375, 7.875], "texture": "#0"},
				"up": {"uv": [7.6875, 4.125, 6.75, 4], "texture": "#0"},
				"down": {"uv": [5.1875, 6.75, 4.25, 6.875], "texture": "#0"}
			}
		},
		{
			"from": [10, 2, 8.76],
			"to": [13.75, 5.5, 9.24],
			"rotation": {"angle": 0, "axis": "y", "origin": [11.25, 0, 5.75]},
			"faces": {
				"north": {"uv": [5, 0, 5.9375, 0.875], "texture": "#0"},
				"east": {"uv": [6.75, 6.25, 6.875, 7.125], "texture": "#0"},
				"south": {"uv": [5.9375, 0, 5, 0.875], "texture": "#0"},
				"west": {"uv": [1, 7, 1.125, 7.875], "texture": "#0"},
				"up": {"uv": [7.6875, 4.375, 6.75, 4.25], "texture": "#0"},
				"down": {"uv": [7.6875, 4.5, 6.75, 4.625], "texture": "#0"}
			}
		}
	],
	"display": {
		"thirdperson_righthand": {
			"rotation": [0, 180, 0],
			"translation": [0.25, 4.25, -1],
			"scale": [0.74, 0.74, 0.74]
		},
		"thirdperson_lefthand": {
			"rotation": [0, -180, 0],
			"translation": [0.25, 4.25, -1],
			"scale": [0.74, 0.74, 0.74]
		},
		"firstperson_righthand": {
			"rotation": [101.83, 3.94, 68.5],
			"translation": [3, 2, 0],
			"scale": [0.69, 0.69, 0.69]
		},
		"firstperson_lefthand": {
			"rotation": [101.83, 3.94, 68.5],
			"translation": [3, 2, 0],
			"scale": [0.69, 0.69, 0.69]
		},
		"ground": {
			"translation": [0, 4.5, 0]
		},
		"gui": {
			"rotation": [121.25, 0, 47],
			"translation": [-0.5, -1.25, 0]
		},
		"head": {
			"rotation": [90, 0, -180],
			"translation": [0, 9.5, 0],
			"scale": [1.76, 1.76, 1.76]
		},
		"fixed": {
			"translation": [0, -1, -3.75],
			"scale": [2.02, 2.02, 2.02]
		},
		"on_shelf": {
			"rotation": [-180, 0, -180],
			"translation": [0, 0, -1.75],
			"scale": [1.41, 1.41, 1.41]
		}
	}
}