{
	"credit": "Made with Blockbench",
	"texture_size": [66, 196],
	"textures": {
		"3": "item/mothman"
	},
	"elements": [
		{
			"name": "head",
			"from": [2.5, 10.5, 9],
			"to": [13.5, 18.5, 16.5],
			"rotation": {"angle": 0, "axis": "y", "origin": [-0.5, 10.5, 10]},
			"faces": {
				"north": {"uv": [0.24242, 8.57143, 2.90909, 9.22449], "texture": "#3"},
				"east": {"uv": [8.24242, 9.06122, 10.18182, 9.71429], "texture": "#3"},
				"south": {"uv": [9.93939, 7.83673, 12.60606, 8.4898], "texture": "#3"},
				"west": {"uv": [10.18182, 9.06122, 12.12121, 9.71429], "texture": "#3"},
				"up": {"uv": [5.57576, 9.71429, 2.90909, 9.06122], "texture": "#3"},
				"down": {"uv": [8.24242, 9.06122, 5.57576, 9.71429], "texture": "#3"}
			}
		},
		{
			"name": "body",
			"from": [0.5, 5.5, -0.5],
			"to": [15.5, 18, 11.5],
			"rotation": {"angle": 22.5, "axis": "x", "origin": [1.5, 7.5, 5]},
			"faces": {
				"north": {"uv": [0.24242, 5.38776, 3.87879, 6.44898], "texture": "#3"},
				"east": {"uv": [3.87879, 7.34694, 6.78788, 8.40816], "texture": "#3"},
				"south": {"uv": [0.24242, 6.44898, 3.87879, 7.5102], "texture": "#3"},
				"west": {"uv": [0.24242, 7.5102, 3.15152, 8.57143], "texture": "#3"},
				"up": {"uv": [7.51515, 6.36735, 3.87879, 5.38776], "texture": "#3"},
				"down": {"uv": [7.51515, 6.36735, 3.87879, 7.34694], "texture": "#3"}
			}
		},
		{
			"name": "abnomen",
			"from": [1.5, -2, 2.5],
			"to": [14.5, 6, 9.5],
			"rotation": {"angle": 0, "axis": "y", "origin": [1.5, -3.5, 4]},
			"faces": {
				"north": {"uv": [6.78788, 7.83673, 9.93939, 8.4898], "texture": "#3"},
				"east": {"uv": [11.39394, 6.85714, 13.09091, 7.5102], "texture": "#3"},
				"south": {"uv": [3.15152, 8.40816, 6.30303, 9.06122], "texture": "#3"},
				"west": {"uv": [0.24242, 9.22449, 1.93939, 9.87755], "texture": "#3"},
				"up": {"uv": [9.45455, 9.06122, 6.30303, 8.4898], "texture": "#3"},
				"down": {"uv": [12.60606, 8.4898, 9.45455, 9.06122], "texture": "#3"}
			}
		},
		{
			"name": "RIT wing",
			"from": [-12, 18.07643, 4.1978],
			"to": [3, 20.07643, 5.6978],
			"rotation": {"angle": -22.5, "axis": "z", "origin": [-4.5, 19.07643, 4.9478]},
			"faces": {
				"north": {"uv": [0.24242, 0.73469, 3.87879, 0.89796], "texture": "#3"},
				"east": {"uv": [3.15152, 1.63265, 3.63636, 1.79592], "texture": "#3"},
				"south": {"uv": [0.24242, 0.89796, 3.87879, 1.06122], "texture": "#3"},
				"west": {"uv": [3.63636, 1.63265, 4.12121, 1.79592], "texture": "#3"},
				"up": {"uv": [3.87879, 1.22449, 0.24242, 1.06122], "texture": "#3"},
				"down": {"uv": [3.87879, 1.22449, 0.24242, 1.38776], "texture": "#3"}
			}
		},
		{
			"name": "RIL wing",
			"from": [-12, 7.07643, 4.1978],
			"to": [6.5, 18.07643, 4.1978],
			"rotation": {"angle": -22.5, "axis": "z", "origin": [-4.5, 19.07643, 4.9478]},
			"faces": {
				"north": {"uv": [9.57576, 0.08163, 4.9697, 1.14286], "texture": "#3"},
				"east": {"uv": [0.24242, 0.08163, 0.24242, 1.14286], "texture": "#3"},
				"south": {"uv": [4.9697, 0.08163, 9.57576, 1.14286], "texture": "#3"},
				"west": {"uv": [0.24242, 0.08163, 0.24242, 1.14286], "texture": "#3"},
				"up": {"uv": [4.84848, 0.08163, 0.24242, 0.08163], "texture": "#3"},
				"down": {"uv": [4.84848, 0.08163, 0.24242, 0.08163], "texture": "#3"}
			}
		},
		{
			"name": "ROT wing",
			"from": [-14.25, 20.57643, 3.9478],
			"to": [-12.75, 22.57643, 14.4478],
			"rotation": {"angle": -22.5, "axis": "y", "origin": [-13.5, 21.57643, 11.4478]},
			"faces": {
				"north": {"uv": [2.18182, 1.55102, 2.66667, 1.71429], "texture": "#3"},
				"east": {"uv": [0.72727, 1.38776, 3.39394, 1.55102], "texture": "#3"},
				"south": {"uv": [2.66667, 1.55102, 3.15152, 1.71429], "texture": "#3"},
				"west": {"uv": [3.39394, 1.46939, 6.06061, 1.63265], "texture": "#3"},
				"up": {"uv": [4.84848, 0.97959, 4.36364, 0.08163], "texture": "#3"},
				"down": {"uv": [1.21212, 1.55102, 0.72727, 2.44898], "texture": "#3"}
			}
		},
		{
			"name": "ROL wing",
			"from": [-14.25, 9.57643, 3.9478],
			"to": [-14.25, 20.57643, 18.9478],
			"rotation": {"angle": -22.5, "axis": "y", "origin": [-13.5, 21.57643, 11.4478]},
			"faces": {
				"north": {"uv": [0.24242, 0.08163, 0.24242, 1.14286], "texture": "#3"},
				"east": {"uv": [7.63636, 2.20408, 11.27273, 3.26531], "texture": "#3"},
				"south": {"uv": [0.24242, 0.08163, 0.24242, 1.14286], "texture": "#3"},
				"west": {"uv": [11.27273, 2.20408, 7.63636, 3.26531], "texture": "#3"},
				"up": {"uv": [0.24242, 1.30612, 0.24242, 0.08163], "texture": "#3"},
				"down": {"uv": [0.24242, 0.08163, 0.24242, 1.30612], "texture": "#3"}
			}
		},
		{
			"name": "LOT wing",
			"from": [29.25, 20.57643, 3.9478],
			"to": [30.75, 22.57643, 14.4478],
			"rotation": {"angle": 22.5, "axis": "y", "origin": [30, 21.57643, 11.4478]},
			"faces": {
				"north": {"uv": [1.21212, 1.55102, 1.69697, 1.71429], "texture": "#3"},
				"east": {"uv": [3.87879, 1.14286, 6.54545, 1.30612], "texture": "#3"},
				"south": {"uv": [1.69697, 1.55102, 2.18182, 1.71429], "texture": "#3"},
				"west": {"uv": [0.72727, 1.06122, 3.39394, 1.22449], "texture": "#3"},
				"up": {"uv": [4.36364, 0.97959, 3.87879, 0.08163], "texture": "#3"},
				"down": {"uv": [0.72727, 1.38776, 0.24242, 2.28571], "texture": "#3"}
			}
		},
		{
			"name": "LOL wing",
			"from": [30.75, 9.57643, 3.9478],
			"to": [30.75, 21.07643, 18.9478],
			"rotation": {"angle": 22.5, "axis": "y", "origin": [30, 21.57643, 11.4478]},
			"faces": {
				"north": {"uv": [0.24242, 0.08163, 0.24242, 1.14286], "texture": "#3"},
				"east": {"uv": [7.51515, 2.20408, 11.15152, 3.26531], "texture": "#3"},
				"south": {"uv": [0.24242, 0.08163, 0.24242, 1.14286], "texture": "#3"},
				"west": {"uv": [11.15152, 2.20408, 7.51515, 3.26531], "texture": "#3"},
				"up": {"uv": [0.24242, 1.30612, 0.24242, 0.08163], "texture": "#3"},
				"down": {"uv": [0.24242, 0.08163, 0.24242, 1.30612], "texture": "#3"}
			}
		},
		{
			"name": "LIT wing",
			"from": [13.5, 18.07643, 4.1978],
			"to": [28.5, 20.07643, 5.6978],
			"rotation": {"angle": 22.5, "axis": "z", "origin": [21, 19.07643, 4.9478]},
			"faces": {
				"north": {"uv": [0.24242, 0.08163, 3.87879, 0.2449], "texture": "#3"},
				"east": {"uv": [3.87879, 0.97959, 4.36364, 1.14286], "texture": "#3"},
				"south": {"uv": [0.24242, 0.2449, 3.87879, 0.40816], "texture": "#3"},
				"west": {"uv": [4.36364, 0.97959, 4.84848, 1.14286], "texture": "#3"},
				"up": {"uv": [3.87879, 0.57143, 0.24242, 0.40816], "texture": "#3"},
				"down": {"uv": [3.87879, 0.57143, 0.24242, 0.73469], "texture": "#3"}
			}
		},
		{
			"name": "LIL wing",
			"from": [10, 7.07643, 4.1978],
			"to": [28.5, 18.07643, 4.1978],
			"rotation": {"angle": 22.5, "axis": "z", "origin": [21, 19.07643, 4.9478]},
			"faces": {
				"north": {"uv": [4.84848, 0.08163, 9.45455, 1.14286], "texture": "#3"},
				"east": {"uv": [0.24242, 0.08163, 0.24242, 1.14286], "texture": "#3"},
				"south": {"uv": [9.45455, 0.08163, 4.84848, 1.14286], "texture": "#3"},
				"west": {"uv": [0.24242, 0.08163, 0.24242, 1.14286], "texture": "#3"},
				"up": {"uv": [4.84848, 0.08163, 0.24242, 0.08163], "texture": "#3"},
				"down": {"uv": [4.84848, 0.08163, 0.24242, 0.08163], "texture": "#3"}
			}
		},
		{
			"name": "L antenna",
			"from": [2, 18.07643, 11.6978],
			"to": [20.5, 26.07643, 11.6978],
			"rotation": {"angle": 45, "axis": "z", "origin": [13, 29.07643, 12.4478]},
			"faces": {
				"north": {"uv": [12, 5.38776, 7.51515, 6.04082], "texture": "#3"},
				"east": {"uv": [0.24242, 5.38776, 0.24242, 5.87755], "texture": "#3"},
				"south": {"uv": [7.51515, 5.38776, 12, 6.04082], "texture": "#3"},
				"west": {"uv": [0.24242, 5.38776, 0.24242, 5.87755], "texture": "#3"},
				"up": {"uv": [4.84848, 5.38776, 0.24242, 5.38776], "texture": "#3"},
				"down": {"uv": [4.84848, 5.38776, 0.24242, 5.38776], "texture": "#3"}
			}
		},
		{
			"name": "R antenna",
			"from": [-9.2448, 18.59635, 11.6978],
			"to": [9.2552, 26.59635, 11.6978],
			"rotation": {"angle": -45, "axis": "z", "origin": [0.0052, 23.59635, 11.6978]},
			"faces": {
				"north": {"uv": [7.51515, 5.38776, 12, 6.04082], "texture": "#3"},
				"east": {"uv": [0.24242, 5.38776, 0.24242, 5.87755], "texture": "#3"},
				"south": {"uv": [12, 5.38776, 7.51515, 6], "texture": "#3"},
				"west": {"uv": [0.24242, 5.38776, 0.24242, 5.87755], "texture": "#3"},
				"up": {"uv": [4.84848, 5.38776, 0.24242, 5.38776], "texture": "#3"},
				"down": {"uv": [4.84848, 5.38776, 0.24242, 5.38776], "texture": "#3"}
			}
		},
		{
			"name": "L upper arm",
			"from": [16.87652, 4.84099, 5.5],
			"to": [19.87652, 16.34099, 8.5],
			"rotation": {"angle": 45, "axis": "z", "origin": [18.37652, 10.59099, 7]},
			"faces": {
				"north": {"uv": [5.57576, 12.65306, 6.30303, 13.55102], "texture": "#3"},
				"east": {"uv": [6.30303, 10.69388, 7.0303, 11.59184], "texture": "#3"},
				"south": {"uv": [6.30303, 11.59184, 7.0303, 12.4898], "texture": "#3"},
				"west": {"uv": [6.30303, 12.4898, 7.0303, 13.38776], "texture": "#3"},
				"up": {"uv": [8.72727, 13.30612, 8, 13.06122], "texture": "#3"},
				"down": {"uv": [8.72727, 13.30612, 8, 13.55102], "texture": "#3"}
			}
		},
		{
			"name": "L lower arm",
			"from": [20, 1.5, 11],
			"to": [23, 13, 11],
			"rotation": {"angle": -22.5, "axis": "x", "origin": [19, 2.5, 22]},
			"faces": {
				"north": {"uv": [4.12121, 11.67347, 4.84848, 12.65306], "texture": "#3"},
				"east": {"uv": [0.24242, 12.97959, 0.72727, 13.95918], "texture": "#3"},
				"south": {"uv": [4.12121, 11.67347, 4.84848, 12.65306], "texture": "#3"},
				"west": {"uv": [7.0303, 10.69388, 7.51515, 11.67347], "texture": "#3"},
				"up": {"uv": [8.24242, 11.67347, 7.51515, 11.5102], "texture": "#3"},
				"down": {"uv": [8.9697, 12, 8.24242, 12.16327], "texture": "#3"}
			}
		},
		{
			"name": "R upper arm",
			"from": [-6.5, 8, 5.5],
			"to": [-3.5, 19.5, 8.5],
			"rotation": {"angle": -45, "axis": "z", "origin": [-7.5, 9, 19.5]},
			"faces": {
				"north": {"uv": [4.84848, 10.69388, 5.57576, 11.67347], "texture": "#3"},
				"east": {"uv": [4.84848, 11.67347, 5.57576, 12.65306], "texture": "#3"},
				"south": {"uv": [5.57576, 10.69388, 6.30303, 11.67347], "texture": "#3"},
				"west": {"uv": [5.57576, 11.67347, 6.30303, 12.65306], "texture": "#3"},
				"up": {"uv": [8.9697, 11.7551, 8.24242, 11.5102], "texture": "#3"},
				"down": {"uv": [8.9697, 11.7551, 8.24242, 12], "texture": "#3"}
			}
		},
		{
			"name": "R lower arm",
			"from": [-7, 1.5, 11],
			"to": [-4, 13, 11],
			"rotation": {"angle": -22.5, "axis": "x", "origin": [-8, 2.5, 22]},
			"faces": {
				"north": {"uv": [4.84848, 12.65306, 5.57576, 13.63265], "texture": "#3"},
				"east": {"uv": [0.72727, 12.97959, 1.21212, 13.95918], "texture": "#3"},
				"south": {"uv": [4.84848, 12.65306, 5.57576, 13.63265], "texture": "#3"},
				"west": {"uv": [1.21212, 12.97959, 1.69697, 13.95918], "texture": "#3"},
				"up": {"uv": [8.9697, 12.32653, 8.24242, 12.16327], "texture": "#3"},
				"down": {"uv": [7.0303, 13.38776, 6.30303, 13.55102], "texture": "#3"}
			}
		},
		{
			"name": "R lower arm",
			"from": [-7, 1.075, 11.1],
			"to": [-4, 1.075, 13.1],
			"rotation": {"angle": -22.5, "axis": "x", "origin": [-8, -3, 22]},
			"faces": {
				"north": {"uv": [4.84848, 12.65306, 5.57576, 13.63265], "texture": "#3"},
				"east": {"uv": [0.72727, 12.97959, 1.21212, 13.95918], "texture": "#3"},
				"south": {"uv": [4.84848, 12.65306, 5.57576, 13.63265], "texture": "#3"},
				"west": {"uv": [1.21212, 12.97959, 1.69697, 13.95918], "texture": "#3"},
				"up": {"uv": [7.0303, 13.55102, 6.30303, 13.38776], "texture": "#3"},
				"down": {"uv": [7.0303, 13.38776, 6.30303, 13.55102], "texture": "#3"}
			}
		},
		{
			"name": "R lower arm",
			"from": [20, 1.075, 11.1],
			"to": [23, 1.075, 13.1],
			"rotation": {"angle": -22.5, "axis": "x", "origin": [19, -3, 22]},
			"faces": {
				"north": {"uv": [4.84848, 12.65306, 5.57576, 13.63265], "texture": "#3"},
				"east": {"uv": [0.72727, 12.97959, 1.21212, 13.95918], "texture": "#3"},
				"south": {"uv": [4.84848, 12.65306, 5.57576, 13.63265], "texture": "#3"},
				"west": {"uv": [1.21212, 12.97959, 1.69697, 13.95918], "texture": "#3"},
				"up": {"uv": [7.0303, 13.55102, 6.30303, 13.38776], "texture": "#3"},
				"down": {"uv": [7.0303, 13.38776, 6.30303, 13.55102], "texture": "#3"}
			}
		},
		{
			"name": "R Leg",
			"from": [1.5, -15.5, 4],
			"to": [5.5, -2, 8],
			"rotation": {"angle": 0, "axis": "y", "origin": [1.5, -15.5, 4]},
			"faces": {
				"north": {"uv": [0.24242, 10.69388, 1.21212, 11.83673], "texture": "#3"},
				"east": {"uv": [1.21212, 10.69388, 2.18182, 11.83673], "texture": "#3"},
				"south": {"uv": [2.18182, 10.69388, 3.15152, 11.83673], "texture": "#3"},
				"west": {"uv": [3.15152, 10.69388, 4.12121, 11.83673], "texture": "#3"},
				"up": {"uv": [8, 12.65306, 7.0303, 12.32653], "texture": "#3"},
				"down": {"uv": [8, 12.65306, 7.0303, 12.97959], "texture": "#3"}
			}
		},
		{
			"name": "R Claws",
			"from": [1, -15.5, 7],
			"to": [6, -12.5, 10.5],
			"rotation": {"angle": 0, "axis": "y", "origin": [1.5, -15.5, 4]},
			"faces": {
				"north": {"uv": [7.51515, 11.02041, 8.72727, 11.26531], "texture": "#3"},
				"east": {"uv": [8, 12.32653, 8.9697, 12.57143], "texture": "#3"},
				"south": {"uv": [7.51515, 11.26531, 8.72727, 11.5102], "texture": "#3"},
				"west": {"uv": [8, 12.57143, 8.9697, 12.81633], "texture": "#3"},
				"up": {"uv": [2.90909, 13.30612, 1.69697, 12.97959], "texture": "#3"},
				"down": {"uv": [4.12121, 12.97959, 2.90909, 13.30612], "texture": "#3"}
			}
		},
		{
			"name": "L Leg",
			"from": [10.5, -15.5, 4],
			"to": [14.5, -2, 8],
			"rotation": {"angle": 0, "axis": "y", "origin": [14.5, -15.5, 4]},
			"faces": {
				"north": {"uv": [0.24242, 11.83673, 1.21212, 12.97959], "texture": "#3"},
				"east": {"uv": [1.21212, 11.83673, 2.18182, 12.97959], "texture": "#3"},
				"south": {"uv": [2.18182, 11.83673, 3.15152, 12.97959], "texture": "#3"},
				"west": {"uv": [3.15152, 11.83673, 4.12121, 12.97959], "texture": "#3"},
				"up": {"uv": [8, 13.30612, 7.0303, 12.97959], "texture": "#3"},
				"down": {"uv": [8.48485, 10.69388, 7.51515, 11.02041], "texture": "#3"}
			}
		},
		{
			"name": "L Claws",
			"from": [10, -15.5, 7],
			"to": [15, -12.5, 10.5],
			"rotation": {"angle": 0, "axis": "y", "origin": [14.5, -15.5, 4]},
			"faces": {
				"north": {"uv": [1.69697, 13.30612, 2.90909, 13.55102], "texture": "#3"},
				"east": {"uv": [8, 12.81633, 8.9697, 13.06122], "texture": "#3"},
				"south": {"uv": [2.90909, 13.30612, 4.12121, 13.55102], "texture": "#3"},
				"west": {"uv": [7.0303, 13.30612, 8, 13.55102], "texture": "#3"},
				"up": {"uv": [8.24242, 12, 7.0303, 11.67347], "texture": "#3"},
				"down": {"uv": [8.24242, 12, 7.0303, 12.32653], "texture": "#3"}
			}
		}
	],
	"display": {
		"thirdperson_righthand": {
			"rotation": [24, 180, 0],
			"translation": [-5.75, 20.25, 23.75]
		},
		"thirdperson_lefthand": {
			"rotation": [24, 180, 0],
			"translation": [-5.75, 20.25, 23.75]
		},
		"firstperson_righthand": {
			"rotation": [-7, -38, 0],
			"translation": [1, 2, 0],
			"scale": [0.26, 0.26, 0.26]
		},
		"firstperson_lefthand": {
			"rotation": [-7, -38, 0],
			"translation": [1, 2, 0],
			"scale": [0.26, 0.26, 0.26]
		},
		"ground": {
			"translation": [0, 19.25, 0]
		},
		"gui": {
			"rotation": [16, -26, 0],
			"scale": [0.33, 0.33, 0.33]
		},
		"head": {
			"rotation": [0, 180, 0],
			"translation": [0, 23.5, 0],
			"scale": [0.73, 0.73, 0.73]
		},
		"fixed": {
			"rotation": [-90, 0, 0],
			"translation": [0, 0, -56.25],
			"scale": [2.4, 2.4, 2.4]
		}
	},
	"groups": [
		0,
		1,
		2,
		{
			"name": "wings",
			"origin": [21, 19.07643, 4.9478],
			"color": 0,
			"children": [3, 4, 5, 6, 7, 8, 9, 10]
		},
		{
			"name": "antenna",
			"origin": [0.0052, 23.59635, 11.6978],
			"color": 0,
			"children": [11, 12]
		},
		{
			"name": "arms",
			"origin": [-7.5, 9, 19.5],
			"color": 0,
			"children": [13, 14, 15, 16, 17, 18]
		},
		{
			"name": "legs",
			"origin": [14.5, -15.5, 4],
			"color": 0,
			"children": [19, 20, 21, 22]
		}
	]
}