{
	"credit": "Made with Blockbench",
	"textures": {
		"4": "item/octoplush_texture",
		"particle": "item/block/blank"
	},
	"elements": [
		{
			"from": [4.5, 0.25, 4.5],
			"to": [11.5, 7.5, 11.5],
			"rotation": {"angle": 0, "axis": "y", "origin": [8, 3.625, 8]},
			"faces": {
				"north": {"uv": [0, 0, 4, 4], "texture": "#4"},
				"east": {"uv": [0, 4, 4, 8], "texture": "#4"},
				"south": {"uv": [4, 0, 8, 4], "texture": "#4"},
				"west": {"uv": [4, 4, 8, 8], "texture": "#4"},
				"up": {"uv": [12, 8, 8, 4], "texture": "#4"},
				"down": {"uv": [12, 0, 8, 4], "texture": "#4"}
			}
		},
		{
			"from": [11, 0, 4.25],
			"to": [14.75, 1.75, 6],
			"rotation": {"angle": 22.5, "axis": "y", "origin": [13.5, 1, 5.25]},
			"faces": {
				"north": {"uv": [0, 8, 2, 9], "texture": "#4"},
				"east": {"uv": [4, 8, 5, 9], "texture": "#4"},
				"south": {"uv": [6, 8, 8, 9], "texture": "#4"},
				"west": {"uv": [5, 8, 6, 9], "texture": "#4"},
				"up": {"uv": [10, 9, 8, 8], "texture": "#4"},
				"down": {"uv": [4, 8, 2, 9], "texture": "#4"}
			}
		},
		{
			"from": [11.5, 0, 9.5],
			"to": [15, 1.75, 11.25],
			"rotation": {"angle": -22.5, "axis": "y", "origin": [12.5, 1, 9.25]},
			"faces": {
				"north": {"uv": [0, 8, 2, 9], "texture": "#4"},
				"east": {"uv": [4, 8, 5, 9], "texture": "#4"},
				"south": {"uv": [6, 8, 8, 9], "texture": "#4"},
				"west": {"uv": [5, 8, 6, 9], "texture": "#4"},
				"up": {"uv": [10, 9, 8, 8], "texture": "#4"},
				"down": {"uv": [4, 8, 2, 9], "texture": "#4"}
			}
		},
		{
			"from": [9.75, 0, 10.5],
			"to": [11.5, 1.75, 14],
			"rotation": {"angle": 22.5, "axis": "y", "origin": [12, 1, 12.75]},
			"faces": {
				"north": {"uv": [5, 8, 6, 9], "texture": "#4"},
				"east": {"uv": [0, 8, 2, 9], "texture": "#4"},
				"south": {"uv": [4, 8, 5, 9], "texture": "#4"},
				"west": {"uv": [6, 8, 8, 9], "texture": "#4"},
				"up": {"uv": [10, 9, 8, 8], "rotation": 90, "texture": "#4"},
				"down": {"uv": [4, 8, 2, 9], "rotation": 270, "texture": "#4"}
			}
		},
		{
			"from": [5, 0, 11.5],
			"to": [6.75, 1.75, 15],
			"rotation": {"angle": -22.5, "axis": "y", "origin": [6.5, 1, 12.25]},
			"faces": {
				"north": {"uv": [5, 8, 6, 9], "texture": "#4"},
				"east": {"uv": [0, 8, 2, 9], "texture": "#4"},
				"south": {"uv": [4, 8, 5, 9], "texture": "#4"},
				"west": {"uv": [6, 8, 8, 9], "texture": "#4"},
				"up": {"uv": [10, 9, 8, 8], "rotation": 90, "texture": "#4"},
				"down": {"uv": [4, 8, 2, 9], "rotation": 270, "texture": "#4"}
			}
		},
		{
			"from": [1.5, 0, 9.25],
			"to": [5.25, 1.75, 11],
			"rotation": {"angle": 22.5, "axis": "y", "origin": [3.25, 1, 10.75]},
			"faces": {
				"north": {"uv": [6, 8, 8, 9], "texture": "#4"},
				"east": {"uv": [5, 8, 6, 9], "texture": "#4"},
				"south": {"uv": [0, 8, 2, 9], "texture": "#4"},
				"west": {"uv": [4, 8, 5, 9], "texture": "#4"},
				"up": {"uv": [10, 9, 8, 8], "rotation": 180, "texture": "#4"},
				"down": {"uv": [4, 8, 2, 9], "rotation": 180, "texture": "#4"}
			}
		},
		{
			"from": [0.75, 0, 4],
			"to": [4.25, 1.75, 6],
			"rotation": {"angle": -22.5, "axis": "y", "origin": [1.75, 1, 7]},
			"faces": {
				"north": {"uv": [6, 8, 8, 9], "texture": "#4"},
				"east": {"uv": [5, 8, 6, 9], "texture": "#4"},
				"south": {"uv": [0, 8, 2, 9], "texture": "#4"},
				"west": {"uv": [4, 8, 5, 9], "texture": "#4"},
				"up": {"uv": [10, 9, 8, 8], "rotation": 180, "texture": "#4"},
				"down": {"uv": [4, 8, 2, 9], "rotation": 180, "texture": "#4"}
			}
		},
		{
			"from": [4.5, 0, 1.75],
			"to": [6.25, 1.75, 5.5],
			"rotation": {"angle": 22.5, "axis": "y", "origin": [4.5, 1, 2.5]},
			"faces": {
				"north": {"uv": [4, 8, 5, 9], "texture": "#4"},
				"east": {"uv": [6, 8, 8, 9], "texture": "#4"},
				"south": {"uv": [5, 8, 6, 9], "texture": "#4"},
				"west": {"uv": [0, 8, 2, 9], "texture": "#4"},
				"up": {"uv": [10, 9, 8, 8], "rotation": 270, "texture": "#4"},
				"down": {"uv": [4, 8, 2, 9], "rotation": 90, "texture": "#4"}
			}
		},
		{
			"from": [10.25, 0, 1],
			"to": [12, 1.75, 4.5],
			"rotation": {"angle": -22.5, "axis": "y", "origin": [9.75, 1, 1.5]},
			"faces": {
				"north": {"uv": [4, 8, 5, 9], "texture": "#4"},
				"east": {"uv": [6, 8, 8, 9], "texture": "#4"},
				"south": {"uv": [5, 8, 6, 9], "texture": "#4"},
				"west": {"uv": [0, 8, 2, 9], "texture": "#4"},
				"up": {"uv": [10, 9, 8, 8], "rotation": 270, "texture": "#4"},
				"down": {"uv": [4, 8, 2, 9], "rotation": 90, "texture": "#4"}
			}
		}
	],
	"display": {
		"thirdperson_righthand": {
			"rotation": [96, 15.27, 177.29],
			"translation": [-0.25, -1, -2.25]
		},
		"thirdperson_lefthand": {
			"rotation": [87, 15.27, 177.29],
			"translation": [-0.25, -2.75, -2]
		},
		"firstperson_righthand": {
			"rotation": [-13.75, 34.5, 0],
			"translation": [-9, 4.5, -5.25]
		},
		"firstperson_lefthand": {
			"rotation": [-13.75, -61, 0],
			"translation": [5.75, 4.5, -5.25]
		},
		"ground": {
			"translation": [0, 3, 0],
			"scale": [0.7, 0.7, 0.7]
		},
		"gui": {
			"rotation": [19, -40, 0],
			"translation": [0, 4.25, 0]
		},
		"head": {
			"translation": [-0.25, 8.5, 0],
			"scale": [2, 2, 2]
		},
		"fixed": {
			"rotation": [-90, 0, 0],
			"translation": [0, 0.5, -19.75],
			"scale": [2.5, 2.5, 2.5]
		}
	}
}