{
	"credit": "Made with Blockbench",
	"textures": {
		"0": "item/onyxpick1",
		"particle": "item/onyxpick1"
	},
	"elements": [
		{
			"from": [7, 0, 8],
			"to": [7.75, 1, 9],
			"faces": {
				"north": {"uv": [2, 8, 2.75, 9], "texture": "#0"},
				"east": {"uv": [1, 6, 2, 7], "texture": "#0"},
				"south": {"uv": [2, 8, 2.75, 9], "texture": "#0"},
				"west": {"uv": [1, 6, 2, 7], "texture": "#0"},
				"up": {"uv": [2.75, 9, 2, 8], "texture": "#0"},
				"down": {"uv": [2.75, 8, 2, 9], "texture": "#0"}
			}
		},
		{
			"from": [7.25, 1, 8.25],
			"to": [7.5, 1.5, 8.75],
			"faces": {
				"north": {"uv": [1, 9, 1.25, 9.5], "texture": "#0"},
				"east": {"uv": [1, 9.25, 1.5, 9.75], "texture": "#0"},
				"south": {"uv": [1.25, 9, 1.5, 9.5], "texture": "#0"},
				"west": {"uv": [1, 9.5, 1.5, 10], "texture": "#0"},
				"up": {"uv": [9.25, 8.5, 9, 8], "texture": "#0"},
				"down": {"uv": [9.25, 9, 9, 9.5], "texture": "#0"}
			}
		},
		{
			"from": [7.25, 3.5, 8.25],
			"to": [7.5, 4.5, 8.75],
			"faces": {
				"north": {"uv": [1, 9, 1.25, 10], "texture": "#0"},
				"east": {"uv": [1, 9, 1.5, 10], "texture": "#0"},
				"south": {"uv": [1, 9, 1.25, 10], "texture": "#0"},
				"west": {"uv": [1, 9, 1.5, 10], "texture": "#0"},
				"up": {"uv": [0.25, 10.5, 0, 10], "texture": "#0"},
				"down": {"uv": [10.25, 0, 10, 0.5], "texture": "#0"}
			}
		},
		{
			"from": [7, 1.5, 8.15],
			"to": [7.75, 3.5, 8.9],
			"faces": {
				"north": {"uv": [3, 4, 3.75, 6], "texture": "#0"},
				"east": {"uv": [3, 4, 3.75, 6], "texture": "#0"},
				"south": {"uv": [3, 4, 3.75, 6], "texture": "#0"},
				"west": {"uv": [3, 4, 3.75, 6], "texture": "#0"},
				"up": {"uv": [3.75, 6, 3, 5.25], "texture": "#0"},
				"down": {"uv": [3.75, 4, 3, 4.75], "texture": "#0"}
			}
		},
		{
			"from": [7, 4.5, 7.9],
			"to": [7.75, 5.5, 9.15],
			"faces": {
				"north": {"uv": [2, 8, 2.75, 9], "texture": "#0"},
				"east": {"uv": [4, 5, 5.25, 6], "texture": "#0"},
				"south": {"uv": [2, 8, 2.75, 9], "texture": "#0"},
				"west": {"uv": [4, 5, 5.25, 6], "texture": "#0"},
				"up": {"uv": [7.75, 7.25, 7, 6], "texture": "#0"},
				"down": {"uv": [7.75, 6, 7, 7.25], "texture": "#0"}
			}
		},
		{
			"from": [7.35, 3.5, 4.9],
			"to": [7.35, 5.5, 12.15],
			"faces": {
				"north": {"uv": [0.5, 2.5, 0.75, 3.75], "texture": "#0"},
				"east": {"uv": [0, 2, 7.25, 4], "texture": "#0"},
				"south": {"uv": [0.75, 2.5, 1, 3.75], "texture": "#0"},
				"west": {"uv": [0, 2, 7.25, 4], "texture": "#0"},
				"up": {"uv": [0.25, 5.75, 0.5, 4.5], "texture": "#0"},
				"down": {"uv": [0.25, 2.5, 0.5, 3.75], "texture": "#0"}
			}
		},
		{
			"from": [7, 4.25, 9.4],
			"to": [7.75, 5.5, 10.15],
			"rotation": {"angle": -22.5, "axis": "x", "origin": [7.375, 5.125, 9.775]},
			"faces": {
				"north": {"uv": [7, 6, 7.75, 7.25], "texture": "#0"},
				"east": {"uv": [7, 6, 7.75, 7.25], "texture": "#0"},
				"south": {"uv": [7, 6, 7.75, 7.25], "texture": "#0"},
				"west": {"uv": [7, 6, 7.75, 7.25], "texture": "#0"},
				"up": {"uv": [8.75, 8.75, 8, 8], "texture": "#0"},
				"down": {"uv": [8.75, 8, 8, 8.75], "texture": "#0"}
			}
		},
		{
			"from": [7, 4.54919, 6.61038],
			"to": [7.75, 5.79919, 7.36038],
			"rotation": {"angle": 22.5, "axis": "x", "origin": [7.375, 4.57419, 6.48538]},
			"faces": {
				"north": {"uv": [7, 6, 7.75, 7.25], "texture": "#0"},
				"east": {"uv": [7, 6, 7.75, 7.25], "texture": "#0"},
				"south": {"uv": [7, 6, 7.75, 7.25], "texture": "#0"},
				"west": {"uv": [7, 6, 7.75, 7.25], "texture": "#0"},
				"up": {"uv": [8.75, 8.75, 8, 8], "texture": "#0"},
				"down": {"uv": [8.75, 8, 8, 8.75], "texture": "#0"}
			}
		},
		{
			"from": [7.345, 4.38354, 8.8688],
			"to": [7.405, 5.14354, 9.8788],
			"rotation": {"angle": 22.5, "axis": "x", "origin": [7.375, 4.76354, 9.7488]},
			"faces": {
				"north": {"uv": [9, 5, 9.25, 5.75], "texture": "#0"},
				"east": {"uv": [6, 8, 5, 8.75], "texture": "#0"},
				"south": {"uv": [6, 9, 6.25, 9.75], "texture": "#0"},
				"west": {"uv": [6, 8, 5, 8.75], "texture": "#0"},
				"up": {"uv": [5.5, 8.75, 5.25, 8], "texture": "#0"},
				"down": {"uv": [5.75, 8, 5.5, 8.75], "texture": "#0"}
			}
		},
		{
			"from": [7.345, 4.30414, 7.10034],
			"to": [7.405, 5.06414, 8.11034],
			"rotation": {"angle": -22.5, "axis": "x", "origin": [7.375, 4.90054, 7.13651]},
			"faces": {
				"north": {"uv": [9, 6, 9.25, 6.75], "texture": "#0"},
				"east": {"uv": [5, 8, 6, 8.75], "texture": "#0"},
				"south": {"uv": [7, 9, 7.25, 9.75], "texture": "#0"},
				"west": {"uv": [6, 8, 5, 8.75], "texture": "#0"},
				"up": {"uv": [5.5, 8.75, 5.25, 8], "texture": "#0"},
				"down": {"uv": [5.75, 8, 5.5, 8.75], "texture": "#0"}
			}
		}
	],
	"gui_light": "front",
	"display": {
		"thirdperson_righthand": {
			"translation": [1.5, 15, -1],
			"scale": [2.86, 2.86, 2.86]
		},
		"thirdperson_lefthand": {
			"translation": [-1.5, 11, -0.5],
			"scale": [2.24, 2.24, 2.24]
		},
		"firstperson_righthand": {
			"rotation": [-21, -10, 2],
			"translation": [2.5, 12, -2.25],
			"scale": [2, 2, 2]
		},
		"firstperson_lefthand": {
			"rotation": [8, -5, 0],
			"translation": [-1, 12, 2],
			"scale": [1.26, 1.91, 1.53]
		},
		"ground": {
			"rotation": [28, 0, -24],
			"translation": [0, 12, 0],
			"scale": [1.93, 1.93, 1.93]
		},
		"gui": {
			"rotation": [49, 44, -37],
			"translation": [6, 8.75, -0.25],
			"scale": [2.5, 2.5, 2.5]
		},
		"fixed": {
			"rotation": [0, 90, 0],
			"translation": [-1.5, 13, -3],
			"scale": [2.82, 2.82, 2.82]
		}
	}
}