{
	"credit": "Made with Blockbench",
	"texture_size": [32, 32],
	"textures": {
		"0": "item/orangutan_texture",
		"particle": "item/block/blank"
	},
	"elements": [
		{
			"name": "body",
			"from": [5, 3.22354, 5.89778],
			"to": [11, 10.22354, 15.89778],
			"rotation": {"angle": 22.5, "axis": "x", "origin": [8, 6.72354, 10.89778]},
			"faces": {
				"north": {"uv": [8, 0, 11, 3.5], "texture": "#0"},
				"east": {"uv": [0, 0, 5, 3.5], "texture": "#0"},
				"south": {"uv": [8, 0, 11, 3.5], "texture": "#0"},
				"west": {"uv": [0, 0, 5, 3.5], "texture": "#0"},
				"up": {"uv": [5, 0, 8, 5], "texture": "#0"},
				"down": {"uv": [5, 0, 8, 5], "texture": "#0"}
			}
		},
		{
			"name": "leg",
			"from": [2.025, 0, 5],
			"to": [5.025, 7, 8],
			"rotation": {"angle": 0, "axis": "y", "origin": [4.525, 7, 6.5]},
			"faces": {
				"north": {"uv": [0, 7, 1.5, 10.5], "texture": "#0"},
				"east": {"uv": [1.5, 7, 3, 10.5], "texture": "#0"},
				"south": {"uv": [0, 7, 1.5, 10.5], "texture": "#0"},
				"west": {"uv": [1.5, 7, 3, 10.5], "texture": "#0"},
				"up": {"uv": [0, 10.5, 1.5, 12], "texture": "#0"},
				"down": {"uv": [1.5, 10.5, 3, 12], "texture": "#0"}
			}
		},
		{
			"name": "leg",
			"from": [10.95, 0, 5],
			"to": [13.95, 7, 8],
			"rotation": {"angle": 0, "axis": "y", "origin": [11.5, 7, 6.5]},
			"faces": {
				"north": {"uv": [0, 7, 1.5, 10.5], "texture": "#0"},
				"east": {"uv": [1.5, 7, 3, 10.5], "texture": "#0"},
				"south": {"uv": [0, 7, 1.5, 10.5], "texture": "#0"},
				"west": {"uv": [1.5, 7, 3, 10.5], "texture": "#0"},
				"up": {"uv": [0, 10.5, 1.5, 12], "texture": "#0"},
				"down": {"uv": [1.5, 10.5, 3, 12], "texture": "#0"}
			}
		},
		{
			"name": "leg",
			"from": [11, 0, 12],
			"to": [14, 6, 15],
			"rotation": {"angle": 0, "axis": "y", "origin": [11.5, 6, 13.5]},
			"faces": {
				"north": {"uv": [0, 7, 1.5, 10], "texture": "#0"},
				"east": {"uv": [1.5, 7, 3, 10], "texture": "#0"},
				"south": {"uv": [0, 7, 1.5, 10], "texture": "#0"},
				"west": {"uv": [1.5, 7, 3, 10], "texture": "#0"},
				"up": {"uv": [0, 10.5, 1.5, 12], "texture": "#0"},
				"down": {"uv": [1.5, 10.5, 3, 12], "texture": "#0"}
			}
		},
		{
			"name": "leg",
			"from": [2, 0, 12],
			"to": [5, 6, 15],
			"rotation": {"angle": 0, "axis": "y", "origin": [4.5, 6, 13.5]},
			"faces": {
				"north": {"uv": [0, 7, 1.5, 10], "texture": "#0"},
				"east": {"uv": [1.5, 7, 3, 10], "texture": "#0"},
				"south": {"uv": [0, 7, 1.5, 10], "texture": "#0"},
				"west": {"uv": [1.5, 7, 3, 10], "texture": "#0"},
				"up": {"uv": [0, 10.5, 1.5, 12], "texture": "#0"},
				"down": {"uv": [1.5, 10.5, 3, 12], "texture": "#0"}
			}
		},
		{
			"name": "head",
			"from": [4, 5, 2],
			"to": [12, 12, 7],
			"rotation": {"angle": 0, "axis": "y", "origin": [8, 8.5, 7]},
			"faces": {
				"north": {"uv": [0, 3.5, 4, 7], "texture": "#0"},
				"east": {"uv": [1, 0, 3.5, 3.5], "texture": "#0"},
				"south": {"uv": [0, 0, 4, 3.5], "texture": "#0"},
				"west": {"uv": [1, 0, 3.5, 3.5], "texture": "#0"},
				"up": {"uv": [0, 0.5, 4, 3], "texture": "#0"},
				"down": {"uv": [0, 0.5, 4, 3], "texture": "#0"}
			}
		},
		{
			"name": "face",
			"from": [3, 6, 1],
			"to": [13, 11, 2],
			"rotation": {"angle": 0, "axis": "y", "origin": [8, 7.5, 8]},
			"faces": {
				"north": {"uv": [3, 7, 8, 9.5], "texture": "#0"},
				"east": {"uv": [8, 7, 8.5, 9.5], "texture": "#0"},
				"south": {"uv": [3, 9.5, 8, 12], "texture": "#0"},
				"west": {"uv": [8.5, 7, 9, 9.5], "texture": "#0"},
				"up": {"uv": [3, 12, 8, 12.5], "texture": "#0"},
				"down": {"uv": [3, 12.5, 8, 13], "texture": "#0"}
			}
		},
		{
			"name": "nose",
			"from": [6, 5, 0],
			"to": [10, 9, 2],
			"rotation": {"angle": 0, "axis": "y", "origin": [8, 7.5, 8]},
			"faces": {
				"north": {"uv": [4, 5, 6, 7], "texture": "#0"},
				"east": {"uv": [8, 5, 9, 7], "texture": "#0"},
				"south": {"uv": [6, 5, 8, 7], "texture": "#0"},
				"west": {"uv": [9, 5, 8, 7], "texture": "#0"},
				"up": {"uv": [8, 4, 10, 5], "texture": "#0"},
				"down": {"uv": [2, 6, 4, 7], "texture": "#0"}
			}
		}
	],
	"display": {
		"thirdperson_righthand": {
			"rotation": [177.89, 15.27, 177.29],
			"translation": [-4.5, 2.75, 3.25],
			"scale": [0.85, 0.85, 0.85]
		},
		"thirdperson_lefthand": {
			"rotation": [177.89, 15.27, 177.29],
			"translation": [-4.5, 2.75, 3.25],
			"scale": [0.85, 0.85, 0.85]
		},
		"firstperson_righthand": {
			"rotation": [-23, 180, 0],
			"translation": [-9, 1.25, -3],
			"scale": [0.8, 0.8, 0.8]
		},
		"firstperson_lefthand": {
			"rotation": [-23, 132, 0],
			"translation": [5.25, 1.25, -3],
			"scale": [0.8, 0.8, 0.8]
		},
		"ground": {
			"translation": [0, 3, 0],
			"scale": [0.75, 0.75, 0.75]
		},
		"gui": {
			"rotation": [19, 145, 0],
			"translation": [-0.25, 2, 0],
			"scale": [0.85, 0.85, 0.85]
		},
		"head": {
			"translation": [-0.25, 14.5, -1.25]
		},
		"fixed": {
			"rotation": [-90, 0, 0],
			"translation": [0.5, -3.5, -15.75],
			"scale": [2, 2, 2]
		}
	},
	"groups": [
		{
			"name": "root",
			"origin": [8, 0, 8],
			"color": 0,
			"children": [
				{
					"name": "body",
					"origin": [8, 7.5, 8],
					"color": 0,
					"children": [
						0,
						{
							"name": "leg_front_left",
							"origin": [4.525, 7, 6.5],
							"color": 0,
							"children": [1]
						},
						{
							"name": "leg_front_right",
							"origin": [11.5, 7, 6.5],
							"color": 0,
							"children": [2]
						},
						{
							"name": "leg_back_right",
							"origin": [11.5, 6, 13.5],
							"color": 0,
							"children": [3]
						},
						{
							"name": "leg_back_left",
							"origin": [4.5, 6, 13.5],
							"color": 0,
							"children": [4]
						},
						{
							"name": "head",
							"origin": [8, 7.5, 8],
							"color": 0,
							"children": [5, 6, 7]
						}
					]
				}
			]
		}
	]
}