{
	"credit": "Made with Blockbench",
	"texture_size": [32, 32],
	"textures": {
		"0": "item/otter_texture",
		"particle": "item/block/blank"
	},
	"elements": [
		{
			"from": [6, 2.5, 1],
			"to": [10, 6.5, 5],
			"rotation": {"angle": 0, "axis": "y", "origin": [0, -1.5, -1]},
			"faces": {
				"north": {"uv": [2, 4, 4, 6], "texture": "#0"},
				"east": {"uv": [4, 4, 6, 6], "texture": "#0"},
				"south": {"uv": [6, 0, 8, 2], "texture": "#0"},
				"west": {"uv": [2, 6, 4, 8], "texture": "#0"},
				"up": {"uv": [8, 4, 6, 2], "texture": "#0"},
				"down": {"uv": [6, 6, 4, 8], "texture": "#0"}
			}
		},
		{
			"from": [7, 2.5, 0],
			"to": [9, 4, 1],
			"rotation": {"angle": 0, "axis": "y", "origin": [0, -1.5, -1]},
			"faces": {
				"north": {"uv": [12, 6, 14, 7], "texture": "#0"},
				"east": {"uv": [4.5, 10.5, 5, 11.5], "texture": "#0"},
				"south": {"uv": [1.5, 10, 2.5, 11], "texture": "#0"},
				"west": {"uv": [3, 11, 3.5, 12], "texture": "#0"},
				"up": {"uv": [11, 1.5, 10, 1], "texture": "#0"},
				"down": {"uv": [12, 3, 11, 3.5], "texture": "#0"}
			}
		},
		{
			"from": [4, 2.5, 2],
			"to": [7, 4.5, 2],
			"rotation": {"angle": 22.5, "axis": "z", "origin": [5, 3.5, 2]},
			"faces": {
				"north": {"uv": [12, 0, 14, 1.5], "texture": "#0"},
				"east": {"uv": [0, 0, 0, 1], "texture": "#0"},
				"south": {"uv": [12, 3, 14, 4.5], "texture": "#0"},
				"west": {"uv": [0, 0, 0, 1], "texture": "#0"},
				"up": {"uv": [1.5, 0, 0, 0], "texture": "#0"},
				"down": {"uv": [1.5, 0, 0, 0], "texture": "#0"}
			}
		},
		{
			"from": [9, 2.5, 2],
			"to": [12, 4.5, 2],
			"rotation": {"angle": -22.5, "axis": "z", "origin": [11, 3.5, 2]},
			"faces": {
				"north": {"uv": [12, 1.5, 14, 3], "texture": "#0"},
				"east": {"uv": [0, 0, 0, 1], "texture": "#0"},
				"south": {"uv": [12, 4.5, 14, 6], "texture": "#0"},
				"west": {"uv": [0, 0, 0, 1], "texture": "#0"},
				"up": {"uv": [1.5, 0, 0, 0], "texture": "#0"},
				"down": {"uv": [1.5, 0, 0, 0], "texture": "#0"}
			}
		},
		{
			"from": [6.25, 0.5, 2.5],
			"to": [9.75, 4.5, 10.5],
			"rotation": {"angle": 0, "axis": "y", "origin": [0, -1.5, -1]},
			"faces": {
				"north": {"uv": [6, 4, 8, 6], "texture": "#0"},
				"east": {"uv": [0, 0, 4, 2], "texture": "#0"},
				"south": {"uv": [6, 6, 8, 8], "texture": "#0"},
				"west": {"uv": [0, 2, 4, 4], "texture": "#0"},
				"up": {"uv": [2, 8, 0, 4], "texture": "#0"},
				"down": {"uv": [6, 0, 4, 4], "texture": "#0"}
			}
		},
		{
			"from": [7, 0.6, 12.6],
			"to": [9, 2.6, 14.6],
			"rotation": {"angle": 22.5, "axis": "x", "origin": [8, 1, 13]},
			"faces": {
				"north": {"uv": [6, 10, 7, 11], "texture": "#0"},
				"east": {"uv": [7, 10, 8, 11], "texture": "#0"},
				"south": {"uv": [8, 10, 9, 11], "texture": "#0"},
				"west": {"uv": [0, 10.5, 1, 11.5], "texture": "#0"},
				"up": {"uv": [4.5, 11.5, 3.5, 10.5], "texture": "#0"},
				"down": {"uv": [10, 10.5, 9, 11.5], "texture": "#0"}
			}
		},
		{
			"from": [2.5, 0, 3],
			"to": [5.5, 2, 5],
			"rotation": {"angle": -45, "axis": "y", "origin": [6, 0, 5]},
			"faces": {
				"north": {"uv": [8, 6, 9.5, 7], "texture": "#0"},
				"east": {"uv": [2.5, 10, 3.5, 11], "texture": "#0"},
				"south": {"uv": [6.5, 8, 8, 9], "texture": "#0"},
				"west": {"uv": [5, 10, 6, 11], "texture": "#0"},
				"up": {"uv": [9.5, 8, 8, 7], "texture": "#0"},
				"down": {"uv": [9.5, 8, 8, 9], "texture": "#0"}
			}
		},
		{
			"from": [3.5, 0, 8],
			"to": [6.5, 2, 10],
			"rotation": {"angle": 0, "axis": "y", "origin": [6, 0, 9]},
			"faces": {
				"north": {"uv": [5, 9, 6.5, 10], "texture": "#0"},
				"east": {"uv": [10, 10.5, 11, 11.5], "texture": "#0"},
				"south": {"uv": [6.5, 9, 8, 10], "texture": "#0"},
				"west": {"uv": [11, 0, 12, 1], "texture": "#0"},
				"up": {"uv": [9.5, 10, 8, 9], "texture": "#0"},
				"down": {"uv": [1.5, 9.5, 0, 10.5], "texture": "#0"}
			}
		},
		{
			"from": [6.7, 0.8, 9],
			"to": [9.2, 3.8, 13],
			"rotation": {"angle": 22.5, "axis": "x", "origin": [7.75, 2.1, 11]},
			"faces": {
				"north": {"uv": [3.5, 8, 5, 9.5], "texture": "#0"},
				"east": {"uv": [0, 8, 2, 9.5], "texture": "#0"},
				"south": {"uv": [8, 3.5, 9.5, 5], "texture": "#0"},
				"west": {"uv": [8, 0, 10, 1.5], "texture": "#0"},
				"up": {"uv": [9.5, 3.5, 8, 1.5], "texture": "#0"},
				"down": {"uv": [3.5, 8, 2, 10], "texture": "#0"}
			}
		},
		{
			"from": [9.5, 0, 8],
			"to": [12.5, 2, 10],
			"rotation": {"angle": 0, "axis": "y", "origin": [10, 0, 9]},
			"faces": {
				"north": {"uv": [3.5, 9.5, 5, 10.5], "texture": "#0"},
				"east": {"uv": [1, 11, 2, 12], "texture": "#0"},
				"south": {"uv": [9.5, 3.5, 11, 4.5], "texture": "#0"},
				"west": {"uv": [11, 1, 12, 2], "texture": "#0"},
				"up": {"uv": [11, 5.5, 9.5, 4.5], "texture": "#0"},
				"down": {"uv": [11, 5.5, 9.5, 6.5], "texture": "#0"}
			}
		},
		{
			"from": [10.5, 0, 3],
			"to": [13.5, 2, 5],
			"rotation": {"angle": 45, "axis": "y", "origin": [10, 0, 5]},
			"faces": {
				"north": {"uv": [9.5, 6.5, 11, 7.5], "texture": "#0"},
				"east": {"uv": [2, 11, 3, 12], "texture": "#0"},
				"south": {"uv": [9.5, 7.5, 11, 8.5], "texture": "#0"},
				"west": {"uv": [11, 2, 12, 3], "texture": "#0"},
				"up": {"uv": [11, 9.5, 9.5, 8.5], "texture": "#0"},
				"down": {"uv": [11, 9.5, 9.5, 10.5], "texture": "#0"}
			}
		}
	],
	"display": {
		"thirdperson_righthand": {
			"rotation": [177.89, 15.27, 177.29],
			"translation": [0, 7.5, 1.25]
		},
		"thirdperson_lefthand": {
			"rotation": [177.89, 15.27, 177.29],
			"translation": [0, 7.5, 1.25]
		},
		"firstperson_righthand": {
			"rotation": [-23, 180, 0],
			"translation": [-9, 5.5, -2],
			"scale": [0.8, 0.8, 0.8]
		},
		"firstperson_lefthand": {
			"rotation": [-23, 124, 0],
			"translation": [4.5, 5.5, -2],
			"scale": [0.8, 0.8, 0.8]
		},
		"ground": {
			"translation": [0, 3, 0],
			"scale": [0.8, 0.8, 0.8]
		},
		"gui": {
			"rotation": [19, 145, 0],
			"translation": [1, 7, 0],
			"scale": [1.25, 1.25, 1.25]
		},
		"head": {
			"translation": [-0.25, 14.5, 0]
		},
		"fixed": {
			"rotation": [-90, 0, 0],
			"translation": [-0.25, 2.25, -20.25],
			"scale": [2.5, 2.5, 2.5]
		}
	},
	"groups": [
		{
			"name": "group",
			"origin": [0, 0, 0],
			"color": 0,
			"children": [0, 1, 2, 3]
		},
		4,
		5,
		6,
		7,
		8,
		9,
		10
	]
}