{
	"credit": "Made with Blockbench",
	"texture_size": [32, 32],
	"textures": {
		"0": "item/owl_texture",
		"particle": "item/block/blank"
	},
	"elements": [
		{
			"from": [3, 3, 3],
			"to": [13, 10, 13],
			"rotation": {"angle": 0, "axis": "y", "origin": [8, 0, 8]},
			"faces": {
				"north": {"uv": [0, 0, 5, 3.5], "texture": "#0"},
				"east": {"uv": [5, 0, 10, 3.5], "texture": "#0"},
				"south": {"uv": [10, 0, 15, 3.5], "texture": "#0"},
				"west": {"uv": [0, 3.5, 5, 7], "texture": "#0"},
				"up": {"uv": [0, 7, 5, 12], "texture": "#0"},
				"down": {"uv": [9, 9.5, 14, 14.5], "texture": "#0"}
			}
		},
		{
			"from": [5, 1, 13],
			"to": [11, 3, 13],
			"rotation": {"angle": 0, "axis": "y", "origin": [8, 0, 8]},
			"faces": {
				"north": {"uv": [12, 14.5, 15, 15.5], "texture": "#0"},
				"south": {"uv": [9, 14.5, 12, 15.5], "texture": "#0"}
			}
		},
		{
			"from": [4, 10, 4],
			"to": [12, 16, 12],
			"rotation": {"angle": 0, "axis": "y", "origin": [8, 0, 8]},
			"faces": {
				"north": {"uv": [5, 3.5, 9, 6.5], "texture": "#0"},
				"east": {"uv": [9, 3.5, 13, 6.5], "texture": "#0"},
				"south": {"uv": [5, 6.5, 9, 9.5], "texture": "#0"},
				"west": {"uv": [9, 6.5, 13, 9.5], "texture": "#0"},
				"up": {"uv": [0, 12, 4, 16], "texture": "#0"},
				"down": {"uv": [0, 12, 4, 16], "texture": "#0"}
			}
		},
		{
			"from": [2, 2, 4],
			"to": [4, 11, 12],
			"rotation": {"angle": 0, "axis": "y", "origin": [8, 0, 8]},
			"faces": {
				"north": {"uv": [15, 4, 16, 8.5], "texture": "#0"},
				"east": {"uv": [5, 9.5, 9, 14], "texture": "#0"},
				"south": {"uv": [15, 4, 16, 8.5], "texture": "#0"},
				"west": {"uv": [5, 9.5, 9, 14], "texture": "#0"},
				"up": {"uv": [14, 6.5, 15, 10.5], "texture": "#0"},
				"down": {"uv": [15, 0, 16, 4], "texture": "#0"}
			}
		},
		{
			"from": [12, 2, 4],
			"to": [14, 11, 12],
			"rotation": {"angle": 0, "axis": "y", "origin": [8, 0, 8]},
			"faces": {
				"north": {"uv": [16, 4, 15, 8.5], "texture": "#0"},
				"east": {"uv": [9, 9.5, 5, 14], "texture": "#0"},
				"south": {"uv": [16, 4, 15, 8.5], "texture": "#0"},
				"west": {"uv": [9, 9.5, 5, 14], "texture": "#0"},
				"up": {"uv": [15, 6.5, 14, 10.5], "texture": "#0"},
				"down": {"uv": [16, 0, 15, 4], "texture": "#0"}
			}
		},
		{
			"from": [10, 16, 4],
			"to": [12, 18, 4],
			"rotation": {"angle": 0, "axis": "y", "origin": [8, 0, 8]},
			"faces": {
				"north": {"uv": [4, 12, 5, 13], "texture": "#0"},
				"south": {"uv": [5, 12, 4, 13], "texture": "#0"}
			}
		},
		{
			"from": [7.25, 10.5, 2.5],
			"to": [8.75, 13.5, 4],
			"rotation": {"angle": 0, "axis": "y", "origin": [8, 0, 8]},
			"faces": {
				"north": {"uv": [4, 13, 4.75, 14.5], "texture": "#0"},
				"east": {"uv": [4, 13, 4.75, 14.5], "texture": "#0"},
				"south": {"uv": [4, 13, 4.75, 14.5], "texture": "#0"},
				"west": {"uv": [4, 13, 4.75, 14.5], "texture": "#0"},
				"up": {"uv": [4, 14.5, 4.75, 15.25], "texture": "#0"},
				"down": {"uv": [4, 14.5, 4.75, 15.25], "texture": "#0"}
			}
		},
		{
			"from": [4, 16, 4],
			"to": [6, 18, 4],
			"rotation": {"angle": 0, "axis": "y", "origin": [8, 0, 8]},
			"faces": {
				"north": {"uv": [5, 12, 4, 13], "texture": "#0"},
				"south": {"uv": [4, 12, 5, 13], "texture": "#0"}
			}
		},
		{
			"from": [6, 0, 5],
			"to": [10, 1, 11],
			"rotation": {"angle": 0, "axis": "y", "origin": [8, 0, 8]},
			"faces": {
				"north": {"uv": [6, 15.5, 4, 16], "texture": "#0"},
				"east": {"uv": [9, 15.5, 6, 16], "texture": "#0"},
				"south": {"uv": [6, 15.5, 4, 16], "texture": "#0"},
				"west": {"uv": [9, 15.5, 6, 16], "texture": "#0"},
				"up": {"uv": [15, 3.5, 13, 6.5], "texture": "#0"},
				"down": {"uv": [15, 3.5, 13, 6.5], "texture": "#0"}
			}
		},
		{
			"from": [7, 1, 7],
			"to": [9, 3, 9],
			"rotation": {"angle": 0, "axis": "y", "origin": [8, 0, 8]},
			"faces": {
				"north": {"uv": [6, 14.5, 5, 15.5], "texture": "#0"},
				"east": {"uv": [6, 14.5, 5, 15.5], "texture": "#0"},
				"south": {"uv": [6, 14.5, 5, 15.5], "texture": "#0"},
				"west": {"uv": [6, 14.5, 5, 15.5], "texture": "#0"}
			}
		}
	],
	"display": {
		"thirdperson_righthand": {
			"rotation": [65, 0, 0],
			"translation": [-3.75, 1.25, 2.25],
			"scale": [0.7, 0.7, 0.7]
		},
		"thirdperson_lefthand": {
			"rotation": [65, 0, 0],
			"translation": [-3.75, 1.25, 3.75],
			"scale": [0.7, 0.7, 0.7]
		},
		"firstperson_righthand": {
			"rotation": [0, 180, 0],
			"translation": [-9, -5, -9]
		},
		"firstperson_lefthand": {
			"rotation": [0, 132, 0],
			"translation": [9.75, -5, -9]
		},
		"ground": {
			"translation": [0, 3.75, 0],
			"scale": [0.7, 0.7, 0.7]
		},
		"gui": {
			"rotation": [19, 147, 0],
			"scale": [0.815, 0.815, 0.815]
		},
		"head": {
			"translation": [0, 14, 0]
		},
		"fixed": {
			"rotation": [-90, 0, 0],
			"translation": [0, 0, -8.25]
		}
	}
}