{
	"credit": "Made with Blockbench",
	"texture_size": [64, 64],
	"textures": {
		"1": "item/penguin_texture",
		"particle": "item/block/blank"
	},
	"elements": [
		{
			"name": "nose",
			"from": [6, 10, 2],
			"to": [10, 12, 4],
			"rotation": {"angle": 0, "axis": "y", "origin": [8, 8, 7.75]},
			"faces": {
				"north": {"uv": [4.008, 8.508, 4.992, 8.992], "texture": "#1"},
				"east": {"uv": [9.758, 2.758, 10.242, 3.242], "texture": "#1"},
				"south": {"uv": [5.008, 8.508, 5.992, 8.992], "texture": "#1"},
				"west": {"uv": [5.508, 9.758, 5.992, 10.242], "texture": "#1"},
				"up": {"uv": [1.992, 9.242, 1.008, 8.758], "texture": "#1"},
				"down": {"uv": [2.992, 8.758, 2.008, 9.242], "texture": "#1"}
			}
		},
		{
			"from": [11, 11, 3],
			"to": [15, 13, 5],
			"rotation": {"angle": 0, "axis": "y", "origin": [8, 8, 7.75]},
			"faces": {
				"north": {"uv": [4.008, 9.008, 4.992, 9.492], "texture": "#1"},
				"east": {"uv": [6.008, 9.758, 6.492, 10.242], "texture": "#1"},
				"south": {"uv": [5.008, 9.008, 5.992, 9.492], "texture": "#1"},
				"west": {"uv": [6.508, 9.758, 6.992, 10.242], "texture": "#1"},
				"up": {"uv": [1.992, 9.742, 1.008, 9.258], "texture": "#1"},
				"down": {"uv": [2.992, 9.258, 2.008, 9.742], "texture": "#1"}
			}
		},
		{
			"from": [12, 10, 3],
			"to": [14, 11, 4],
			"rotation": {"angle": 0, "axis": "y", "origin": [8, 8, 7.75]},
			"faces": {
				"north": {"uv": [10.508, 3.758, 10.992, 3.992], "texture": "#1"},
				"east": {"uv": [4.508, 11.008, 4.742, 11.242], "texture": "#1"},
				"south": {"uv": [10.508, 4.008, 10.992, 4.242], "texture": "#1"},
				"west": {"uv": [11.008, 4.508, 11.242, 4.742], "texture": "#1"},
				"up": {"uv": [10.992, 4.492, 10.508, 4.258], "texture": "#1"},
				"down": {"uv": [10.992, 4.508, 10.508, 4.742], "texture": "#1"}
			}
		},
		{
			"from": [12, 13, 3],
			"to": [14, 14, 4],
			"rotation": {"angle": 0, "axis": "y", "origin": [8, 8, 7.75]},
			"faces": {
				"north": {"uv": [10.508, 4.758, 10.992, 4.992], "texture": "#1"},
				"east": {"uv": [4.758, 11.008, 4.992, 11.242], "texture": "#1"},
				"south": {"uv": [10.508, 5.008, 10.992, 5.242], "texture": "#1"},
				"west": {"uv": [11.008, 4.758, 11.242, 4.992], "texture": "#1"},
				"up": {"uv": [10.992, 5.492, 10.508, 5.258], "texture": "#1"},
				"down": {"uv": [6.242, 10.508, 5.758, 10.742], "texture": "#1"}
			}
		},
		{
			"from": [1, 11, 3],
			"to": [5, 13, 5],
			"rotation": {"angle": 0, "axis": "y", "origin": [8, 8, 7.75]},
			"faces": {
				"north": {"uv": [9.258, 3.508, 10.242, 3.992], "texture": "#1"},
				"east": {"uv": [7.008, 9.758, 7.492, 10.242], "texture": "#1"},
				"south": {"uv": [9.258, 4.008, 10.242, 4.492], "texture": "#1"},
				"west": {"uv": [7.508, 9.758, 7.992, 10.242], "texture": "#1"},
				"up": {"uv": [10.242, 4.992, 9.258, 4.508], "texture": "#1"},
				"down": {"uv": [10.242, 5.008, 9.258, 5.492], "texture": "#1"}
			}
		},
		{
			"from": [2, 10, 3],
			"to": [4, 11, 4],
			"rotation": {"angle": 0, "axis": "y", "origin": [8, 8, 7.75]},
			"faces": {
				"north": {"uv": [6.258, 10.508, 6.742, 10.742], "texture": "#1"},
				"east": {"uv": [5.008, 11.008, 5.242, 11.242], "texture": "#1"},
				"south": {"uv": [6.758, 10.508, 7.242, 10.742], "texture": "#1"},
				"west": {"uv": [11.008, 5.008, 11.242, 5.242], "texture": "#1"},
				"up": {"uv": [9.492, 10.742, 9.008, 10.508], "texture": "#1"},
				"down": {"uv": [10.992, 9.508, 10.508, 9.742], "texture": "#1"}
			}
		},
		{
			"from": [2, 13, 3],
			"to": [4, 14, 4],
			"rotation": {"angle": 0, "axis": "y", "origin": [8, 8, 7.75]},
			"faces": {
				"north": {"uv": [10.508, 9.758, 10.992, 9.992], "texture": "#1"},
				"east": {"uv": [5.258, 11.008, 5.492, 11.242], "texture": "#1"},
				"south": {"uv": [10.008, 10.508, 10.492, 10.742], "texture": "#1"},
				"west": {"uv": [11.008, 5.258, 11.242, 5.492], "texture": "#1"},
				"up": {"uv": [10.992, 10.242, 10.508, 10.008], "texture": "#1"},
				"down": {"uv": [10.992, 10.258, 10.508, 10.492], "texture": "#1"}
			}
		},
		{
			"from": [1, 3, 10],
			"to": [2, 5, 11],
			"rotation": {"angle": 0, "axis": "y", "origin": [8, 8, 7.75]},
			"faces": {
				"north": {"uv": [7.258, 10.508, 7.492, 10.992], "texture": "#1"},
				"east": {"uv": [9.508, 10.508, 9.742, 10.992], "texture": "#1"},
				"south": {"uv": [10.508, 10.508, 10.742, 10.992], "texture": "#1"},
				"west": {"uv": [10.758, 0.508, 10.992, 0.992], "texture": "#1"},
				"up": {"uv": [11.242, 6.742, 11.008, 6.508], "texture": "#1"},
				"down": {"uv": [11.242, 6.758, 11.008, 6.992], "texture": "#1"}
			}
		},
		{
			"from": [1, 2, 8],
			"to": [2, 3, 11],
			"rotation": {"angle": 0, "axis": "y", "origin": [8, 8, 7.75]},
			"faces": {
				"north": {"uv": [7.258, 11.008, 7.492, 11.242], "texture": "#1"},
				"east": {"uv": [10.258, 6.508, 10.992, 6.742], "texture": "#1"},
				"south": {"uv": [7.508, 11.008, 7.742, 11.242], "texture": "#1"},
				"west": {"uv": [6.758, 10.258, 7.492, 10.492], "texture": "#1"},
				"up": {"uv": [7.742, 10.992, 7.508, 10.258], "texture": "#1"},
				"down": {"uv": [7.992, 10.258, 7.758, 10.992], "texture": "#1"}
			}
		},
		{
			"from": [1, 3, 6],
			"to": [2, 8, 10],
			"rotation": {"angle": 0, "axis": "y", "origin": [8, 8, 7.75]},
			"faces": {
				"north": {"uv": [3.508, 9.758, 3.742, 10.992], "texture": "#1"},
				"east": {"uv": [6.008, 8.258, 6.992, 9.492], "texture": "#1"},
				"south": {"uv": [3.758, 9.758, 3.992, 10.992], "texture": "#1"},
				"west": {"uv": [7.008, 8.258, 7.992, 9.492], "texture": "#1"},
				"up": {"uv": [8.242, 10.742, 8.008, 9.758], "texture": "#1"},
				"down": {"uv": [8.492, 9.758, 8.258, 10.742], "texture": "#1"}
			}
		},
		{
			"from": [1, 5, 5],
			"to": [2, 7, 6],
			"rotation": {"angle": 0, "axis": "y", "origin": [8, 8, 7.75]},
			"faces": {
				"north": {"uv": [1.008, 10.758, 1.242, 11.242], "texture": "#1"},
				"east": {"uv": [1.258, 10.758, 1.492, 11.242], "texture": "#1"},
				"south": {"uv": [1.508, 10.758, 1.742, 11.242], "texture": "#1"},
				"west": {"uv": [1.758, 10.758, 1.992, 11.242], "texture": "#1"},
				"up": {"uv": [7.992, 11.242, 7.758, 11.008], "texture": "#1"},
				"down": {"uv": [8.242, 11.008, 8.008, 11.242], "texture": "#1"}
			}
		},
		{
			"from": [14, 3, 10],
			"to": [15, 5, 11],
			"rotation": {"angle": 0, "axis": "y", "origin": [8, 8, 7.75]},
			"faces": {
				"north": {"uv": [2.008, 10.758, 2.242, 11.242], "texture": "#1"},
				"east": {"uv": [2.258, 10.758, 2.492, 11.242], "texture": "#1"},
				"south": {"uv": [10.758, 2.258, 10.992, 2.742], "texture": "#1"},
				"west": {"uv": [5.758, 10.758, 5.992, 11.242], "texture": "#1"},
				"up": {"uv": [8.492, 11.242, 8.258, 11.008], "texture": "#1"},
				"down": {"uv": [8.742, 11.008, 8.508, 11.242], "texture": "#1"}
			}
		},
		{
			"from": [14, 2, 8],
			"to": [15, 3, 11],
			"rotation": {"angle": 0, "axis": "y", "origin": [8, 8, 7.75]},
			"faces": {
				"north": {"uv": [8.758, 11.008, 8.992, 11.242], "texture": "#1"},
				"east": {"uv": [10.258, 6.758, 10.992, 6.992], "texture": "#1"},
				"south": {"uv": [9.008, 11.008, 9.242, 11.242], "texture": "#1"},
				"west": {"uv": [9.008, 10.258, 9.742, 10.492], "texture": "#1"},
				"up": {"uv": [9.992, 10.992, 9.758, 10.258], "texture": "#1"},
				"down": {"uv": [10.742, 0.508, 10.508, 1.242], "texture": "#1"}
			}
		},
		{
			"from": [14, 3, 6],
			"to": [15, 8, 10],
			"rotation": {"angle": 0, "axis": "y", "origin": [8, 8, 7.75]},
			"faces": {
				"north": {"uv": [4.008, 9.758, 4.242, 10.992], "texture": "#1"},
				"east": {"uv": [8.008, 8.258, 8.992, 9.492], "texture": "#1"},
				"south": {"uv": [4.258, 9.758, 4.492, 10.992], "texture": "#1"},
				"west": {"uv": [3.008, 8.508, 3.992, 9.742], "texture": "#1"},
				"up": {"uv": [8.742, 10.742, 8.508, 9.758], "texture": "#1"},
				"down": {"uv": [8.992, 9.758, 8.758, 10.742], "texture": "#1"}
			}
		},
		{
			"from": [14, 5, 5],
			"to": [15, 7, 6],
			"rotation": {"angle": 0, "axis": "y", "origin": [8, 8, 7.75]},
			"faces": {
				"north": {"uv": [6.008, 10.758, 6.242, 11.242], "texture": "#1"},
				"east": {"uv": [6.258, 10.758, 6.492, 11.242], "texture": "#1"},
				"south": {"uv": [6.508, 10.758, 6.742, 11.242], "texture": "#1"},
				"west": {"uv": [6.758, 10.758, 6.992, 11.242], "texture": "#1"},
				"up": {"uv": [9.492, 11.242, 9.258, 11.008], "texture": "#1"},
				"down": {"uv": [11.242, 9.258, 11.008, 9.492], "texture": "#1"}
			}
		},
		{
			"from": [3, 0, 2],
			"to": [5, 1, 4],
			"rotation": {"angle": 0, "axis": "y", "origin": [8, 8, 7.75]},
			"faces": {
				"north": {"uv": [10.758, 1.008, 11.242, 1.242], "texture": "#1"},
				"east": {"uv": [8.008, 10.758, 8.492, 10.992], "texture": "#1"},
				"south": {"uv": [8.508, 10.758, 8.992, 10.992], "texture": "#1"},
				"west": {"uv": [9.008, 10.758, 9.492, 10.992], "texture": "#1"},
				"up": {"uv": [9.492, 10.242, 9.008, 9.758], "texture": "#1"},
				"down": {"uv": [9.992, 9.758, 9.508, 10.242], "texture": "#1"}
			}
		},
		{
			"from": [2, 0, 3],
			"to": [3, 1, 4],
			"rotation": {"angle": 0, "axis": "y", "origin": [8, 8, 7.75]},
			"faces": {
				"north": {"uv": [9.508, 11.008, 9.742, 11.242], "texture": "#1"},
				"east": {"uv": [11.008, 9.508, 11.242, 9.742], "texture": "#1"},
				"south": {"uv": [9.758, 11.008, 9.992, 11.242], "texture": "#1"},
				"west": {"uv": [11.008, 9.758, 11.242, 9.992], "texture": "#1"},
				"up": {"uv": [10.242, 11.242, 10.008, 11.008], "texture": "#1"},
				"down": {"uv": [11.242, 10.008, 11.008, 10.242], "texture": "#1"}
			}
		},
		{
			"from": [11, 0, 2],
			"to": [13, 1, 4],
			"rotation": {"angle": 0, "axis": "y", "origin": [8, 8, 7.75]},
			"faces": {
				"north": {"uv": [10.008, 10.758, 10.492, 10.992], "texture": "#1"},
				"east": {"uv": [10.758, 10.508, 11.242, 10.742], "texture": "#1"},
				"south": {"uv": [10.758, 10.758, 11.242, 10.992], "texture": "#1"},
				"west": {"uv": [11.008, 0.508, 11.492, 0.742], "texture": "#1"},
				"up": {"uv": [10.492, 9.992, 10.008, 9.508], "texture": "#1"},
				"down": {"uv": [10.492, 10.008, 10.008, 10.492], "texture": "#1"}
			}
		},
		{
			"from": [13, 0, 3],
			"to": [14, 1, 4],
			"rotation": {"angle": 0, "axis": "y", "origin": [8, 8, 7.75]},
			"faces": {
				"north": {"uv": [10.258, 11.008, 10.492, 11.242], "texture": "#1"},
				"east": {"uv": [11.008, 10.258, 11.242, 10.492], "texture": "#1"},
				"south": {"uv": [10.508, 11.008, 10.742, 11.242], "texture": "#1"},
				"west": {"uv": [10.758, 11.008, 10.992, 11.242], "texture": "#1"},
				"up": {"uv": [11.242, 11.242, 11.008, 11.008], "texture": "#1"},
				"down": {"uv": [0.242, 11.258, 0.008, 11.492], "texture": "#1"}
			}
		},
		{
			"from": [3, 13, 9],
			"to": [13, 14, 11],
			"rotation": {"angle": 0, "axis": "y", "origin": [8, 8, 7.75]},
			"faces": {
				"north": {"uv": [9.008, 8.508, 11.492, 8.742], "texture": "#1"},
				"east": {"uv": [11.008, 0.758, 11.492, 0.992], "texture": "#1"},
				"south": {"uv": [9.008, 8.758, 11.492, 8.992], "texture": "#1"},
				"west": {"uv": [11.008, 2.258, 11.492, 2.492], "texture": "#1"},
				"up": {"uv": [11.492, 7.492, 9.008, 7.008], "texture": "#1"},
				"down": {"uv": [11.492, 7.508, 9.008, 7.992], "texture": "#1"}
			}
		},
		{
			"from": [4, 14, 9],
			"to": [12, 15, 10],
			"rotation": {"angle": 0, "axis": "y", "origin": [8, 8, 7.75]},
			"faces": {
				"north": {"uv": [9.258, 5.508, 11.242, 5.742], "texture": "#1"},
				"east": {"uv": [11.258, 0.008, 11.492, 0.242], "texture": "#1"},
				"south": {"uv": [9.258, 5.758, 11.242, 5.992], "texture": "#1"},
				"west": {"uv": [0.258, 11.258, 0.492, 11.492], "texture": "#1"},
				"up": {"uv": [11.242, 6.242, 9.258, 6.008], "texture": "#1"},
				"down": {"uv": [11.242, 6.258, 9.258, 6.492], "texture": "#1"}
			}
		},
		{
			"from": [2, 14, 4.025],
			"to": [3, 15, 8.025],
			"rotation": {"angle": 0, "axis": "y", "origin": [8, 8, 7.75]},
			"faces": {
				"north": {"uv": [11.258, 0.258, 11.492, 0.492], "texture": "#1"},
				"east": {"uv": [10.258, 0.008, 11.242, 0.242], "texture": "#1"},
				"south": {"uv": [0.508, 11.258, 0.742, 11.492], "texture": "#1"},
				"west": {"uv": [10.258, 0.258, 11.242, 0.492], "texture": "#1"},
				"up": {"uv": [10.492, 1.492, 10.258, 0.508], "texture": "#1"},
				"down": {"uv": [2.742, 10.258, 2.508, 11.242], "texture": "#1"}
			}
		},
		{
			"from": [3, 14, 5],
			"to": [13, 15, 9],
			"rotation": {"angle": 0, "axis": "y", "origin": [8, 8, 7.75]},
			"faces": {
				"north": {"uv": [9.008, 9.008, 11.492, 9.242], "texture": "#1"},
				"east": {"uv": [10.258, 1.508, 11.242, 1.742], "texture": "#1"},
				"south": {"uv": [9.258, 3.258, 11.742, 3.492], "texture": "#1"},
				"west": {"uv": [10.258, 1.758, 11.242, 1.992], "texture": "#1"},
				"up": {"uv": [9.742, 2.242, 7.258, 1.258], "texture": "#1"},
				"down": {"uv": [9.742, 2.258, 7.258, 3.242], "texture": "#1"}
			}
		},
		{
			"from": [4, 15, 6],
			"to": [12, 16, 9],
			"rotation": {"angle": 0, "axis": "y", "origin": [8, 8, 7.75]},
			"faces": {
				"north": {"uv": [9.008, 9.258, 10.992, 9.492], "texture": "#1"},
				"east": {"uv": [10.508, 1.258, 11.242, 1.492], "texture": "#1"},
				"south": {"uv": [4.008, 9.508, 5.992, 9.742], "texture": "#1"},
				"west": {"uv": [10.508, 3.508, 11.242, 3.742], "texture": "#1"},
				"up": {"uv": [9.242, 6.492, 7.258, 5.758], "texture": "#1"},
				"down": {"uv": [2.992, 8.008, 1.008, 8.742], "texture": "#1"}
			}
		},
		{
			"from": [13, 14, 4.025],
			"to": [14, 15, 8.025],
			"rotation": {"angle": 0, "axis": "y", "origin": [8, 8, 7.75]},
			"faces": {
				"north": {"uv": [0.758, 11.258, 0.992, 11.492], "texture": "#1"},
				"east": {"uv": [10.258, 2.008, 11.242, 2.242], "texture": "#1"},
				"south": {"uv": [1.008, 11.258, 1.242, 11.492], "texture": "#1"},
				"west": {"uv": [10.258, 2.758, 11.242, 2.992], "texture": "#1"},
				"up": {"uv": [2.992, 11.242, 2.758, 10.258], "texture": "#1"},
				"down": {"uv": [3.242, 10.258, 3.008, 11.242], "texture": "#1"}
			}
		},
		{
			"from": [2, 0, 4],
			"to": [14, 14, 9],
			"rotation": {"angle": 0, "axis": "y", "origin": [8, 8, 7.75]},
			"faces": {
				"north": {"uv": [0.008, 0.008, 2.992, 3.492], "texture": "#1"},
				"east": {"uv": [6.008, 0.008, 7.242, 3.492], "texture": "#1"},
				"south": {"uv": [3.008, 0.008, 5.992, 3.492], "texture": "#1"},
				"west": {"uv": [6.008, 3.508, 7.242, 6.992], "texture": "#1"},
				"up": {"uv": [2.992, 7.992, 0.008, 6.758], "texture": "#1"},
				"down": {"uv": [5.992, 6.758, 3.008, 7.992], "texture": "#1"}
			}
		},
		{
			"from": [2, 0.025, 9],
			"to": [14, 13.025, 11],
			"rotation": {"angle": 0, "axis": "y", "origin": [8, 8, 7.75]},
			"faces": {
				"north": {"uv": [0.008, 3.508, 2.992, 6.742], "texture": "#1"},
				"east": {"uv": [0.008, 8.008, 0.492, 11.242], "texture": "#1"},
				"south": {"uv": [3.008, 3.508, 5.992, 6.742], "texture": "#1"},
				"west": {"uv": [0.508, 8.008, 0.992, 11.242], "texture": "#1"},
				"up": {"uv": [10.242, 6.992, 7.258, 6.508], "texture": "#1"},
				"down": {"uv": [5.992, 8.008, 3.008, 8.492], "texture": "#1"}
			}
		},
		{
			"from": [2, 7, 11],
			"to": [14, 12, 12],
			"rotation": {"angle": 0, "axis": "y", "origin": [8, 8, 7.75]},
			"faces": {
				"north": {"uv": [6.008, 7.008, 8.992, 8.242], "texture": "#1"},
				"east": {"uv": [4.508, 9.758, 4.742, 10.992], "texture": "#1"},
				"south": {"uv": [7.258, 0.008, 10.242, 1.242], "texture": "#1"},
				"west": {"uv": [4.758, 9.758, 4.992, 10.992], "texture": "#1"},
				"up": {"uv": [11.992, 8.242, 9.008, 8.008], "texture": "#1"},
				"down": {"uv": [11.992, 8.258, 9.008, 8.492], "texture": "#1"}
			}
		},
		{
			"from": [4, 1, 11],
			"to": [12, 6, 12],
			"rotation": {"angle": 0, "axis": "y", "origin": [8, 8, 7.75]},
			"faces": {
				"north": {"uv": [7.258, 3.258, 9.242, 4.492], "texture": "#1"},
				"east": {"uv": [5.008, 9.758, 5.242, 10.992], "texture": "#1"},
				"south": {"uv": [7.258, 4.508, 9.242, 5.742], "texture": "#1"},
				"west": {"uv": [5.258, 9.758, 5.492, 10.992], "texture": "#1"},
				"up": {"uv": [7.992, 9.742, 6.008, 9.508], "texture": "#1"},
				"down": {"uv": [9.992, 9.508, 8.008, 9.742], "texture": "#1"}
			}
		},
		{
			"from": [2, 1, 11],
			"to": [4, 5, 12],
			"rotation": {"angle": 0, "axis": "y", "origin": [8, 8, 7.75]},
			"faces": {
				"north": {"uv": [1.008, 9.758, 1.492, 10.742], "texture": "#1"},
				"east": {"uv": [3.258, 10.258, 3.492, 11.242], "texture": "#1"},
				"south": {"uv": [9.758, 1.258, 10.242, 2.242], "texture": "#1"},
				"west": {"uv": [10.258, 3.508, 10.492, 4.492], "texture": "#1"},
				"up": {"uv": [11.492, 2.742, 11.008, 2.508], "texture": "#1"},
				"down": {"uv": [3.992, 11.008, 3.508, 11.242], "texture": "#1"}
			}
		},
		{
			"from": [12, 1, 11],
			"to": [14, 5, 12],
			"rotation": {"angle": 0, "axis": "y", "origin": [8, 8, 7.75]},
			"faces": {
				"north": {"uv": [1.508, 9.758, 1.992, 10.742], "texture": "#1"},
				"east": {"uv": [10.258, 4.508, 10.492, 5.492], "texture": "#1"},
				"south": {"uv": [2.008, 9.758, 2.492, 10.742], "texture": "#1"},
				"west": {"uv": [5.508, 10.258, 5.742, 11.242], "texture": "#1"},
				"up": {"uv": [11.492, 3.992, 11.008, 3.758], "texture": "#1"},
				"down": {"uv": [4.492, 11.008, 4.008, 11.242], "texture": "#1"}
			}
		},
		{
			"from": [6, 1, 12],
			"to": [10, 3, 13],
			"rotation": {"angle": 0, "axis": "y", "origin": [8, 8, 7.75]},
			"faces": {
				"north": {"uv": [9.758, 2.258, 10.742, 2.742], "texture": "#1"},
				"east": {"uv": [7.008, 10.758, 7.242, 11.242], "texture": "#1"},
				"south": {"uv": [2.508, 9.758, 3.492, 10.242], "texture": "#1"},
				"west": {"uv": [11.008, 4.008, 11.242, 4.492], "texture": "#1"},
				"up": {"uv": [11.242, 3.242, 10.258, 3.008], "texture": "#1"},
				"down": {"uv": [6.742, 10.258, 5.758, 10.492], "texture": "#1"}
			}
		}
	],
	"gui_light": "front",
	"display": {
		"thirdperson_righthand": {
			"rotation": [65, 0, 0],
			"translation": [-1, 1.75, 5],
			"scale": [0.7, 0.7, 0.7]
		},
		"thirdperson_lefthand": {
			"rotation": [65, 0, 0],
			"translation": [-1.25, 1.25, 5.25],
			"scale": [0.7, 0.7, 0.7]
		},
		"firstperson_righthand": {
			"rotation": [0, 180, 0],
			"translation": [-8.75, -2, -9]
		},
		"firstperson_lefthand": {
			"rotation": [0, 132, 0],
			"translation": [6.75, -2, -9]
		},
		"ground": {
			"translation": [0, 3.75, 0],
			"scale": [0.7, 0.7, 0.7]
		},
		"gui": {
			"rotation": [19, 152, 0],
			"translation": [-0.5, 0.5, 0],
			"scale": [0.75, 0.75, 0.75]
		},
		"head": {
			"translation": [0, 14.25, 0]
		},
		"fixed": {
			"rotation": [-90, 0, 0],
			"translation": [0, 0, -20.5],
			"scale": [2.5, 2.5, 2.5]
		}
	},
	"groups": [
		{
			"name": "penguin_plushable",
			"origin": [8, 8, 8],
			"color": 0,
			"children": [
				0,
				{
					"name": "eye_right",
					"origin": [0, 0, 0],
					"color": 0,
					"children": [1, 2, 3]
				},
				{
					"name": "eye_left",
					"origin": [0, 0, 0],
					"color": 0,
					"children": [4, 5, 6]
				},
				{
					"name": "wing_left",
					"origin": [0, 0, 0],
					"color": 0,
					"children": [7, 8, 9, 10]
				},
				{
					"name": "wing_right",
					"origin": [0, 0, 0],
					"color": 0,
					"children": [11, 12, 13, 14]
				},
				{
					"name": "foot_left",
					"origin": [8, 8, 8],
					"color": 0,
					"children": [15, 16]
				},
				{
					"name": "foot_right",
					"origin": [8, 8, 8],
					"color": 0,
					"children": [17, 18]
				},
				{
					"name": "body",
					"origin": [0, 0, 0],
					"color": 0,
					"children": [19, 20, 21, 22, 23, 24, 25, 26, 27, 28, 29, 30, 31]
				}
			]
		}
	]
}