{
	"credit": "Made with Blockbench",
	"textures": {
		"1": "item/raptor_texture",
		"particle": "item/block/blank"
	},
	"elements": [
		{
			"name": "LLeg",
			"from": [5.77, 0.25, 8.6],
			"to": [6.52, 2.25, 9.35],
			"rotation": {"angle": 0, "axis": "y", "origin": [6, 2.25, 8.75]},
			"faces": {
				"north": {"uv": [8.75, 13.5, 9.25, 14.75], "texture": "#1"},
				"east": {"uv": [5.25, 11.5, 5.75, 12.75], "texture": "#1"},
				"south": {"uv": [11.5, 10, 12, 11.25], "texture": "#1"},
				"west": {"uv": [5.25, 10.25, 5.75, 11.5], "texture": "#1"},
				"up": {"uv": [16, 3.75, 15.5, 3.25], "rotation": 180, "texture": "#1"},
				"down": {"uv": [16, 3.75, 15.5, 4.25], "rotation": 180, "texture": "#1"}
			}
		},
		{
			"name": "LFoot",
			"from": [5.75, 0, 7.25],
			"to": [6.5, 0.75, 8.75],
			"rotation": {"angle": 0, "axis": "y", "origin": [6, 1.25, 10]},
			"faces": {
				"north": {"uv": [12.5, 4.5, 14, 5.5], "texture": "#1"},
				"east": {"uv": [1.5, 14, 0, 15.5], "texture": "#1"},
				"south": {"uv": [14.75, 3.75, 15.25, 4.25], "texture": "#1"},
				"west": {"uv": [0, 14, 1.5, 15.5], "texture": "#1"},
				"up": {"uv": [16, 3, 14.5, 0.5], "rotation": 180, "texture": "#1"},
				"down": {"uv": [15.25, 6, 14.75, 7], "rotation": 180, "texture": "#1"}
			}
		},
		{
			"name": "LThight",
			"from": [5.75, 1.75, 7],
			"to": [6.5, 4, 9.25],
			"rotation": {"angle": 0, "axis": "y", "origin": [6, 3.25, 8.5]},
			"faces": {
				"north": {"uv": [1.5, 13, 2, 14.5], "texture": "#1"},
				"east": {"uv": [11, 4, 12.5, 5.5], "texture": "#1"},
				"south": {"uv": [13.5, 0, 14, 1.5], "texture": "#1"},
				"west": {"uv": [11, 2, 12.5, 3.5], "texture": "#1"},
				"up": {"uv": [2.5, 14.5, 2, 13], "rotation": 180, "texture": "#1"},
				"down": {"uv": [14, 1.5, 13.5, 3], "rotation": 180, "texture": "#1"}
			}
		},
		{
			"name": "LLeg",
			"from": [9.98, 0.25, 8.6],
			"to": [10.73, 2.25, 9.35],
			"rotation": {"angle": 0, "axis": "y", "origin": [10.5, 2.25, 8.75]},
			"faces": {
				"north": {"uv": [9.25, 13.5, 8.75, 14.75], "texture": "#1"},
				"east": {"uv": [5.75, 10.25, 5.25, 11.5], "texture": "#1"},
				"south": {"uv": [12, 10, 11.5, 11.25], "texture": "#1"},
				"west": {"uv": [5.75, 11.5, 5.25, 12.75], "texture": "#1"},
				"up": {"uv": [15.5, 3.75, 16, 3.25], "rotation": 180, "texture": "#1"},
				"down": {"uv": [15.5, 3.75, 16, 4.25], "rotation": 180, "texture": "#1"}
			}
		},
		{
			"name": "LFoot",
			"from": [10, 0, 7.25],
			"to": [10.75, 0.75, 8.75],
			"rotation": {"angle": 0, "axis": "y", "origin": [10.5, 1.25, 10]},
			"faces": {
				"north": {"uv": [14, 4.5, 12.5, 5.5], "texture": "#1"},
				"east": {"uv": [1.5, 14, 0, 15.5], "texture": "#1"},
				"south": {"uv": [15.25, 3.75, 14.75, 4.25], "texture": "#1"},
				"west": {"uv": [0, 14, 1.5, 15.5], "texture": "#1"},
				"up": {"uv": [14.5, 3, 16, 0.5], "rotation": 180, "texture": "#1"},
				"down": {"uv": [14.75, 6, 15.25, 7], "rotation": 180, "texture": "#1"}
			}
		},
		{
			"name": "LClawUpper",
			"from": [9.98, 1, 7.75],
			"to": [10.23, 1.25, 8.5],
			"rotation": {"angle": 22.5, "axis": "x", "origin": [10, 1.25, 8.25]},
			"faces": {
				"north": {"uv": [14.5, 3, 14.25, 3.25], "texture": "#1"},
				"east": {"uv": [2, 14.5, 1.5, 14.75], "texture": "#1"},
				"south": {"uv": [9, 12, 8.75, 12.25], "texture": "#1"},
				"west": {"uv": [12, 4.5, 11.5, 4.75], "texture": "#1"},
				"up": {"uv": [3.25, 13.5, 3.5, 13], "rotation": 180, "texture": "#1"},
				"down": {"uv": [15.25, 5, 15.5, 5.5], "rotation": 180, "texture": "#1"}
			}
		},
		{
			"name": "LClawLower",
			"from": [10.03, 0.5, 8.25],
			"to": [10.28, 1, 8.5],
			"rotation": {"angle": -22.5, "axis": "x", "origin": [10, 0.75, 8.25]},
			"faces": {
				"north": {"uv": [3.25, 13.5, 3, 14], "texture": "#1"},
				"east": {"uv": [15.5, 3, 15.25, 3.5], "texture": "#1"},
				"south": {"uv": [3.25, 15, 3, 15.5], "texture": "#1"},
				"west": {"uv": [15.5, 4, 15.25, 4.5], "texture": "#1"},
				"up": {"uv": [9, 12.25, 9.25, 12], "rotation": 180, "texture": "#1"},
				"down": {"uv": [14.5, 3, 14.75, 3.25], "rotation": 180, "texture": "#1"}
			}
		},
		{
			"name": "LClawLower",
			"from": [6.23, 0.5, 8.25],
			"to": [6.48, 1, 8.5],
			"rotation": {"angle": -22.5, "axis": "x", "origin": [6.23, 0.75, 8.25]},
			"faces": {
				"north": {"uv": [3.25, 13.5, 3, 14], "texture": "#1"},
				"east": {"uv": [15.5, 3, 15.25, 3.5], "texture": "#1"},
				"south": {"uv": [3.25, 15, 3, 15.5], "texture": "#1"},
				"west": {"uv": [15.5, 4, 15.25, 4.5], "texture": "#1"},
				"up": {"uv": [9, 12.25, 9.25, 12], "rotation": 180, "texture": "#1"},
				"down": {"uv": [14.5, 3, 14.75, 3.25], "rotation": 180, "texture": "#1"}
			}
		},
		{
			"name": "LClawUpper",
			"from": [6.25, 1, 7.75],
			"to": [6.5, 1.25, 8.5],
			"rotation": {"angle": 22.5, "axis": "x", "origin": [6.23, 1.25, 8.25]},
			"faces": {
				"north": {"uv": [14.5, 3, 14.25, 3.25], "texture": "#1"},
				"east": {"uv": [2, 14.5, 1.5, 14.75], "texture": "#1"},
				"south": {"uv": [9, 12, 8.75, 12.25], "texture": "#1"},
				"west": {"uv": [12, 4.5, 11.5, 4.75], "texture": "#1"},
				"up": {"uv": [3.25, 13.5, 3.5, 13], "rotation": 180, "texture": "#1"},
				"down": {"uv": [15.25, 5, 15.5, 5.5], "rotation": 180, "texture": "#1"}
			}
		},
		{
			"name": "LThight",
			"from": [10, 1.75, 7],
			"to": [11, 4, 9.25],
			"rotation": {"angle": 0, "axis": "y", "origin": [10.5, 3.25, 8.5]},
			"faces": {
				"north": {"uv": [2, 13, 1.5, 14.5], "texture": "#1"},
				"east": {"uv": [12.5, 2, 11, 3.5], "texture": "#1"},
				"south": {"uv": [14, 0, 13.5, 1.5], "texture": "#1"},
				"west": {"uv": [12.5, 4, 11, 5.5], "texture": "#1"},
				"up": {"uv": [2, 14.5, 2.5, 13], "rotation": 180, "texture": "#1"},
				"down": {"uv": [13.5, 1.5, 14, 3], "rotation": 180, "texture": "#1"}
			}
		},
		{
			"name": "LArmUpper",
			"from": [5.75, 4.25, 4.25],
			"to": [6.5, 6.5, 5.25],
			"rotation": {"angle": 22.5, "axis": "x", "origin": [6, 5.25, 4.5]},
			"faces": {
				"north": {"uv": [15, 13, 15.5, 14.5], "texture": "#1"},
				"east": {"uv": [7.5, 13.5, 8.25, 15], "texture": "#1"},
				"south": {"uv": [8.25, 13.5, 8.75, 15], "texture": "#1"},
				"west": {"uv": [6.5, 13.5, 7.25, 15], "texture": "#1"},
				"up": {"uv": [3, 14.5, 2.5, 13.75], "rotation": 180, "texture": "#1"},
				"down": {"uv": [3.75, 15, 3.25, 15.75], "rotation": 180, "texture": "#1"}
			}
		},
		{
			"name": "LArmLower",
			"from": [5.78, 3.5, 2.75],
			"to": [6.53, 4.5, 5],
			"rotation": {"angle": -22.5, "axis": "x", "origin": [6, 3.5, 4]},
			"faces": {
				"north": {"uv": [13.25, 3.75, 14.25, 4.25], "texture": "#1"},
				"east": {"uv": [0, 13.5, 1.5, 14], "texture": "#1"},
				"south": {"uv": [15.5, 4.25, 16, 4.75], "texture": "#1"},
				"west": {"uv": [14, 12.5, 15.5, 13], "texture": "#1"},
				"up": {"uv": [14.5, 1.5, 14, 0], "rotation": 180, "texture": "#1"},
				"down": {"uv": [14.5, 1.5, 14, 3], "rotation": 180, "texture": "#1"}
			}
		},
		{
			"name": "LHand",
			"from": [5.78, 3, 2.75],
			"to": [6.53, 3.5, 3],
			"rotation": {"angle": -22.5, "axis": "x", "origin": [6, 3.5, 4]},
			"faces": {
				"north": {"uv": [13.75, 7.25, 14.75, 7.75], "texture": "#1"},
				"east": {"uv": [13.25, 9.5, 13.75, 10.5], "texture": "#1"},
				"south": {"uv": [12.75, 7.25, 13.75, 7.75], "texture": "#1"},
				"west": {"uv": [13.75, 9.5, 14.25, 10.5], "texture": "#1"},
				"up": {"uv": [3, 13.75, 2.5, 13.5], "rotation": 180, "texture": "#1"},
				"down": {"uv": [14.25, 4.25, 13.25, 4.5], "rotation": 180, "texture": "#1"}
			}
		},
		{
			"name": "LArmUpper",
			"from": [10, 4.25, 4.25],
			"to": [10.75, 6.5, 5.25],
			"rotation": {"angle": 22.5, "axis": "x", "origin": [10.5, 5.25, 4.5]},
			"faces": {
				"north": {"uv": [15.5, 13, 15, 14.5], "texture": "#1"},
				"east": {"uv": [7.25, 13.5, 6.5, 15], "texture": "#1"},
				"south": {"uv": [8.75, 13.5, 8.25, 15], "texture": "#1"},
				"west": {"uv": [8.25, 13.5, 7.5, 15], "texture": "#1"},
				"up": {"uv": [2.5, 14.5, 3, 13.75], "rotation": 180, "texture": "#1"},
				"down": {"uv": [3.25, 15, 3.75, 15.75], "rotation": 180, "texture": "#1"}
			}
		},
		{
			"name": "LArmLower",
			"from": [9.98, 3.5, 2.75],
			"to": [10.73, 4.5, 5],
			"rotation": {"angle": -22.5, "axis": "x", "origin": [10.5, 3.5, 4]},
			"faces": {
				"north": {"uv": [14.25, 3.75, 13.25, 4.25], "texture": "#1"},
				"east": {"uv": [15.5, 12.5, 14, 13], "texture": "#1"},
				"south": {"uv": [16, 4.25, 15.5, 4.75], "texture": "#1"},
				"west": {"uv": [1.5, 13.5, 0, 14], "texture": "#1"},
				"up": {"uv": [14, 1.5, 14.5, 0], "rotation": 180, "texture": "#1"},
				"down": {"uv": [14, 1.5, 14.5, 3], "rotation": 180, "texture": "#1"}
			}
		},
		{
			"name": "LHand",
			"from": [9.98, 3, 2.75],
			"to": [10.73, 3.5, 3],
			"rotation": {"angle": -22.5, "axis": "x", "origin": [10.5, 3.5, 4]},
			"faces": {
				"north": {"uv": [14.75, 7.25, 13.75, 7.75], "texture": "#1"},
				"east": {"uv": [14.25, 9.5, 13.75, 10.5], "texture": "#1"},
				"south": {"uv": [13.75, 7.25, 12.75, 7.75], "texture": "#1"},
				"west": {"uv": [13.75, 9.5, 13.25, 10.5], "texture": "#1"},
				"up": {"uv": [2.5, 13.75, 3, 13.5], "rotation": 180, "texture": "#1"},
				"down": {"uv": [13.25, 4.25, 14.25, 4.5], "rotation": 180, "texture": "#1"}
			}
		},
		{
			"name": "Tail2",
			"from": [7.75, 1.75, 13],
			"to": [8.75, 2.5, 16.75],
			"rotation": {"angle": 0, "axis": "y", "origin": [8.25, 2.5, 15]},
			"faces": {
				"north": {"uv": [13.5, 3, 14.25, 3.5], "texture": "#1"},
				"east": {"uv": [11.5, 8.75, 14, 9.5], "texture": "#1"},
				"south": {"uv": [2.5, 13, 3.25, 13.5], "texture": "#1"},
				"west": {"uv": [11.5, 8, 14, 8.75], "texture": "#1"},
				"up": {"uv": [12.75, 8, 12, 5.5], "rotation": 180, "texture": "#1"},
				"down": {"uv": [13.25, 2, 12.5, 4.5], "rotation": 180, "texture": "#1"}
			}
		},
		{
			"name": "BodyMain",
			"from": [6.5, 1.5, 4.5],
			"to": [10.25, 7, 8.25],
			"rotation": {"angle": -45, "axis": "x", "origin": [8.25, 6, 6.25]},
			"faces": {
				"north": {"uv": [0, 3.75, 2.5, 7.5], "texture": "#1"},
				"east": {"uv": [2.5, 3.75, 5, 7.5], "texture": "#1"},
				"south": {"uv": [0, 0, 2.5, 3.75], "texture": "#1"},
				"west": {"uv": [2.5, 0, 5, 3.75], "texture": "#1"},
				"up": {"uv": [10.5, 5.25, 8, 2.75], "rotation": 180, "texture": "#1"},
				"down": {"uv": [8.5, 9, 6, 11.5], "rotation": 180, "texture": "#1"}
			}
		},
		{
			"name": "Neck",
			"from": [6.75, 5.5, 5.5],
			"to": [9.75, 10, 7.5],
			"rotation": {"angle": -22.5, "axis": "x", "origin": [8.25, 6, 4]},
			"faces": {
				"north": {"uv": [10.25, 6, 12, 8], "texture": "#1"},
				"east": {"uv": [7.25, 11.5, 8.75, 13.5], "texture": "#1"},
				"south": {"uv": [3.5, 10.25, 5.25, 12.25], "texture": "#1"},
				"west": {"uv": [5.75, 11.5, 7.25, 13.5], "texture": "#1"},
				"up": {"uv": [5, 13.5, 3.5, 12.25], "rotation": 180, "texture": "#1"},
				"down": {"uv": [14.25, 6, 12.75, 7.25], "rotation": 180, "texture": "#1"}
			}
		},
		{
			"name": "Tail1",
			"from": [7.25, 1.25, 9.25],
			"to": [9.25, 3, 13],
			"rotation": {"angle": 22.5, "axis": "x", "origin": [8.25, 1.5, 13]},
			"faces": {
				"north": {"uv": [14, 5, 15.25, 6], "texture": "#1"},
				"east": {"uv": [11, 1, 13.5, 2], "texture": "#1"},
				"south": {"uv": [12, 10, 13.25, 11], "texture": "#1"},
				"west": {"uv": [11, 0, 13.5, 1], "texture": "#1"},
				"up": {"uv": [10.25, 8.5, 9, 6], "rotation": 180, "texture": "#1"},
				"down": {"uv": [9.75, 9, 8.5, 11.5], "rotation": 180, "texture": "#1"}
			}
		},
		{
			"name": "SnoutUpper",
			"from": [6.75, 9.5, -1],
			"to": [9.5, 11.25, 1.25],
			"rotation": {"angle": 0, "axis": "y", "origin": [19.25, 19.25, 16.5]},
			"faces": {
				"north": {"uv": [1.75, 11.75, 3.5, 13], "texture": "#1"},
				"east": {"uv": [5, 13.5, 6.5, 14.75], "texture": "#1"},
				"south": {"uv": [0, 11.75, 1.75, 13], "texture": "#1"},
				"west": {"uv": [3.5, 13.5, 5, 14.75], "texture": "#1"},
				"up": {"uv": [11.5, 10, 9.75, 8.5], "rotation": 180, "texture": "#1"},
				"down": {"uv": [11.5, 10, 9.75, 11.5], "rotation": 180, "texture": "#1"}
			}
		},
		{
			"name": "Head",
			"from": [6, 7.75, 1.25],
			"to": [10.5, 11.75, 5.5],
			"rotation": {"angle": 0, "axis": "y", "origin": [8, 9.25, -1]},
			"faces": {
				"north": {"uv": [3, 7.5, 6, 10.25], "texture": "#1"},
				"east": {"uv": [8, 0, 11, 2.75], "texture": "#1"},
				"south": {"uv": [6, 6, 9, 8.75], "texture": "#1"},
				"west": {"uv": [0, 7.5, 3, 10.25], "texture": "#1"},
				"up": {"uv": [8, 3, 5, 0], "rotation": 180, "texture": "#1"},
				"down": {"uv": [8, 3, 5, 6], "rotation": 180, "texture": "#1"}
			}
		},
		{
			"name": "Jaw",
			"from": [7, 8.25, -0.75],
			"to": [9.25, 9, 1.25],
			"rotation": {"angle": -22.5, "axis": "x", "origin": [8, 9.25, -0.75]},
			"faces": {
				"north": {"uv": [8.75, 11.5, 10.5, 12], "texture": "#1"},
				"east": {"uv": [14.5, 0, 16, 0.5], "texture": "#1"},
				"south": {"uv": [11.5, 9.5, 13.25, 10], "texture": "#1"},
				"west": {"uv": [0, 13, 1.5, 13.5], "texture": "#1"},
				"up": {"uv": [1.75, 11.75, 0, 10.25], "rotation": 180, "texture": "#1"},
				"down": {"uv": [3.5, 10.25, 1.75, 11.75], "rotation": 180, "texture": "#1"}
			}
		},
		{
			"from": [6.75, 9.25, -1],
			"to": [9.5, 9.5, 1.25],
			"rotation": {"angle": 0, "axis": "y", "origin": [0.5, 0, -3]},
			"faces": {
				"north": {"uv": [0, 15.75, 1.75, 16], "texture": "#1"},
				"east": {"uv": [0, 15.5, 1.5, 15.75], "texture": "#1"},
				"south": {"uv": [1.5, 15.5, 3.25, 15.75], "texture": "#1"},
				"west": {"uv": [1.75, 15.75, 3.25, 16], "texture": "#1"}
			}
		},
		{
			"from": [7, 9.3, -0.75],
			"to": [9.25, 9.8, 1.25],
			"rotation": {"angle": -22.5, "axis": "x", "origin": [8.25, 9.3, 0]},
			"faces": {
				"north": {"uv": [1.5, 14.75, 3.25, 15], "texture": "#1"},
				"east": {"uv": [1.5, 15.25, 3, 15.5], "texture": "#1"},
				"south": {"uv": [13.25, 3.5, 15, 3.75], "texture": "#1"},
				"west": {"uv": [1.5, 15, 3, 15.25], "texture": "#1"}
			}
		}
	],
	"display": {
		"thirdperson_righthand": {
			"rotation": [57.75, 0, 0],
			"translation": [-0.5, 5.25, 6.25],
			"scale": [1.2, 1.2, 1.2]
		},
		"thirdperson_lefthand": {
			"rotation": [57.75, 0, 0],
			"translation": [0, 4, 6],
			"scale": [1.2, 1.2, 1.2]
		},
		"firstperson_righthand": {
			"rotation": [-19, 128, 0],
			"translation": [-1, 3, 1],
			"scale": [0.8, 0.8, 0.8]
		},
		"firstperson_lefthand": {
			"rotation": [-20, 122, 0],
			"translation": [2.5, 3.25, 0.25],
			"scale": [0.7, 0.7, 0.7]
		},
		"ground": {
			"translation": [0, 3, 0],
			"scale": [0.8, 0.8, 0.8]
		},
		"gui": {
			"rotation": [19, 129, 0],
			"translation": [1, 3, 0],
			"scale": [1.25, 1.25, 1.25]
		},
		"head": {
			"translation": [0, 14, -0.75]
		},
		"fixed": {
			"rotation": [-90, 0, 0],
			"translation": [-0.25, -2.75, -20],
			"scale": [2.5, 2.5, 2.5]
		}
	},
	"groups": [
		{
			"name": "LLeg",
			"origin": [9.75, 2.38735, 6.80197],
			"color": 0,
			"children": [0, 1, 2]
		},
		{
			"name": "LLeg",
			"origin": [9.75, 2.38735, 6.80197],
			"color": 0,
			"children": [3, 4, 5, 6, 7, 8, 9]
		},
		{
			"name": "LArm",
			"origin": [9.7, 2.56347, 9.75897],
			"color": 0,
			"children": [10, 11, 12]
		},
		{
			"name": "LArm",
			"origin": [9.7, 2.56347, 9.75897],
			"color": 0,
			"children": [13, 14, 15]
		},
		{
			"name": "group",
			"origin": [5.25, 0.925, 10.825],
			"color": 0,
			"children": [16, 17, 18, 19]
		},
		{
			"name": "Head",
			"origin": [8.4, 6.5481, 11.60876],
			"color": 0,
			"children": [
				20,
				21,
				22,
				{
					"name": "Teeth",
					"origin": [8.4, 6.5481, 11.60876],
					"color": 0,
					"children": [23, 24]
				}
			]
		}
	]
}