{
	"credit": "Made with Blockbench",
	"texture_size": [32, 32],
	"textures": {
		"0": "item/rattiam_texture",
		"particle": "item/block/blank"
	},
	"elements": [
		{
			"name": "RHand",
			"from": [10.1, 5.25, 2.2],
			"to": [10.9, 6.25, 4.2],
			"rotation": {"angle": -22.5, "axis": "x", "origin": [10, 5.5, 3.2]},
			"faces": {
				"north": {"uv": [13.5, 8, 14, 8.5], "texture": "#0"},
				"east": {"uv": [4, 7, 5, 7.5], "texture": "#0"},
				"south": {"uv": [8.5, 13.5, 9, 14], "texture": "#0"},
				"west": {"uv": [2.5, 8.5, 3.5, 9], "texture": "#0"},
				"up": {"uv": [1.5, 13.5, 1, 12.5], "texture": "#0"},
				"down": {"uv": [13, 1, 12.5, 2], "texture": "#0"}
			}
		},
		{
			"name": "LArm",
			"from": [5, 6, 3.25],
			"to": [6, 8, 5.25],
			"rotation": {"angle": -45, "axis": "x", "origin": [5.5, 7, 4.25]},
			"faces": {
				"north": {"uv": [12.5, 2, 13, 3], "texture": "#0"},
				"east": {"uv": [11.5, 2, 12.5, 3], "texture": "#0"},
				"south": {"uv": [2.5, 12.5, 3, 13.5], "texture": "#0"},
				"west": {"uv": [3, 11.5, 4, 12.5], "texture": "#0"},
				"up": {"uv": [3.5, 13.5, 3, 12.5], "texture": "#0"},
				"down": {"uv": [13, 3, 12.5, 4], "texture": "#0"}
			}
		},
		{
			"name": "LHand",
			"from": [5.1, 5.25, 2.2],
			"to": [5.9, 6.25, 4.2],
			"rotation": {"angle": -22.5, "axis": "x", "origin": [5, 5.5, 3.2]},
			"faces": {
				"north": {"uv": [13.5, 8.5, 14, 9], "texture": "#0"},
				"east": {"uv": [1.5, 10, 2.5, 10.5], "texture": "#0"},
				"south": {"uv": [9, 13.5, 9.5, 14], "texture": "#0"},
				"west": {"uv": [11.5, 7.5, 12.5, 8], "texture": "#0"},
				"up": {"uv": [2, 13.5, 1.5, 12.5], "texture": "#0"},
				"down": {"uv": [2.5, 12.5, 2, 13.5], "texture": "#0"}
			}
		},
		{
			"name": "LLeg",
			"from": [5, 1, 6.25],
			"to": [6, 4, 9.25],
			"rotation": {"angle": 0, "axis": "y", "origin": [-0.5, 0, 2.25]},
			"faces": {
				"north": {"uv": [4, 11.5, 4.5, 13], "texture": "#0"},
				"east": {"uv": [9, 8, 10.5, 9.5], "texture": "#0"},
				"south": {"uv": [6, 11.5, 6.5, 13], "texture": "#0"},
				"west": {"uv": [9.5, 0, 11, 1.5], "texture": "#0"},
				"up": {"uv": [12, 7.5, 11.5, 6], "texture": "#0"},
				"down": {"uv": [12.5, 3, 12, 4.5], "texture": "#0"}
			}
		},
		{
			"name": "LLegInner",
			"from": [6, 1, 6.25],
			"to": [7, 3, 9.25],
			"rotation": {"angle": 0, "axis": "y", "origin": [-0.5, 0, 2.25]},
			"faces": {
				"north": {"uv": [12, 10.5, 12.5, 11.5], "texture": "#0"},
				"east": {"uv": [10, 6, 11.5, 7], "texture": "#0"},
				"south": {"uv": [11, 12, 11.5, 13], "texture": "#0"},
				"west": {"uv": [6.5, 10, 8, 11], "texture": "#0"},
				"up": {"uv": [12.5, 10.5, 12, 9], "texture": "#0"},
				"down": {"uv": [10, 12, 9.5, 13.5], "texture": "#0"}
			}
		},
		{
			"name": "RLegInner",
			"from": [9, 1, 6.25],
			"to": [10, 3, 9.25],
			"rotation": {"angle": 0, "axis": "y", "origin": [-0.5, 0, 2.25]},
			"faces": {
				"north": {"uv": [10, 12, 10.5, 13], "texture": "#0"},
				"east": {"uv": [9.5, 3, 11, 4], "texture": "#0"},
				"south": {"uv": [10.5, 12, 11, 13], "texture": "#0"},
				"west": {"uv": [10, 5, 11.5, 6], "texture": "#0"},
				"up": {"uv": [9, 13.5, 8.5, 12], "texture": "#0"},
				"down": {"uv": [9.5, 12, 9, 13.5], "texture": "#0"}
			}
		},
		{
			"name": "RLeg",
			"from": [10, 1, 6.25],
			"to": [11, 4, 9.25],
			"rotation": {"angle": 0, "axis": "y", "origin": [-0.5, 0, 2.25]},
			"faces": {
				"north": {"uv": [12, 6, 12.5, 7.5], "texture": "#0"},
				"east": {"uv": [9.5, 1.5, 11, 3], "texture": "#0"},
				"south": {"uv": [7, 12, 7.5, 13.5], "texture": "#0"},
				"west": {"uv": [9, 9.5, 10.5, 11], "texture": "#0"},
				"up": {"uv": [8, 13.5, 7.5, 12], "texture": "#0"},
				"down": {"uv": [8.5, 12, 8, 13.5], "texture": "#0"}
			}
		},
		{
			"name": "RFoot",
			"from": [9.5, 0, 4.25],
			"to": [10.5, 1, 8.25],
			"rotation": {"angle": 0, "axis": "y", "origin": [-0.5, 0, 2.25]},
			"faces": {
				"north": {"uv": [3.5, 8.5, 4, 9], "texture": "#0"},
				"east": {"uv": [10.5, 8, 12.5, 8.5], "texture": "#0"},
				"south": {"uv": [12, 4.5, 12.5, 5], "texture": "#0"},
				"west": {"uv": [10.5, 8.5, 12.5, 9], "texture": "#0"},
				"up": {"uv": [5, 12.5, 4.5, 10.5], "texture": "#0"},
				"down": {"uv": [11, 9, 10.5, 11], "texture": "#0"}
			}
		},
		{
			"name": "LFoot",
			"from": [5.5, 0, 4.25],
			"to": [6.5, 1, 8.25],
			"rotation": {"angle": 0, "axis": "y", "origin": [-0.5, 0, 2.25]},
			"faces": {
				"north": {"uv": [6, 13, 6.5, 13.5], "texture": "#0"},
				"east": {"uv": [11, 0, 13, 0.5], "texture": "#0"},
				"south": {"uv": [13, 6, 13.5, 6.5], "texture": "#0"},
				"west": {"uv": [11, 0.5, 13, 1], "texture": "#0"},
				"up": {"uv": [11.5, 3, 11, 1], "texture": "#0"},
				"down": {"uv": [7, 11, 6.5, 13], "texture": "#0"}
			}
		},
		{
			"name": "RAarm",
			"from": [10, 6, 3.25],
			"to": [11, 8, 5.25],
			"rotation": {"angle": -45, "axis": "x", "origin": [10.5, 7, 4.25]},
			"faces": {
				"north": {"uv": [11.5, 12, 12, 13], "texture": "#0"},
				"east": {"uv": [11.5, 1, 12.5, 2], "texture": "#0"},
				"south": {"uv": [12, 11.5, 12.5, 12.5], "texture": "#0"},
				"west": {"uv": [2, 11.5, 3, 12.5], "texture": "#0"},
				"up": {"uv": [0.5, 13.5, 0, 12.5], "texture": "#0"},
				"down": {"uv": [1, 12.5, 0.5, 13.5], "texture": "#0"}
			}
		},
		{
			"name": "RAarm",
			"from": [10.25, 6.75, 2.5],
			"to": [11.25, 7.75, 3.5],
			"rotation": {"angle": -45, "axis": "x", "origin": [11, 8.75, 3.75]},
			"faces": {
				"north": {"uv": [14, 13.5, 14.5, 16], "texture": "#0"},
				"east": {"uv": [14, 13.5, 14.5, 16], "texture": "#0"},
				"south": {"uv": [14, 13.5, 14.5, 16], "texture": "#0"},
				"west": {"uv": [2, 11.5, 3, 12.5], "texture": "#0"},
				"up": {"uv": [12, 15.5, 14.5, 16], "texture": "#0"},
				"down": {"uv": [12.5, 15.5, 12, 16], "texture": "#0"}
			}
		},
		{
			"name": "Tail1",
			"from": [7, 2.07, 5.8],
			"to": [9, 4.07, 11.8],
			"rotation": {"angle": 22.5, "axis": "x", "origin": [8, 3.06985, 8.82151]},
			"faces": {
				"north": {"uv": [4, 6, 5, 7], "texture": "#0"},
				"east": {"uv": [7.5, 4, 10.5, 5], "texture": "#0"},
				"south": {"uv": [11, 3, 12, 4], "texture": "#0"},
				"west": {"uv": [5, 9, 8, 10], "texture": "#0"},
				"up": {"uv": [10, 8, 9, 5], "texture": "#0"},
				"down": {"uv": [9, 9, 8, 12], "texture": "#0"}
			}
		},
		{
			"name": "Tail2",
			"from": [7.35, 0.36, 11.34],
			"to": [8.6, 1.86, 13.34],
			"rotation": {"angle": 22.5, "axis": "x", "origin": [7.875, 1.15643, 13.4409]},
			"faces": {
				"north": {"uv": [3.5, 12.5, 4, 13.5], "texture": "#0"},
				"east": {"uv": [5, 11.5, 6, 12.5], "texture": "#0"},
				"south": {"uv": [12.5, 4, 13, 5], "texture": "#0"},
				"west": {"uv": [11.5, 5, 12.5, 6], "texture": "#0"},
				"up": {"uv": [5, 13.5, 4.5, 12.5], "texture": "#0"},
				"down": {"uv": [5.5, 12.5, 5, 13.5], "texture": "#0"}
			}
		},
		{
			"name": "Tail3",
			"from": [7.5, 0.66, 13],
			"to": [8.75, 1.66, 14.99],
			"rotation": {"angle": 22.5, "axis": "y", "origin": [7.875, 1.15643, 13.4409]},
			"faces": {
				"north": {"uv": [13.5, 9, 14, 9.5], "texture": "#0"},
				"east": {"uv": [12.5, 5, 13.5, 5.5], "texture": "#0"},
				"south": {"uv": [9.5, 13.5, 10, 14], "texture": "#0"},
				"west": {"uv": [12.5, 5.5, 13.5, 6], "texture": "#0"},
				"up": {"uv": [6, 13.5, 5.5, 12.5], "texture": "#0"},
				"down": {"uv": [13, 6, 12.5, 7], "texture": "#0"}
			}
		},
		{
			"name": "Tail4",
			"from": [8.28, 0.76, 14.58],
			"to": [10.28, 1.56, 15.63],
			"rotation": {"angle": -22.5, "axis": "y", "origin": [10.12384, 1.15322, 14.92386]},
			"faces": {
				"north": {"uv": [12.5, 7, 13.5, 7.5], "texture": "#0"},
				"east": {"uv": [13.5, 9.5, 14, 10], "texture": "#0"},
				"south": {"uv": [12.5, 7.5, 13.5, 8], "texture": "#0"},
				"west": {"uv": [10, 13.5, 10.5, 14], "texture": "#0"},
				"up": {"uv": [13.5, 8.5, 12.5, 8], "texture": "#0"},
				"down": {"uv": [13.5, 8.5, 12.5, 9], "texture": "#0"}
			}
		},
		{
			"name": "Tail5",
			"from": [10.02, 0.36, 14.5],
			"to": [11.82, 1.04, 15.55],
			"rotation": {"angle": -22.5, "axis": "z", "origin": [10.97264, 1.15, 15.0758]},
			"faces": {
				"north": {"uv": [12.5, 9, 13.5, 9.5], "texture": "#0"},
				"east": {"uv": [13.5, 10, 14, 10.5], "texture": "#0"},
				"south": {"uv": [12.5, 9.5, 13.5, 10], "texture": "#0"},
				"west": {"uv": [10.5, 13.5, 11, 14], "texture": "#0"},
				"up": {"uv": [13.5, 10.5, 12.5, 10], "texture": "#0"},
				"down": {"uv": [13.5, 10.5, 12.5, 11], "texture": "#0"}
			}
		},
		{
			"name": "Tail6",
			"from": [11.05, 0.16, 13.98],
			"to": [13.05, 0.66, 14.83],
			"rotation": {"angle": 22.5, "axis": "y", "origin": [12.88261, 0.45322, 14.24033]},
			"faces": {
				"north": {"uv": [12.5, 11, 13.5, 11.5], "texture": "#0"},
				"east": {"uv": [13.5, 10.5, 14, 11], "texture": "#0"},
				"south": {"uv": [12.5, 11.5, 13.5, 12], "texture": "#0"},
				"west": {"uv": [11, 13.5, 11.5, 14], "texture": "#0"},
				"up": {"uv": [13, 13, 12, 12.5], "texture": "#0"},
				"down": {"uv": [13.5, 12, 12.5, 12.5], "texture": "#0"}
			}
		},
		{
			"name": "Tail7",
			"from": [12.97, 0.16, 12.77],
			"to": [13.72, 0.64, 14.77],
			"rotation": {"angle": -22.5, "axis": "y", "origin": [13.59203, 0.45, 13.76615]},
			"faces": {
				"north": {"uv": [13.5, 11, 14, 11.5], "texture": "#0"},
				"east": {"uv": [13, 0, 14, 0.5], "texture": "#0"},
				"south": {"uv": [11.5, 13.5, 12, 14], "texture": "#0"},
				"west": {"uv": [13, 0.5, 14, 1], "texture": "#0"},
				"up": {"uv": [13.5, 2, 13, 1], "texture": "#0"},
				"down": {"uv": [13.5, 2, 13, 3], "texture": "#0"}
			}
		},
		{
			"name": "Tail8",
			"from": [13.43411, -0.58, 12.19884],
			"to": [14.03411, -0.18, 12.79884],
			"rotation": {"angle": -22.5, "axis": "x", "origin": [14.50911, 0.4, 10.89884]},
			"faces": {
				"north": {"uv": [13.5, 11.5, 14, 12], "texture": "#0"},
				"east": {"uv": [12, 13.5, 12.5, 14], "texture": "#0"},
				"south": {"uv": [13.5, 12, 14, 12.5], "texture": "#0"},
				"west": {"uv": [12.5, 13.5, 13, 14], "texture": "#0"},
				"up": {"uv": [14, 13, 13.5, 12.5], "texture": "#0"},
				"down": {"uv": [13.5, 13.5, 13, 14], "texture": "#0"}
			}
		},
		{
			"name": "Tail9",
			"from": [13.44, 0.02, 10.4],
			"to": [14.02, 0.32, 12.5],
			"rotation": {"angle": 0, "axis": "y", "origin": [14.50911, 0.4, 10.89884]},
			"faces": {
				"north": {"uv": [13.5, 13, 14, 13.5], "texture": "#0"},
				"east": {"uv": [13, 3, 14, 3.5], "texture": "#0"},
				"south": {"uv": [13.5, 13.5, 14, 14], "texture": "#0"},
				"west": {"uv": [13, 3.5, 14, 4], "texture": "#0"},
				"up": {"uv": [4.5, 14, 4, 13], "texture": "#0"},
				"down": {"uv": [13.5, 4, 13, 5], "texture": "#0"}
			}
		},
		{
			"name": "UpperBody",
			"from": [6, 6.5, 3.75],
			"to": [10, 11.5, 7.75],
			"rotation": {"angle": -45, "axis": "x", "origin": [8, 8.75, 6]},
			"faces": {
				"north": {"uv": [5, 5, 7, 7.5], "texture": "#0"},
				"east": {"uv": [0, 6, 2, 8.5], "texture": "#0"},
				"south": {"uv": [2, 6, 4, 8.5], "texture": "#0"},
				"west": {"uv": [7, 5, 9, 7.5], "texture": "#0"},
				"up": {"uv": [9.5, 2, 7.5, 0], "texture": "#0"},
				"down": {"uv": [9.5, 2, 7.5, 4], "texture": "#0"}
			}
		},
		{
			"name": "Body",
			"from": [5.5, 3, 5.25],
			"to": [10.5, 9, 10.25],
			"rotation": {"angle": -22.5, "axis": "x", "origin": [8, 5, 8.75]},
			"faces": {
				"north": {"uv": [0, 0, 2.5, 3], "texture": "#0"},
				"east": {"uv": [2.5, 0, 5, 3], "texture": "#0"},
				"south": {"uv": [0, 3, 2.5, 6], "texture": "#0"},
				"west": {"uv": [2.5, 3, 5, 6], "texture": "#0"},
				"up": {"uv": [7.5, 2.5, 5, 0], "texture": "#0"},
				"down": {"uv": [7.5, 2.5, 5, 5], "texture": "#0"}
			}
		},
		{
			"name": "Neck",
			"from": [7, 7.5, 2],
			"to": [9, 9.5, 4],
			"rotation": {"angle": 45, "axis": "x", "origin": [8, 8.75, 6]},
			"faces": {
				"north": {"uv": [7, 11, 8, 12], "texture": "#0"},
				"east": {"uv": [9, 11, 10, 12], "texture": "#0"},
				"south": {"uv": [11, 9, 12, 10], "texture": "#0"},
				"west": {"uv": [10, 11, 11, 12], "texture": "#0"},
				"up": {"uv": [12, 11, 11, 10], "texture": "#0"},
				"down": {"uv": [12, 11, 11, 12], "texture": "#0"}
			}
		},
		{
			"name": "Head",
			"from": [5.75, 9.5, 1],
			"to": [10.25, 12.5, 4],
			"rotation": {"angle": 0, "axis": "y", "origin": [8, 2.5, -1]},
			"faces": {
				"north": {"uv": [4, 7.5, 6.5, 9], "texture": "#0"},
				"east": {"uv": [0, 10, 1.5, 11.5], "texture": "#0"},
				"south": {"uv": [6.5, 7.5, 9, 9], "texture": "#0"},
				"west": {"uv": [5, 10, 6.5, 11.5], "texture": "#0"},
				"up": {"uv": [2.5, 10, 0, 8.5], "texture": "#0"},
				"down": {"uv": [5, 9, 2.5, 10.5], "texture": "#0"}
			}
		},
		{
			"name": "Snout",
			"from": [6.5, 9.5, -1],
			"to": [9.5, 11.5, 1],
			"rotation": {"angle": 0, "axis": "y", "origin": [8, 2.5, -1]},
			"faces": {
				"north": {"uv": [10, 7, 11.5, 8], "texture": "#0"},
				"east": {"uv": [0, 11.5, 1, 12.5], "texture": "#0"},
				"south": {"uv": [1.5, 10.5, 3, 11.5], "texture": "#0"},
				"west": {"uv": [1, 11.5, 2, 12.5], "texture": "#0"},
				"up": {"uv": [4.5, 11.5, 3, 10.5], "texture": "#0"},
				"down": {"uv": [12, 4, 10.5, 5], "texture": "#0"}
			}
		},
		{
			"name": "Nose",
			"from": [7.5, 10.5, -2],
			"to": [8.5, 11.5, -1],
			"rotation": {"angle": 0, "axis": "y", "origin": [8, 2.5, -1]},
			"faces": {
				"north": {"uv": [6.5, 13, 7, 13.5], "texture": "#0"},
				"east": {"uv": [13, 6.5, 13.5, 7], "texture": "#0"},
				"south": {"uv": [10, 13, 10.5, 13.5], "texture": "#0"},
				"west": {"uv": [10.5, 13, 11, 13.5], "texture": "#0"},
				"up": {"uv": [11.5, 13.5, 11, 13], "texture": "#0"},
				"down": {"uv": [12, 13, 11.5, 13.5], "texture": "#0"}
			}
		},
		{
			"from": [7.5, 9, -0.75],
			"to": [8, 10, -0.75],
			"rotation": {"angle": 0, "axis": "y", "origin": [8, 2.5, -1]},
			"faces": {
				"north": {"uv": [13.5, 7.5, 14, 8], "texture": "#0"},
				"east": {"uv": [0, 0, 0, 0.5], "texture": "#0"},
				"south": {"uv": [8, 13.5, 8.5, 14], "texture": "#0"},
				"west": {"uv": [0, 0, 0, 0.5], "texture": "#0"},
				"up": {"uv": [0.5, 0, 0, 0], "texture": "#0"},
				"down": {"uv": [0.5, 0, 0, 0], "texture": "#0"}
			}
		},
		{
			"from": [8, 9, -0.75],
			"to": [8.5, 10, -0.75],
			"rotation": {"angle": 0, "axis": "y", "origin": [8, 2.5, -1]},
			"faces": {
				"north": {"uv": [13.5, 7, 14, 7.5], "texture": "#0"},
				"east": {"uv": [0, 0, 0, 0.5], "texture": "#0"},
				"south": {"uv": [7.5, 13.5, 8, 14], "texture": "#0"},
				"west": {"uv": [0, 0, 0, 0.5], "texture": "#0"},
				"up": {"uv": [0.5, 0, 0, 0], "texture": "#0"},
				"down": {"uv": [0.5, 0, 0, 0], "texture": "#0"}
			}
		},
		{
			"from": [5.5, 10, -1],
			"to": [6.5, 11, -1],
			"rotation": {"angle": 0, "axis": "y", "origin": [8, 2.5, -1]},
			"faces": {
				"north": {"uv": [12, 13, 12.5, 13.5], "texture": "#0"},
				"east": {"uv": [0, 0, 0, 0.5], "texture": "#0"},
				"south": {"uv": [12.5, 13, 13, 13.5], "texture": "#0"},
				"west": {"uv": [0, 0, 0, 0.5], "texture": "#0"},
				"up": {"uv": [0.5, 0, 0, 0], "texture": "#0"},
				"down": {"uv": [0.5, 0, 0, 0], "texture": "#0"}
			}
		},
		{
			"from": [4.5, 11, -1],
			"to": [5.5, 12, -1],
			"rotation": {"angle": 0, "axis": "y", "origin": [8, 2.5, -1]},
			"faces": {
				"north": {"uv": [13, 12.5, 13.5, 13], "texture": "#0"},
				"east": {"uv": [0, 0, 0, 0.5], "texture": "#0"},
				"south": {"uv": [13, 13, 13.5, 13.5], "texture": "#0"},
				"west": {"uv": [0, 0, 0, 0.5], "texture": "#0"},
				"up": {"uv": [0.5, 0, 0, 0], "texture": "#0"},
				"down": {"uv": [0.5, 0, 0, 0], "texture": "#0"}
			}
		},
		{
			"from": [4.5, 9, -1],
			"to": [5.5, 10, -1],
			"rotation": {"angle": 0, "axis": "y", "origin": [8, 2.5, -1]},
			"faces": {
				"north": {"uv": [0, 13.5, 0.5, 14], "texture": "#0"},
				"east": {"uv": [0, 0, 0, 0.5], "texture": "#0"},
				"south": {"uv": [0.5, 13.5, 1, 14], "texture": "#0"},
				"west": {"uv": [0, 0, 0, 0.5], "texture": "#0"},
				"up": {"uv": [0.5, 0, 0, 0], "texture": "#0"},
				"down": {"uv": [0.5, 0, 0, 0], "texture": "#0"}
			}
		},
		{
			"from": [9.5, 10, -1],
			"to": [10.5, 11, -1],
			"rotation": {"angle": 0, "axis": "y", "origin": [8, 2.5, -1]},
			"faces": {
				"north": {"uv": [2, 13.5, 2.5, 14], "texture": "#0"},
				"east": {"uv": [0, 0, 0, 0.5], "texture": "#0"},
				"south": {"uv": [13.5, 2, 14, 2.5], "texture": "#0"},
				"west": {"uv": [0, 0, 0, 0.5], "texture": "#0"},
				"up": {"uv": [0.5, 0, 0, 0], "texture": "#0"},
				"down": {"uv": [0.5, 0, 0, 0], "texture": "#0"}
			}
		},
		{
			"from": [10.5, 9, -1],
			"to": [11.5, 10, -1],
			"rotation": {"angle": 0, "axis": "y", "origin": [8, 2.5, -1]},
			"faces": {
				"north": {"uv": [1, 13.5, 1.5, 14], "texture": "#0"},
				"east": {"uv": [0, 0, 0, 0.5], "texture": "#0"},
				"south": {"uv": [13.5, 1, 14, 1.5], "texture": "#0"},
				"west": {"uv": [0, 0, 0, 0.5], "texture": "#0"},
				"up": {"uv": [0.5, 0, 0, 0], "texture": "#0"},
				"down": {"uv": [0.5, 0, 0, 0], "texture": "#0"}
			}
		},
		{
			"from": [10.5, 11, -1],
			"to": [11.5, 12, -1],
			"rotation": {"angle": 0, "axis": "y", "origin": [8, 2.5, -1]},
			"faces": {
				"north": {"uv": [1.5, 13.5, 2, 14], "texture": "#0"},
				"east": {"uv": [0, 0, 0, 0.5], "texture": "#0"},
				"south": {"uv": [13.5, 1.5, 14, 2], "texture": "#0"},
				"west": {"uv": [0, 0, 0, 0.5], "texture": "#0"},
				"up": {"uv": [0.5, 0, 0, 0], "texture": "#0"},
				"down": {"uv": [0.5, 0, 0, 0], "texture": "#0"}
			}
		},
		{
			"from": [9.5, 12.75, 3.5],
			"to": [10.5, 13.75, 3.5],
			"rotation": {"angle": 0, "axis": "y", "origin": [8, 2.5, -1]},
			"faces": {
				"north": {"uv": [3, 13.5, 3.5, 14], "texture": "#0"},
				"east": {"uv": [0, 0, 0, 0.5], "texture": "#0"},
				"south": {"uv": [3.5, 13.5, 4, 14], "texture": "#0"},
				"west": {"uv": [0, 0, 0, 0.5], "texture": "#0"},
				"up": {"uv": [0.5, 0, 0, 0], "texture": "#0"},
				"down": {"uv": [0.5, 0, 0, 0], "texture": "#0"}
			}
		},
		{
			"from": [10.5, 11.75, 3.5],
			"to": [11.5, 12.75, 3.5],
			"rotation": {"angle": 0, "axis": "y", "origin": [8, 2.5, -1]},
			"faces": {
				"north": {"uv": [13.5, 4.5, 14, 5], "texture": "#0"},
				"east": {"uv": [0, 0, 0, 0.5], "texture": "#0"},
				"south": {"uv": [5, 13.5, 5.5, 14], "texture": "#0"},
				"west": {"uv": [0, 0, 0, 0.5], "texture": "#0"},
				"up": {"uv": [0.5, 0, 0, 0], "texture": "#0"},
				"down": {"uv": [0.5, 0, 0, 0], "texture": "#0"}
			}
		},
		{
			"from": [9.5, 11.75, 3.5],
			"to": [10.5, 12.75, 3.5],
			"rotation": {"angle": 0, "axis": "y", "origin": [8, 2.5, -1]},
			"faces": {
				"north": {"uv": [2.5, 13.5, 3, 14], "texture": "#0"},
				"east": {"uv": [0, 0, 0, 0.5], "texture": "#0"},
				"south": {"uv": [13.5, 2.5, 14, 3], "texture": "#0"},
				"west": {"uv": [0, 0, 0, 0.5], "texture": "#0"},
				"up": {"uv": [0.5, 0, 0, 0], "texture": "#0"},
				"down": {"uv": [0.5, 0, 0, 0], "texture": "#0"}
			}
		},
		{
			"from": [10.5, 12.75, 3.5],
			"to": [11.5, 13.75, 3.5],
			"rotation": {"angle": 0, "axis": "y", "origin": [8, 2.5, -1]},
			"faces": {
				"north": {"uv": [13.5, 4, 14, 4.5], "texture": "#0"},
				"east": {"uv": [0, 0, 0, 0.5], "texture": "#0"},
				"south": {"uv": [4.5, 13.5, 5, 14], "texture": "#0"},
				"west": {"uv": [0, 0, 0, 0.5], "texture": "#0"},
				"up": {"uv": [0.5, 0, 0, 0], "texture": "#0"},
				"down": {"uv": [0.5, 0, 0, 0], "texture": "#0"}
			}
		},
		{
			"from": [5.5, 12.75, 3.5],
			"to": [6.5, 13.75, 3.5],
			"rotation": {"angle": 0, "axis": "y", "origin": [8, 2.5, -1]},
			"faces": {
				"north": {"uv": [13.5, 6.5, 14, 7], "texture": "#0"},
				"east": {"uv": [0, 0, 0, 0.5], "texture": "#0"},
				"south": {"uv": [7, 13.5, 7.5, 14], "texture": "#0"},
				"west": {"uv": [0, 0, 0, 0.5], "texture": "#0"},
				"up": {"uv": [0.5, 0, 0, 0], "texture": "#0"},
				"down": {"uv": [0.5, 0, 0, 0], "texture": "#0"}
			}
		},
		{
			"from": [4.5, 12.75, 3.5],
			"to": [5.5, 13.75, 3.5],
			"rotation": {"angle": 0, "axis": "y", "origin": [8, 2.5, -1]},
			"faces": {
				"north": {"uv": [13.5, 5.5, 14, 6], "texture": "#0"},
				"east": {"uv": [0, 0, 0, 0.5], "texture": "#0"},
				"south": {"uv": [6, 13.5, 6.5, 14], "texture": "#0"},
				"west": {"uv": [0, 0, 0, 0.5], "texture": "#0"},
				"up": {"uv": [0.5, 0, 0, 0], "texture": "#0"},
				"down": {"uv": [0.5, 0, 0, 0], "texture": "#0"}
			}
		},
		{
			"from": [4.5, 11.75, 3.5],
			"to": [5.5, 12.75, 3.5],
			"rotation": {"angle": 0, "axis": "y", "origin": [8, 2.5, -1]},
			"faces": {
				"north": {"uv": [13.5, 6, 14, 6.5], "texture": "#0"},
				"east": {"uv": [0, 0, 0, 0.5], "texture": "#0"},
				"south": {"uv": [6.5, 13.5, 7, 14], "texture": "#0"},
				"west": {"uv": [0, 0, 0, 0.5], "texture": "#0"},
				"up": {"uv": [0.5, 0, 0, 0], "texture": "#0"},
				"down": {"uv": [0.5, 0, 0, 0], "texture": "#0"}
			}
		},
		{
			"from": [5.5, 11.75, 3.5],
			"to": [6.5, 12.75, 3.5],
			"rotation": {"angle": 0, "axis": "y", "origin": [8, 2.5, -1]},
			"faces": {
				"north": {"uv": [13.5, 5, 14, 5.5], "texture": "#0"},
				"east": {"uv": [0, 0, 0, 0.5], "texture": "#0"},
				"south": {"uv": [5.5, 13.5, 6, 14], "texture": "#0"},
				"west": {"uv": [0, 0, 0, 0.5], "texture": "#0"},
				"up": {"uv": [0.5, 0, 0, 0], "texture": "#0"},
				"down": {"uv": [0.5, 0, 0, 0], "texture": "#0"}
			}
		},
		{
			"from": [9.5, 11.25, 1.5],
			"to": [10.5, 12.25, 2.5],
			"rotation": {"angle": 0, "axis": "y", "origin": [-0.5, 0, -2]},
			"faces": {
				"north": {"uv": [0, 14, 0.5, 14.5], "texture": "#0"},
				"east": {"uv": [14, 0, 14.5, 0.5], "texture": "#0"},
				"south": {"uv": [0.5, 14, 1, 14.5], "texture": "#0"},
				"west": {"uv": [14, 0.5, 14.5, 1], "texture": "#0"},
				"up": {"uv": [1.5, 14.5, 1, 14], "texture": "#0"},
				"down": {"uv": [14.5, 1, 14, 1.5], "texture": "#0"}
			}
		},
		{
			"from": [5.5, 11.25, 1.5],
			"to": [6.5, 12.25, 2.5],
			"rotation": {"angle": 0, "axis": "y", "origin": [-0.5, 0, -2]},
			"faces": {
				"north": {"uv": [0, 14, 0.5, 14.5], "texture": "#0"},
				"east": {"uv": [14, 0, 14.5, 0.5], "texture": "#0"},
				"south": {"uv": [0.5, 14, 1, 14.5], "texture": "#0"},
				"west": {"uv": [14, 0.5, 14.5, 1], "texture": "#0"},
				"up": {"uv": [1.5, 14.5, 1, 14], "texture": "#0"},
				"down": {"uv": [14.5, 1, 14, 1.5], "texture": "#0"}
			}
		}
	],
	"display": {
		"thirdperson_righthand": {
			"rotation": [57.75, 0, 0],
			"translation": [-1.75, 0, 2.5],
			"scale": [0.75, 0.75, 0.75]
		},
		"thirdperson_lefthand": {
			"rotation": [57.75, 0, 0],
			"translation": [-3.5, 3.25, -6.25],
			"scale": [1.2, 1.2, 1.2]
		},
		"firstperson_righthand": {
			"rotation": [0, 117, 0],
			"translation": [0.5, 3, 1],
			"scale": [0.8, 0.8, 0.8]
		},
		"firstperson_lefthand": {
			"rotation": [0, 124, 0],
			"translation": [0.75, 3.25, 1],
			"scale": [0.8, 0.8, 0.8]
		},
		"ground": {
			"translation": [0, 3, 0],
			"scale": [0.7, 0.7, 0.7]
		},
		"gui": {
			"rotation": [19, 135, 0],
			"translation": [1.5, 1.75, 0],
			"scale": [0.95, 0.95, 0.95]
		},
		"head": {
			"translation": [0, 14.25, -1.5]
		},
		"fixed": {
			"rotation": [-90, 0, 0],
			"translation": [-0.25, 1.5, -32.25],
			"scale": [4, 4, 4]
		}
	},
	"groups": [
		{
			"name": "group",
			"origin": [10, 2.5, 8],
			"color": 0,
			"children": []
		},
		0,
		1,
		2,
		{
			"name": "group",
			"origin": [0, 0, 4.2],
			"color": 0,
			"children": [3, 4, 5, 6, 7, 8]
		},
		9,
		10,
		{
			"name": "Tail",
			"origin": [15.00911, 0.4, 12.89884],
			"color": 0,
			"children": [11, 12, 13, 14, 15, 16, 17, 18, 19]
		},
		{
			"name": "Body",
			"origin": [8.5, 8.77477, 8.05405],
			"color": 0,
			"children": [20, 21, 22]
		},
		{
			"name": "group",
			"origin": [8.5, 2.52477, 1.05405],
			"color": 0,
			"children": [23, 24, 25]
		},
		{
			"name": "Teeth",
			"origin": [8.5, 2.52477, 1.05405],
			"color": 0,
			"children": [26, 27]
		},
		{
			"name": "Whiskers",
			"origin": [8.5, 2.52477, 1.05405],
			"color": 0,
			"children": [28, 29, 30, 31, 32, 33]
		},
		{
			"name": "REar",
			"origin": [8.5, 2.52477, 1.05405],
			"color": 0,
			"children": [34, 35, 36, 37]
		},
		{
			"name": "LEar",
			"origin": [8.5, 2.52477, 1.05405],
			"color": 0,
			"children": [38, 39, 40, 41]
		},
		42,
		43
	]
}