{
	"format_version": "1.21.6",
	"credit": "Made with Blockbench",
	"textures": {
		"1": "item/rupert_texture",
		"particle": "item/block/blank"
	},
	"elements": [
		{
			"name": "Body",
			"from": [6.5, 3.5, 6.5],
			"to": [8.5, 11.5, 9.5],
			"rotation": {"angle": -22.5, "axis": "x", "origin": [7.25, 8.25, 4.5]},
			"faces": {
				"north": {"uv": [7, 9.5, 10.5, 11.5], "rotation": 270, "texture": "#1"},
				"east": {"uv": [7.5, 11.5, 4.5, 5.5], "texture": "#1"},
				"south": {"uv": [4.5, 5.5, 8.5, 7.5], "rotation": 90, "texture": "#1"},
				"west": {"uv": [7.5, 5.5, 4.5, 11.5], "rotation": 180, "texture": "#1"},
				"up": {"uv": [4.5, 5.5, 7.5, 7.5], "rotation": 90, "texture": "#1"},
				"down": {"uv": [6, 12, 9, 14], "rotation": 90, "texture": "#1"}
			}
		},
		{
			"name": "Head",
			"from": [6.25, 12, 4.75],
			"to": [8.75, 14, 7.25],
			"rotation": {"angle": 0, "axis": "y", "origin": [7.5, 5.5, 2.5]},
			"faces": {
				"north": {"uv": [0, 0, 2.5, 2], "texture": "#1"},
				"east": {"uv": [2.5, 0, 5, 2], "texture": "#1"},
				"south": {"uv": [2.5, 0, 5, 2], "texture": "#1"},
				"west": {"uv": [2.5, 0, 5, 2], "texture": "#1"},
				"up": {"uv": [5, 2.5, 2.5, 0], "texture": "#1"},
				"down": {"uv": [9, 3, 6.5, 5], "texture": "#1"}
			}
		},
		{
			"name": "Nose",
			"from": [6.75, 11.975, 4.5],
			"to": [8.25, 12.975, 5],
			"rotation": {"angle": 0, "axis": "y", "origin": [7.25, 5.75, 0.25]},
			"faces": {
				"north": {"uv": [7, 5, 8.5, 4], "texture": "#1"},
				"east": {"uv": [2.5, 3.5, 3, 4.5], "texture": "#1"},
				"south": {"uv": [2.5, 0, 4, 1], "texture": "#1"},
				"west": {"uv": [2.5, 3.5, 3, 4.5], "texture": "#1"},
				"up": {"uv": [11.5, 14.5, 10, 14], "texture": "#1"},
				"down": {"uv": [1.5, 4, 0, 4.5], "texture": "#1"}
			}
		},
		{
			"name": "Ear1",
			"from": [6.5, 14, 6.25],
			"to": [7, 14.5, 7.25],
			"rotation": {"angle": 0, "axis": "y", "origin": [7.25, 6.75, 2.75]},
			"faces": {
				"north": {"uv": [2, 4.5, 3, 3.5], "texture": "#1"},
				"east": {"uv": [0, 3.5, 1, 4], "texture": "#1"},
				"south": {"uv": [1, 3.5, 1.5, 4], "texture": "#1"},
				"west": {"uv": [0, 3.5, 1, 4], "texture": "#1"},
				"up": {"uv": [1, 4, 0, 3.5], "rotation": 270, "texture": "#1"},
				"down": {"uv": [1, 3.5, 0, 4], "rotation": 90, "texture": "#1"}
			}
		},
		{
			"name": "Ear2",
			"from": [8, 14, 6.25],
			"to": [8.5, 14.5, 7.25],
			"rotation": {"angle": 0, "axis": "y", "origin": [7.25, 6.75, 2.75]},
			"faces": {
				"north": {"uv": [3, 4.5, 2, 3.5], "texture": "#1"},
				"east": {"uv": [0, 3.5, 1, 4], "texture": "#1"},
				"south": {"uv": [1, 3.5, 1.5, 4], "texture": "#1"},
				"west": {"uv": [0, 3.5, 1, 4], "texture": "#1"},
				"up": {"uv": [1, 4, 0, 3.5], "rotation": 270, "texture": "#1"},
				"down": {"uv": [1, 3.5, 0, 4], "rotation": 90, "texture": "#1"}
			}
		},
		{
			"name": "Tail1",
			"from": [7, 4, 9],
			"to": [7.5, 4.5, 13],
			"rotation": {"angle": 45, "axis": "x", "origin": [7.25, 4.75, 12.5]},
			"faces": {
				"north": {"uv": [8.5, 12.5, 9, 13], "texture": "#1"},
				"east": {"uv": [4.5, 12, 8.5, 12.5], "texture": "#1"},
				"south": {"uv": [8.5, 12, 9, 12.5], "texture": "#1"},
				"west": {"uv": [4.5, 13.5, 8.5, 14], "texture": "#1"},
				"up": {"uv": [8.5, 13.5, 4.5, 13], "rotation": 90, "texture": "#1"},
				"down": {"uv": [8.5, 12.5, 4.5, 13], "rotation": 270, "texture": "#1"}
			}
		},
		{
			"name": "Tail2",
			"from": [7, 0.25, 12.25],
			"to": [7.5, 4.25, 12.75],
			"rotation": {"angle": 0, "axis": "y", "origin": [11.25, 3.75, 14.25]},
			"faces": {
				"north": {"uv": [4.5, 12.5, 8.5, 13], "rotation": 270, "texture": "#1"},
				"east": {"uv": [8.5, 14, 4.5, 13.5], "rotation": 90, "texture": "#1"},
				"south": {"uv": [4.5, 13, 8.5, 13.5], "rotation": 90, "texture": "#1"},
				"west": {"uv": [8.5, 12, 4.5, 12.5], "rotation": 90, "texture": "#1"},
				"up": {"uv": [8.5, 12, 9, 12.5], "rotation": 90, "texture": "#1"},
				"down": {"uv": [8.5, 12.5, 9, 13], "rotation": 90, "texture": "#1"}
			}
		},
		{
			"name": "Leg4",
			"from": [6.25, 8.75, 5.25],
			"to": [7.25, 11.75, 6.25],
			"rotation": {"angle": 0, "axis": "y", "origin": [7.5, 8.5, 2.5]},
			"faces": {
				"north": {"uv": [1, 9.5, 4, 8.5], "rotation": 270, "texture": "#1"},
				"east": {"uv": [4, 8.5, 1, 7.5], "rotation": 90, "texture": "#1"},
				"south": {"uv": [4, 5.5, 1, 6.5], "rotation": 90, "texture": "#1"},
				"west": {"uv": [4, 6.5, 1, 7.5], "rotation": 90, "texture": "#1"},
				"up": {"uv": [3, 5.5, 4, 6.5], "rotation": 90, "texture": "#1"},
				"down": {"uv": [0, 5.5, 1, 6.5], "rotation": 90, "texture": "#1"}
			}
		},
		{
			"name": "Leg2",
			"from": [8, 3, 7.75],
			"to": [9, 6, 8.75],
			"rotation": {"angle": 0, "axis": "y", "origin": [8.5, 4.5, 8.25]},
			"faces": {
				"north": {"uv": [1, 5.5, 4, 6.5], "rotation": 270, "texture": "#1"},
				"east": {"uv": [4, 6.5, 1, 7.5], "rotation": 90, "texture": "#1"},
				"south": {"uv": [4, 8.5, 1, 9.5], "rotation": 90, "texture": "#1"},
				"west": {"uv": [4, 8.5, 1, 7.5], "rotation": 90, "texture": "#1"},
				"up": {"uv": [4.5, 13, 5.5, 14], "rotation": 90, "texture": "#1"},
				"down": {"uv": [4.5, 10.5, 5.5, 11.5], "rotation": 90, "texture": "#1"}
			}
		},
		{
			"name": "Leg3",
			"from": [8, 8.75, 5.25],
			"to": [9, 11.75, 6.25],
			"rotation": {"angle": 0, "axis": "y", "origin": [10, 9, 1.5]},
			"faces": {
				"north": {"uv": [1, 8.5, 4, 9.5], "rotation": 270, "texture": "#1"},
				"east": {"uv": [4, 7.5, 1, 6.5], "rotation": 90, "texture": "#1"},
				"south": {"uv": [4, 5.5, 1, 6.5], "rotation": 90, "texture": "#1"},
				"west": {"uv": [4, 8.5, 1, 7.5], "rotation": 90, "texture": "#1"},
				"up": {"uv": [3, 5.5, 4, 6.5], "rotation": 90, "texture": "#1"},
				"down": {"uv": [0, 5.5, 1, 6.5], "rotation": 90, "texture": "#1"}
			}
		},
		{
			"name": "Leg3",
			"from": [6, 3, 7.75],
			"to": [7, 6, 8.75],
			"rotation": {"angle": 0, "axis": "y", "origin": [8.5, 4.5, 8.25]},
			"faces": {
				"north": {"uv": [1, 6.5, 4, 5.5], "rotation": 270, "texture": "#1"},
				"east": {"uv": [4, 6.5, 1, 7.5], "rotation": 90, "texture": "#1"},
				"south": {"uv": [4, 9.5, 1, 8.5], "rotation": 90, "texture": "#1"},
				"west": {"uv": [4, 7.5, 1, 8.5], "rotation": 90, "texture": "#1"},
				"up": {"uv": [4.5, 13, 5.5, 14], "rotation": 90, "texture": "#1"},
				"down": {"uv": [4.5, 10.5, 5.5, 11.5], "rotation": 90, "texture": "#1"}
			}
		}
	],
	"display": {
		"thirdperson_righthand": {
			"rotation": [79, 0, 0],
			"translation": [0.75, -4.75, 11.75],
			"scale": [1.1, 1.1, 1.1]
		},
		"thirdperson_lefthand": {
			"rotation": [79, 0, 0],
			"translation": [0.75, -4.75, 11.75],
			"scale": [1.1, 1.1, 1.1]
		},
		"firstperson_righthand": {
			"rotation": [-23, -162, 0],
			"translation": [-10, -0.75, 0.25]
		},
		"firstperson_lefthand": {
			"rotation": [-23, 132, 0],
			"translation": [4.75, -0.75, 0.25]
		},
		"ground": {
			"translation": [0, 3, 0],
			"scale": [0.8, 0.8, 0.8]
		},
		"gui": {
			"rotation": [19, 143, 0],
			"translation": [-1.25, -0.25, 0],
			"scale": [1.25, 1.25, 1.25]
		},
		"head": {
			"translation": [11.25, -8.25, 6],
			"scale": [2.5, 2.5, 2.5]
		},
		"fixed": {
			"rotation": [-90, 0, 0],
			"translation": [0.5, -0.25, -12.5],
			"scale": [2.5, 2.5, 2.5]
		}
	},
	"groups": [
		{
			"name": "Bones",
			"origin": [1.75, 0.7, 0.30556],
			"color": 0,
			"children": [
				{
					"name": "Body",
					"origin": [-0.5, 1, 0],
					"color": 0,
					"children": [0]
				},
				{
					"name": "Head",
					"origin": [-0.37924, 2.42197, -4.9824],
					"color": 0,
					"children": [1, 2, 3, 4]
				},
				{
					"name": "UpperTail",
					"origin": [-0.80551, 1.25, 5.58364],
					"color": 0,
					"children": [
						5,
						{
							"name": "LowerTail",
							"origin": [-0.80551, 1.25, 5.58364],
							"color": 0,
							"children": [6]
						}
					]
				},
				{
					"name": "Legs",
					"origin": [-0.5, 1, 0],
					"color": 0,
					"children": [
						{
							"name": "LFrontLeg",
							"origin": [1.62934, 0.88, 2.90886],
							"color": 0,
							"children": [7]
						},
						{
							"name": "LBackLeg",
							"origin": [1.62934, 0.88, 2.90886],
							"color": 0,
							"children": [8]
						},
						{
							"name": "RFrontLeg",
							"origin": [1.62934, 0.88, 2.90886],
							"color": 0,
							"children": [9]
						},
						{
							"name": "RBackLeg",
							"origin": [1.62934, 0.88, 2.90886],
							"color": 0,
							"children": [10]
						}
					]
				}
			]
		}
	]
}