{
	"credit": "Made with Blockbench",
	"textures": {
		"0": "item/sea_bunny_texture",
		"particle": "item/block/blank"
	},
	"elements": [
		{
			"from": [6, 0, 6],
			"to": [10, 4, 10],
			"faces": {
				"north": {"uv": [0, 0, 8, 8], "texture": "#0"},
				"east": {"uv": [8, 0, 12, 4], "texture": "#0"},
				"south": {"uv": [8, 4, 12, 8], "texture": "#0"},
				"west": {"uv": [12, 0, 8, 4], "texture": "#0"},
				"up": {"uv": [12, 0, 16, 4], "texture": "#0"},
				"down": {"uv": [12, 4, 16, 8], "texture": "#0"}
			}
		},
		{
			"from": [6, 4, 6],
			"to": [7, 6, 7],
			"faces": {
				"north": {"uv": [4, 8, 0, 16], "texture": "#0"},
				"east": {"uv": [5, 9, 4, 11], "texture": "#0"},
				"south": {"uv": [5, 9, 6, 11], "texture": "#0"},
				"west": {"uv": [4, 9, 5, 11], "texture": "#0"},
				"up": {"uv": [4, 8, 5, 9], "texture": "#0"}
			}
		},
		{
			"from": [9, 4, 6],
			"to": [10, 6, 7],
			"faces": {
				"north": {"uv": [0, 8, 4, 16], "texture": "#0"},
				"east": {"uv": [4, 9, 5, 11], "texture": "#0"},
				"south": {"uv": [5, 9, 6, 11], "texture": "#0"},
				"west": {"uv": [4, 9, 5, 11], "texture": "#0"},
				"up": {"uv": [4, 8, 5, 9], "texture": "#0"}
			}
		},
		{
			"from": [7.5, 1, 9],
			"to": [8.5, 2, 12],
			"rotation": {"angle": -45, "axis": "x", "origin": [8, 1.5, 10]},
			"faces": {
				"north": {"uv": [7, 9, 8, 10], "texture": "#0"},
				"east": {"uv": [4, 11, 7, 12], "texture": "#0"},
				"south": {"uv": [7, 9, 8, 10], "texture": "#0"},
				"west": {"uv": [4, 12, 7, 13], "texture": "#0"},
				"up": {"uv": [5, 13, 6, 16], "texture": "#0"},
				"down": {"uv": [4, 13, 5, 16], "texture": "#0"}
			}
		},
		{
			"from": [7.25, 2.5, 10.5],
			"to": [8.75, 4, 11.5],
			"rotation": {"angle": -45, "axis": "x", "origin": [8, 3.5, 11.5]},
			"faces": {
				"north": {"uv": [14, 8, 15.5, 9.5], "texture": "#0"},
				"east": {"uv": [9, 11, 10, 12.5], "texture": "#0"},
				"south": {"uv": [12, 8, 13.5, 9.5], "texture": "#0"},
				"west": {"uv": [9, 8, 10, 9.5], "texture": "#0"},
				"up": {"uv": [9, 10, 10.5, 11], "texture": "#0"},
				"down": {"uv": [10, 8, 11.5, 9], "texture": "#0"}
			}
		}
	],
	"display": {
		"thirdperson_righthand": {
			"rotation": [57.75, 0, 0],
			"translation": [-3.25, 4, 7.5],
			"scale": [1.2, 1.2, 1.2]
		},
		"thirdperson_lefthand": {
			"rotation": [57.75, 0, 0],
			"translation": [-3.25, 4, 7.25],
			"scale": [1.2, 1.2, 1.2]
		},
		"firstperson_righthand": {
			"rotation": [-23, -180, 0],
			"translation": [-9, 8.5, 2.25],
			"scale": [0.8, 0.8, 0.8]
		},
		"firstperson_lefthand": {
			"rotation": [180, 51.75, -180],
			"translation": [1.25, 7.75, 1.5],
			"scale": [0.8, 0.8, 0.8]
		},
		"ground": {
			"translation": [0, 4, 0],
			"scale": [0.8, 0.8, 0.8]
		},
		"gui": {
			"rotation": [19, 147, 0],
			"translation": [0, 11.25, 0],
			"scale": [2.2, 2.2, 2.2]
		},
		"head": {
			"translation": [0, 18.25, 0],
			"scale": [1.5, 1.5, 1.5]
		},
		"fixed": {
			"rotation": [-90, 0, 0],
			"translation": [0, 0, -8]
		}
	}
}