{
	"credit": "Made with Blockbench",
	"texture_size": [32, 32],
	"textures": {
		"6": "item/hattexture"
	},
	"elements": [
		{
			"from": [3, 9.5, 5],
			"to": [10, 10, 11],
			"rotation": {"angle": 0, "axis": "y", "origin": [8, 9, 7]},
			"faces": {
				"north": {"uv": [6, 5.5, 9.5, 5.75], "texture": "#6"},
				"east": {"uv": [6.5, 4, 9.5, 4.25], "texture": "#6"},
				"south": {"uv": [6, 6, 9.5, 6.25], "texture": "#6"},
				"west": {"uv": [6.5, 4.5, 9.5, 4.75], "texture": "#6"},
				"up": {"uv": [3.5, 3, 0, 0], "texture": "#6"},
				"down": {"uv": [3.5, 3, 0, 6], "texture": "#6"}
			}
		},
		{
			"from": [4, 10, 6],
			"to": [9, 11, 10],
			"rotation": {"angle": 0, "axis": "y", "origin": [6, 10, 7]},
			"faces": {
				"north": {"uv": [3.5, 5.5, 6, 6], "texture": "#6"},
				"east": {"uv": [6, 3, 8, 3.5], "texture": "#6"},
				"south": {"uv": [0, 6, 2.5, 6.5], "texture": "#6"},
				"west": {"uv": [6, 3.5, 8, 4], "texture": "#6"},
				"up": {"uv": [6, 2, 3.5, 0], "texture": "#6"},
				"down": {"uv": [6, 2, 3.5, 4], "texture": "#6"}
			}
		},
		{
			"from": [5, 10.5, 6.75],
			"to": [8, 12, 9.75],
			"rotation": {"angle": 0, "axis": "y", "origin": [6, 10.5, 7.75]},
			"faces": {
				"north": {"uv": [6, 0, 7.5, 0.75], "texture": "#6"},
				"east": {"uv": [6, 1, 7.5, 1.75], "texture": "#6"},
				"south": {"uv": [6, 2, 7.5, 2.75], "texture": "#6"},
				"west": {"uv": [2.5, 6, 4, 6.75], "texture": "#6"},
				"up": {"uv": [5, 5.5, 3.5, 4], "texture": "#6"},
				"down": {"uv": [6.5, 4, 5, 5.5], "texture": "#6"}
			}
		},
		{
			"from": [5.5, 11.5, 7.5],
			"to": [7.5, 12.75, 9.5],
			"rotation": {"angle": 0, "axis": "y", "origin": [6, 11.5, 7.5]},
			"faces": {
				"north": {"uv": [0, 6.5, 1, 7.25], "texture": "#6"},
				"east": {"uv": [1, 6.5, 2, 7.25], "texture": "#6"},
				"south": {"uv": [6, 6.5, 7, 7.25], "texture": "#6"},
				"west": {"uv": [2, 7, 3, 7.75], "texture": "#6"},
				"up": {"uv": [5, 7, 4, 6], "texture": "#6"},
				"down": {"uv": [6, 6, 5, 7], "texture": "#6"}
			}
		},
		{
			"from": [6, 12.75, 8.25],
			"to": [7, 13.75, 9.25],
			"rotation": {"angle": 0, "axis": "y", "origin": [5, 12.75, 7.5]},
			"faces": {
				"north": {"uv": [2, 6.5, 2.5, 7], "texture": "#6"},
				"east": {"uv": [6.5, 5, 7, 5.5], "texture": "#6"},
				"south": {"uv": [3, 7, 3.5, 7.5], "texture": "#6"},
				"west": {"uv": [3.5, 7, 4, 7.5], "texture": "#6"},
				"up": {"uv": [4.5, 7.5, 4, 7], "texture": "#6"},
				"down": {"uv": [5, 7, 4.5, 7.5], "texture": "#6"}
			}
		},
		{
			"from": [6.25, 13.75, 8.5],
			"to": [6.75, 15, 9],
			"rotation": {"angle": 0, "axis": "y", "origin": [4.75, 13.75, 8.5]},
			"faces": {
				"north": {"uv": [5, 7, 5.25, 7.75], "texture": "#6"},
				"east": {"uv": [5.5, 7, 5.75, 7.75], "texture": "#6"},
				"south": {"uv": [7, 6.5, 7.25, 7.25], "texture": "#6"},
				"west": {"uv": [0, 7.5, 0.25, 8.25], "texture": "#6"},
				"up": {"uv": [7.25, 5.25, 7, 5], "texture": "#6"},
				"down": {"uv": [7.75, 0, 7.5, 0.25], "texture": "#6"}
			}
		}
	],
	"display": {
		"thirdperson_righthand": {
			"translation": [-1.75, -2.25, -2.75],
			"scale": [1.56055, 1.56055, 1.56055]
		},
		"thirdperson_lefthand": {
			"translation": [-7, -2.5, -1.25],
			"scale": [1.72656, 1.72656, 1.72656]
		},
		"firstperson_righthand": {
			"translation": [0.75, -0.75, 0]
		},
		"firstperson_lefthand": {
			"translation": [0, -0.75, 0]
		},
		"ground": {
			"translation": [1.5, -2.75, 0]
		},
		"gui": {
			"translation": [1.75, -3, 0]
		},
		"head": {
			"rotation": [19.75, 0, 0],
			"translation": [5.75, -1.5, -1.75],
			"scale": [3.80492, 3.80492, 3.80492]
		},
		"fixed": {
			"rotation": [-89.5, 0, 0],
			"translation": [6.25, 0.25, 6.5],
			"scale": [4, 4, 4]
		}
	}
}