{
	"credit": "Made with Blockbench",
	"textures": {
		"0": "item/ribs",
		"1": "item/backblade",
		"2": "item/sharp",
		"3": "item/edge",
		"4": "item/guard",
		"5": "item/handle",
		"6": "item/gem",
		"7": "item/pomel",
		"particle": "item/ribs"
	},
	"elements": [
		{
			"from": [6.9, 13.5, 7.6],
			"to": [9, 14, 8.4],
			"rotation": {"angle": 0, "axis": "y", "origin": [8, 0.25, 8.25]},
			"faces": {
				"north": {"uv": [0, 6, 2, 6.5], "texture": "#0"},
				"east": {"uv": [6, 5, 7, 5.5], "texture": "#0"},
				"south": {"uv": [6, 0, 8, 0.5], "texture": "#0"},
				"west": {"uv": [6, 6, 7, 6.5], "texture": "#0"},
				"up": {"uv": [6, 1, 4, 0], "texture": "#0"},
				"down": {"uv": [6, 1, 4, 2], "texture": "#0"}
			}
		},
		{
			"from": [6.9, 14.5, 7.6],
			"to": [9, 15, 8.4],
			"rotation": {"angle": 0, "axis": "y", "origin": [8, 0.25, 8.25]},
			"faces": {
				"north": {"uv": [6, 1, 8, 1.5], "texture": "#0"},
				"east": {"uv": [0, 7, 1, 7.5], "rotation": 180, "texture": "#0"},
				"south": {"uv": [2, 6, 4, 6.5], "texture": "#0"},
				"west": {"uv": [1, 7, 2, 7.5], "texture": "#0"},
				"up": {"uv": [6, 3, 4, 2], "texture": "#0"},
				"down": {"uv": [6, 3, 4, 4], "texture": "#0"}
			}
		},
		{
			"from": [6.9, 15.5, 7.6],
			"to": [9, 16, 8.4],
			"rotation": {"angle": 0, "axis": "y", "origin": [8, 0.25, 8.25]},
			"faces": {
				"north": {"uv": [6, 2, 8, 2.5], "texture": "#0"},
				"east": {"uv": [2, 7, 3, 7.5], "texture": "#0"},
				"south": {"uv": [6, 3, 8, 3.5], "texture": "#0"},
				"west": {"uv": [3, 7, 4, 7.5], "texture": "#0"},
				"up": {"uv": [6, 5, 4, 4], "texture": "#0"},
				"down": {"uv": [2, 5, 0, 6], "texture": "#0"}
			}
		},
		{
			"from": [6.75, 13.5, 7.5],
			"to": [7.25, 14, 8],
			"rotation": {"angle": 45, "axis": "y", "origin": [7.25, 12.75, 8]},
			"faces": {
				"north": {"uv": [7, 5, 7.5, 5.5], "texture": "#0"},
				"east": {"uv": [6, 7, 6.5, 7.5], "texture": "#0"},
				"south": {"uv": [7, 6, 7.5, 6.5], "texture": "#0"},
				"west": {"uv": [7, 7, 7.5, 7.5], "texture": "#0"},
				"up": {"uv": [0.5, 8.5, 0, 8], "texture": "#0"},
				"down": {"uv": [8.5, 0, 8, 0.5], "texture": "#0"}
			}
		},
		{
			"from": [6.75, 14.5, 7.5],
			"to": [7.25, 15, 8],
			"rotation": {"angle": 45, "axis": "y", "origin": [7.25, 12.75, 8]},
			"faces": {
				"north": {"uv": [1, 8, 1.5, 8.5], "texture": "#0"},
				"east": {"uv": [8, 1, 8.5, 1.5], "texture": "#0"},
				"south": {"uv": [2, 8, 2.5, 8.5], "texture": "#0"},
				"west": {"uv": [8, 2, 8.5, 2.5], "texture": "#0"},
				"up": {"uv": [3.5, 8.5, 3, 8], "texture": "#0"},
				"down": {"uv": [8.5, 3, 8, 3.5], "texture": "#0"}
			}
		},
		{
			"from": [6.75, 15.5, 7.5],
			"to": [7.25, 16, 8],
			"rotation": {"angle": 45, "axis": "y", "origin": [7.25, 12.75, 8]},
			"faces": {
				"north": {"uv": [4, 8, 4.5, 8.5], "texture": "#0"},
				"east": {"uv": [8, 4, 8.5, 4.5], "texture": "#0"},
				"south": {"uv": [5, 8, 5.5, 8.5], "texture": "#0"},
				"west": {"uv": [8, 5, 8.5, 5.5], "texture": "#0"},
				"up": {"uv": [6.5, 8.5, 6, 8], "texture": "#0"},
				"down": {"uv": [8.5, 6, 8, 6.5], "texture": "#0"}
			}
		},
		{
			"from": [8.75, 11.5, 7.5],
			"to": [9.25, 16.5, 8],
			"rotation": {"angle": -45, "axis": "y", "origin": [8.75, 12.75, 8]},
			"faces": {
				"north": {"uv": [0, 0, 0.5, 5], "texture": "#0"},
				"east": {"uv": [1, 0, 1.5, 5], "texture": "#0"},
				"south": {"uv": [2, 0, 2.5, 5], "texture": "#0"},
				"west": {"uv": [3, 0, 3.5, 5], "texture": "#0"},
				"up": {"uv": [7.5, 8.5, 7, 8], "texture": "#0"},
				"down": {"uv": [8.5, 7, 8, 7.5], "texture": "#0"}
			}
		},
		{
			"from": [6.9, 12.5, 7.6],
			"to": [9, 13, 8.4],
			"rotation": {"angle": 0, "axis": "y", "origin": [8, 0.25, 8.25]},
			"faces": {
				"north": {"uv": [4, 6, 6, 6.5], "texture": "#0"},
				"east": {"uv": [4, 7, 5, 7.5], "texture": "#0"},
				"south": {"uv": [6, 4, 8, 4.5], "texture": "#0"},
				"west": {"uv": [5, 7, 6, 7.5], "texture": "#0"},
				"up": {"uv": [4, 6, 2, 5], "texture": "#0"},
				"down": {"uv": [6, 5, 4, 6], "texture": "#0"}
			}
		},
		{
			"from": [6.75, 12.5, 7.5],
			"to": [7.25, 13, 8],
			"rotation": {"angle": 45, "axis": "y", "origin": [7.25, 12.75, 8]},
			"faces": {
				"north": {"uv": [8, 8, 8.5, 8.5], "texture": "#0"},
				"east": {"uv": [0, 9, 0.5, 9.5], "texture": "#0"},
				"south": {"uv": [9, 0, 9.5, 0.5], "texture": "#0"},
				"west": {"uv": [1, 9, 1.5, 9.5], "texture": "#0"},
				"up": {"uv": [9.5, 1.5, 9, 1], "texture": "#0"},
				"down": {"uv": [2.5, 9, 2, 9.5], "texture": "#0"}
			}
		},
		{
			"from": [7.5, 1.5, 7.5],
			"to": [8.5, 4, 8.5],
			"rotation": {"angle": 0, "axis": "y", "origin": [8, 0.25, 8.25]},
			"faces": {
				"north": {"uv": [0, 4, 1, 6.5], "texture": "#7"},
				"east": {"uv": [4, 0, 5, 2.5], "texture": "#7"},
				"south": {"uv": [1, 4, 2, 6.5], "texture": "#7"},
				"west": {"uv": [2, 4, 3, 6.5], "texture": "#7"},
				"up": {"uv": [4, 7, 3, 6], "texture": "#7"},
				"down": {"uv": [7, 3, 6, 4], "texture": "#7"}
			}
		},
		{
			"from": [6.75, 0.5, 7.5],
			"to": [8.75, 1.5, 9.5],
			"shade": false,
			"rotation": {"angle": -45, "axis": "y", "origin": [8.5, -0.25, 8.5]},
			"faces": {
				"north": {"uv": [3, 4, 5, 5], "texture": "#7"},
				"east": {"uv": [4, 3, 6, 4], "texture": "#7"},
				"south": {"uv": [5, 0, 7, 1], "texture": "#7"},
				"west": {"uv": [5, 1, 7, 2], "texture": "#7"},
				"up": {"uv": [2, 2, 0, 0], "texture": "#7"},
				"down": {"uv": [2, 2, 0, 4], "texture": "#7"}
			}
		},
		{
			"from": [6.75, 3, 7.5],
			"to": [8.75, 4, 9.5],
			"rotation": {"angle": -45, "axis": "y", "origin": [8.5, 0.75, 8.5]},
			"faces": {
				"north": {"uv": [5, 2, 7, 3], "texture": "#7"},
				"east": {"uv": [3, 5, 5, 6], "texture": "#7"},
				"south": {"uv": [5, 4, 7, 5], "texture": "#7"},
				"west": {"uv": [5, 5, 7, 6], "texture": "#7"},
				"up": {"uv": [4, 2, 2, 0], "texture": "#7"},
				"down": {"uv": [4, 2, 2, 4], "texture": "#7"}
			}
		},
		{
			"from": [7, 0.5, 7],
			"to": [9, 1.5, 9],
			"shade": false,
			"rotation": {"angle": 0, "axis": "y", "origin": [8.75, -0.25, 8]},
			"faces": {
				"north": {"uv": [2, 7, 4, 8], "texture": "#7"},
				"east": {"uv": [7, 2, 9, 3], "texture": "#7"},
				"south": {"uv": [7, 3, 9, 4], "texture": "#7"},
				"west": {"uv": [7, 4, 9, 5], "texture": "#7"},
				"up": {"uv": [6, 8, 4, 6], "texture": "#7"},
				"down": {"uv": [8, 6, 6, 8], "texture": "#7"}
			}
		},
		{
			"from": [7, 3, 7],
			"to": [9, 4, 9],
			"rotation": {"angle": 0, "axis": "y", "origin": [8.75, 0.75, 8]},
			"faces": {
				"north": {"uv": [7, 5, 9, 6], "texture": "#7"},
				"east": {"uv": [2, 8, 4, 9], "texture": "#7"},
				"south": {"uv": [4, 8, 6, 9], "texture": "#7"},
				"west": {"uv": [6, 8, 8, 9], "texture": "#7"},
				"up": {"uv": [2, 9, 0, 7], "texture": "#7"},
				"down": {"uv": [9, 0, 7, 2], "texture": "#7"}
			}
		},
		{
			"from": [7.5, 0.20355, 7.5],
			"to": [8.5, 1.20355, 8.5],
			"rotation": {"angle": 45, "axis": "x", "origin": [8, 0.70355, 8]},
			"faces": {
				"north": {"uv": [0, 8, 2, 10], "texture": "#6"},
				"east": {"uv": [8, 0, 10, 2], "texture": "#6"},
				"south": {"uv": [2, 8, 4, 10], "texture": "#6"},
				"west": {"uv": [8, 2, 10, 4], "texture": "#6"},
				"up": {"uv": [6, 10, 4, 8], "texture": "#6"},
				"down": {"uv": [10, 4, 8, 6], "texture": "#6"}
			}
		},
		{
			"from": [7.5, 0.20355, 7.5],
			"to": [8.5, 1.20355, 8.5],
			"rotation": {"angle": 45, "axis": "z", "origin": [8, 0.70355, 8]},
			"faces": {
				"north": {"uv": [6, 0, 8, 2], "texture": "#6"},
				"east": {"uv": [2, 6, 4, 8], "texture": "#6"},
				"south": {"uv": [6, 2, 8, 4], "texture": "#6"},
				"west": {"uv": [4, 6, 6, 8], "texture": "#6"},
				"up": {"uv": [8, 6, 6, 4], "texture": "#6"},
				"down": {"uv": [8, 6, 6, 8], "texture": "#6"}
			}
		},
		{
			"from": [7.5, 4, 7.5],
			"to": [8.5, 9, 8.5],
			"rotation": {"angle": 0, "axis": "y", "origin": [8, 0.25, 8.25]},
			"faces": {
				"north": {"uv": [0, 6, 1, 11], "texture": "#5"},
				"east": {"uv": [1, 6, 2, 11], "texture": "#5"},
				"south": {"uv": [2, 6, 3, 11], "texture": "#5"},
				"west": {"uv": [7, 0, 8, 5], "texture": "#5"},
				"up": {"uv": [9, 7, 8, 6], "texture": "#5"},
				"down": {"uv": [9, 7, 8, 8], "texture": "#5"}
			}
		},
		{
			"from": [6.75, 9.75, 7.5],
			"to": [9.25, 12.5, 8.5],
			"rotation": {"angle": 0, "axis": "y", "origin": [8, 0.25, 8.25]},
			"faces": {
				"north": {"uv": [0, 0, 2.5, 3], "texture": "#5"},
				"east": {"uv": [7, 5, 8, 8], "texture": "#5"},
				"south": {"uv": [0, 3, 2.5, 6], "texture": "#5"},
				"west": {"uv": [8, 0, 9, 3], "texture": "#5"},
				"up": {"uv": [5.5, 9, 3, 8], "texture": "#5"},
				"down": {"uv": [10.5, 3, 8, 4], "texture": "#5"}
			}
		},
		{
			"from": [7.25, 9, 7.25],
			"to": [8.75, 13, 8.75],
			"rotation": {"angle": 0, "axis": "y", "origin": [8, 0.25, 8.25]},
			"faces": {
				"north": {"uv": [3, 0, 4.5, 4], "texture": "#5"},
				"east": {"uv": [3, 4, 4.5, 8], "texture": "#5"},
				"south": {"uv": [5, 0, 6.5, 4], "texture": "#5"},
				"west": {"uv": [5, 4, 6.5, 8], "texture": "#5"},
				"up": {"uv": [9.5, 5.5, 8, 4], "texture": "#5"},
				"down": {"uv": [7.5, 8, 6, 9.5], "texture": "#5"}
			}
		},
		{
			"from": [7.75, 12.9, 7.15],
			"to": [8.75, 13.9, 8.85],
			"rotation": {"angle": -45, "axis": "z", "origin": [7.625, 13.5, 8]},
			"faces": {
				"north": {"uv": [2, 4, 4, 6], "texture": "#6"},
				"east": {"uv": [0, 0, 3, 2], "texture": "#6"},
				"south": {"uv": [4, 4, 6, 6], "texture": "#6"},
				"west": {"uv": [0, 2, 3, 4], "texture": "#6"},
				"up": {"uv": [2, 7, 0, 4], "texture": "#6"},
				"down": {"uv": [6, 0, 4, 3], "texture": "#6"}
			}
		},
		{
			"from": [7.7, 12.5, 7.75],
			"to": [9, 26.5, 8.25],
			"rotation": {"angle": 0, "axis": "y", "origin": [8, 0.25, 8.25]},
			"faces": {
				"north": {"uv": [0, 0, 1.5, 14], "texture": "#1"},
				"east": {"uv": [4, 0, 4.5, 14], "texture": "#1"},
				"south": {"uv": [2, 0, 3.5, 14], "texture": "#1"},
				"west": {"uv": [5, 0, 5.5, 14], "texture": "#1"},
				"up": {"uv": [7.5, 0.5, 6, 0], "texture": "#1"},
				"down": {"uv": [7.5, 1, 6, 1.5], "texture": "#1"}
			}
		},
		{
			"from": [7.95, 26.5, 7.75],
			"to": [9.25, 27, 8.25],
			"rotation": {"angle": 0, "axis": "y", "origin": [8, 0.25, 8.25]},
			"faces": {
				"north": {"uv": [6, 2, 7.5, 2.5], "texture": "#1"},
				"east": {"uv": [10, 4, 10.5, 4.5], "texture": "#1"},
				"south": {"uv": [6, 3, 7.5, 3.5], "texture": "#1"},
				"west": {"uv": [10, 5, 10.5, 5.5], "texture": "#1"},
				"up": {"uv": [7.5, 4.5, 6, 4], "texture": "#1"},
				"down": {"uv": [7.5, 5, 6, 5.5], "texture": "#1"}
			}
		},
		{
			"from": [9, 25.5, 7.75],
			"to": [9.25, 26.5, 8.25],
			"rotation": {"angle": 0, "axis": "y", "origin": [8, 0.25, 8.25]},
			"faces": {
				"north": {"uv": [6, 8, 6.5, 9], "texture": "#1"},
				"east": {"uv": [8, 6, 8.5, 7], "texture": "#1"},
				"south": {"uv": [7, 8, 7.5, 9], "texture": "#1"},
				"west": {"uv": [8, 7, 8.5, 8], "texture": "#1"},
				"up": {"uv": [6.5, 10.5, 6, 10], "texture": "#1"},
				"down": {"uv": [10.5, 6, 10, 6.5], "texture": "#1"}
			}
		},
		{
			"from": [9.25, 26, 7.75],
			"to": [9.5, 27, 8.25],
			"rotation": {"angle": 0, "axis": "y", "origin": [8, 0.25, 8.25]},
			"faces": {
				"north": {"uv": [8, 8, 8.5, 9], "texture": "#1"},
				"east": {"uv": [6, 9, 6.5, 10], "texture": "#1"},
				"south": {"uv": [9, 6, 9.5, 7], "texture": "#1"},
				"west": {"uv": [7, 9, 7.5, 10], "texture": "#1"},
				"up": {"uv": [7.5, 10.5, 7, 10], "texture": "#1"},
				"down": {"uv": [10.5, 7, 10, 7.5], "texture": "#1"}
			}
		},
		{
			"from": [9.5, 26.5, 7.75],
			"to": [9.75, 27.5, 8.25],
			"rotation": {"angle": 0, "axis": "y", "origin": [8, 0.25, 8.25]},
			"faces": {
				"north": {"uv": [9, 7, 9.5, 8], "texture": "#1"},
				"east": {"uv": [8, 9, 8.5, 10], "texture": "#1"},
				"south": {"uv": [9, 8, 9.5, 9], "texture": "#1"},
				"west": {"uv": [9, 9, 9.5, 10], "texture": "#1"},
				"up": {"uv": [8.5, 10.5, 8, 10], "texture": "#1"},
				"down": {"uv": [10.5, 8, 10, 8.5], "texture": "#1"}
			}
		},
		{
			"from": [8.2, 27, 7.75],
			"to": [9.5, 27.5, 8.25],
			"rotation": {"angle": 0, "axis": "y", "origin": [8, 0.25, 8.25]},
			"faces": {
				"north": {"uv": [6, 6, 7.5, 6.5], "texture": "#1"},
				"east": {"uv": [9, 10, 9.5, 10.5], "texture": "#1"},
				"south": {"uv": [6, 7, 7.5, 7.5], "texture": "#1"},
				"west": {"uv": [10, 9, 10.5, 9.5], "texture": "#1"},
				"up": {"uv": [9.5, 0.5, 8, 0], "texture": "#1"},
				"down": {"uv": [9.5, 1, 8, 1.5], "texture": "#1"}
			}
		},
		{
			"from": [8.45, 27.5, 7.75],
			"to": [9.75, 28, 8.25],
			"rotation": {"angle": 0, "axis": "y", "origin": [8, 0.25, 8.25]},
			"faces": {
				"north": {"uv": [8, 2, 9.5, 2.5], "texture": "#1"},
				"east": {"uv": [10, 10, 10.5, 10.5], "texture": "#1"},
				"south": {"uv": [8, 3, 9.5, 3.5], "texture": "#1"},
				"west": {"uv": [11, 0, 11.5, 0.5], "texture": "#1"},
				"up": {"uv": [9.5, 4.5, 8, 4], "texture": "#1"},
				"down": {"uv": [9.5, 5, 8, 5.5], "texture": "#1"}
			}
		},
		{
			"from": [8.7, 28, 7.75],
			"to": [9.5, 28.5, 8.25],
			"rotation": {"angle": 0, "axis": "y", "origin": [8, 0.25, 8.25]},
			"faces": {
				"north": {"uv": [10, 0, 11, 0.5], "texture": "#1"},
				"east": {"uv": [11, 1, 11.5, 1.5], "texture": "#1"},
				"south": {"uv": [10, 1, 11, 1.5], "texture": "#1"},
				"west": {"uv": [11, 2, 11.5, 2.5], "texture": "#1"},
				"up": {"uv": [11, 2.5, 10, 2], "texture": "#1"},
				"down": {"uv": [11, 3, 10, 3.5], "texture": "#1"}
			}
		},
		{
			"from": [8.95, 28.5, 7.75],
			"to": [9.25, 28.75, 8.25],
			"rotation": {"angle": 0, "axis": "y", "origin": [8, 0.25, 8.25]},
			"faces": {
				"north": {"uv": [11, 3, 11.5, 3.5], "texture": "#1"},
				"east": {"uv": [11, 4, 11.5, 4.5], "texture": "#1"},
				"south": {"uv": [11, 5, 11.5, 5.5], "texture": "#1"},
				"west": {"uv": [6, 11, 6.5, 11.5], "texture": "#1"},
				"up": {"uv": [11.5, 6.5, 11, 6], "texture": "#1"},
				"down": {"uv": [7.5, 11, 7, 11.5], "texture": "#1"}
			}
		},
		{
			"from": [7, 13, 7.85],
			"to": [7.7, 26.5, 8.1],
			"rotation": {"angle": 0, "axis": "y", "origin": [8, 0.25, 8.25]},
			"faces": {
				"north": {"uv": [0, 0, 0.5, 13.5], "texture": "#2"},
				"east": {"uv": [1, 0, 1.5, 13.5], "texture": "#2"},
				"south": {"uv": [2, 0, 2.5, 13.5], "texture": "#2"},
				"west": {"uv": [3, 0, 3.5, 13.5], "texture": "#2"},
				"up": {"uv": [8.5, 0.5, 8, 0], "texture": "#2"},
				"down": {"uv": [8.5, 1, 8, 1.5], "texture": "#2"}
			}
		},
		{
			"from": [7, 26.5, 7.85],
			"to": [7.95, 27, 8.1],
			"rotation": {"angle": 0, "axis": "y", "origin": [8, 0.25, 8.25]},
			"faces": {
				"north": {"uv": [4, 0, 5, 0.5], "texture": "#2"},
				"east": {"uv": [8, 2, 8.5, 2.5], "texture": "#2"},
				"south": {"uv": [4, 1, 5, 1.5], "texture": "#2"},
				"west": {"uv": [8, 3, 8.5, 3.5], "texture": "#2"},
				"up": {"uv": [5, 2.5, 4, 2], "texture": "#2"},
				"down": {"uv": [5, 3, 4, 3.5], "texture": "#2"}
			}
		},
		{
			"from": [7.25, 27, 7.85],
			"to": [8.45, 27.5, 8.1],
			"rotation": {"angle": 0, "axis": "y", "origin": [8, 0.25, 8.25]},
			"faces": {
				"north": {"uv": [4, 4, 5, 4.5], "texture": "#2"},
				"east": {"uv": [4, 8, 4.5, 8.5], "texture": "#2"},
				"south": {"uv": [5, 0, 6, 0.5], "texture": "#2"},
				"west": {"uv": [8, 4, 8.5, 4.5], "texture": "#2"},
				"up": {"uv": [6, 1.5, 5, 1], "texture": "#2"},
				"down": {"uv": [6, 2, 5, 2.5], "texture": "#2"}
			}
		},
		{
			"from": [7.5, 27.5, 7.85],
			"to": [8.45, 28, 8.1],
			"rotation": {"angle": 0, "axis": "y", "origin": [8, 0.25, 8.25]},
			"faces": {
				"north": {"uv": [5, 3, 6, 3.5], "texture": "#2"},
				"east": {"uv": [5, 8, 5.5, 8.5], "texture": "#2"},
				"south": {"uv": [4, 5, 5, 5.5], "texture": "#2"},
				"west": {"uv": [8, 5, 8.5, 5.5], "texture": "#2"},
				"up": {"uv": [6, 4.5, 5, 4], "texture": "#2"},
				"down": {"uv": [6, 5, 5, 5.5], "texture": "#2"}
			}
		},
		{
			"from": [7.75, 28, 7.85],
			"to": [8.7, 28.5, 8.1],
			"rotation": {"angle": 0, "axis": "y", "origin": [8, 0.25, 8.25]},
			"faces": {
				"north": {"uv": [6, 0, 7, 0.5], "texture": "#2"},
				"east": {"uv": [6, 8, 6.5, 8.5], "texture": "#2"},
				"south": {"uv": [6, 1, 7, 1.5], "texture": "#2"},
				"west": {"uv": [8, 6, 8.5, 6.5], "texture": "#2"},
				"up": {"uv": [7, 2.5, 6, 2], "texture": "#2"},
				"down": {"uv": [7, 3, 6, 3.5], "texture": "#2"}
			}
		},
		{
			"from": [8, 28.5, 7.85],
			"to": [9, 29, 8.1],
			"rotation": {"angle": 0, "axis": "y", "origin": [8, 0.25, 8.25]},
			"faces": {
				"north": {"uv": [4, 6, 5, 6.5], "texture": "#2"},
				"east": {"uv": [7, 8, 7.5, 8.5], "texture": "#2"},
				"south": {"uv": [6, 4, 7, 4.5], "texture": "#2"},
				"west": {"uv": [8, 7, 8.5, 7.5], "texture": "#2"},
				"up": {"uv": [6, 6.5, 5, 6], "texture": "#2"},
				"down": {"uv": [7, 5, 6, 5.5], "texture": "#2"}
			}
		},
		{
			"from": [8.25, 29, 7.85],
			"to": [9.25, 29.5, 8.1],
			"rotation": {"angle": 0, "axis": "y", "origin": [8, 0.25, 8.25]},
			"faces": {
				"north": {"uv": [6, 6, 7, 6.5], "texture": "#2"},
				"east": {"uv": [8, 8, 8.5, 8.5], "texture": "#2"},
				"south": {"uv": [7, 0, 8, 0.5], "texture": "#2"},
				"west": {"uv": [9, 0, 9.5, 0.5], "texture": "#2"},
				"up": {"uv": [8, 1.5, 7, 1], "texture": "#2"},
				"down": {"uv": [8, 2, 7, 2.5], "texture": "#2"}
			}
		},
		{
			"from": [8.5, 29.5, 7.85],
			"to": [9.5, 29.75, 8.1],
			"rotation": {"angle": 0, "axis": "y", "origin": [8, 0.25, 8.25]},
			"faces": {
				"north": {"uv": [7, 3, 8, 3.5], "texture": "#2"},
				"east": {"uv": [9, 1, 9.5, 1.5], "texture": "#2"},
				"south": {"uv": [4, 7, 5, 7.5], "texture": "#2"},
				"west": {"uv": [9, 2, 9.5, 2.5], "texture": "#2"},
				"up": {"uv": [8, 4.5, 7, 4], "texture": "#2"},
				"down": {"uv": [6, 7, 5, 7.5], "texture": "#2"}
			}
		},
		{
			"from": [8.75, 29.75, 7.85],
			"to": [9.5, 30, 8.1],
			"rotation": {"angle": 0, "axis": "y", "origin": [8, 0.25, 8.25]},
			"faces": {
				"north": {"uv": [7, 5, 8, 5.5], "texture": "#2"},
				"east": {"uv": [9, 3, 9.5, 3.5], "texture": "#2"},
				"south": {"uv": [6, 7, 7, 7.5], "texture": "#2"},
				"west": {"uv": [4, 9, 4.5, 9.5], "texture": "#2"},
				"up": {"uv": [8, 6.5, 7, 6], "texture": "#2"},
				"down": {"uv": [8, 7, 7, 7.5], "texture": "#2"}
			}
		},
		{
			"from": [9, 30, 7.85],
			"to": [9.5, 30.25, 8.1],
			"rotation": {"angle": 0, "axis": "y", "origin": [8, 0.25, 8.25]},
			"faces": {
				"north": {"uv": [9, 4, 9.5, 4.5], "texture": "#2"},
				"east": {"uv": [5, 9, 5.5, 9.5], "texture": "#2"},
				"south": {"uv": [9, 5, 9.5, 5.5], "texture": "#2"},
				"west": {"uv": [6, 9, 6.5, 9.5], "texture": "#2"},
				"up": {"uv": [9.5, 6.5, 9, 6], "texture": "#2"},
				"down": {"uv": [7.5, 9, 7, 9.5], "texture": "#2"}
			}
		},
		{
			"from": [9, 28.75, 7.85],
			"to": [9.25, 29, 8.1],
			"rotation": {"angle": 0, "axis": "y", "origin": [8, 0.25, 8.25]},
			"faces": {
				"north": {"uv": [9, 7, 9.5, 7.5], "texture": "#2"},
				"east": {"uv": [8, 9, 8.5, 9.5], "texture": "#2"},
				"south": {"uv": [9, 8, 9.5, 8.5], "texture": "#2"},
				"west": {"uv": [9, 9, 9.5, 9.5], "texture": "#2"},
				"up": {"uv": [10.5, 0.5, 10, 0], "texture": "#2"},
				"down": {"uv": [10.5, 1, 10, 1.5], "texture": "#2"}
			}
		},
		{
			"from": [6.3, 10.275, 7.75],
			"to": [6.8, 12.075, 8.25],
			"rotation": {"angle": 0, "axis": "y", "origin": [6.2375, 10.8125, 7.9875]},
			"faces": {
				"north": {"uv": [0, 0, 0.5, 2], "texture": "#4"},
				"east": {"uv": [1, 0, 1.5, 2], "texture": "#4"},
				"south": {"uv": [0, 2, 0.5, 4], "texture": "#4"},
				"west": {"uv": [2, 0, 2.5, 2], "texture": "#4"},
				"up": {"uv": [7.5, 3.5, 7, 3], "texture": "#4"},
				"down": {"uv": [4.5, 7, 4, 7.5], "texture": "#4"}
			}
		},
		{
			"from": [5.8, 10.525, 7.75],
			"to": [6.3, 12.325, 8.25],
			"rotation": {"angle": 0, "axis": "y", "origin": [6.2375, 10.8125, 7.9875]},
			"faces": {
				"north": {"uv": [1, 2, 1.5, 4], "texture": "#4"},
				"east": {"uv": [2, 2, 2.5, 4], "texture": "#4"},
				"south": {"uv": [3, 0, 3.5, 2], "texture": "#4"},
				"west": {"uv": [3, 2, 3.5, 4], "texture": "#4"},
				"up": {"uv": [7.5, 4.5, 7, 4], "texture": "#4"},
				"down": {"uv": [5.5, 7, 5, 7.5], "texture": "#4"}
			}
		},
		{
			"from": [5.3, 10.775, 7.75],
			"to": [5.8, 12.075, 8.25],
			"rotation": {"angle": 0, "axis": "y", "origin": [6.2375, 10.8125, 7.9875]},
			"faces": {
				"north": {"uv": [4, 2, 4.5, 3.5], "texture": "#4"},
				"east": {"uv": [3, 4, 3.5, 5.5], "texture": "#4"},
				"south": {"uv": [4, 4, 4.5, 5.5], "texture": "#4"},
				"west": {"uv": [5, 0, 5.5, 1.5], "texture": "#4"},
				"up": {"uv": [7.5, 5.5, 7, 5], "texture": "#4"},
				"down": {"uv": [6.5, 7, 6, 7.5], "texture": "#4"}
			}
		},
		{
			"from": [4.8, 11.025, 7.75],
			"to": [5.3, 11.825, 8.25],
			"rotation": {"angle": 0, "axis": "y", "origin": [6.2375, 10.8125, 7.9875]},
			"faces": {
				"north": {"uv": [4, 6, 4.5, 7], "texture": "#4"},
				"east": {"uv": [6, 4, 6.5, 5], "texture": "#4"},
				"south": {"uv": [5, 6, 5.5, 7], "texture": "#4"},
				"west": {"uv": [6, 5, 6.5, 6], "texture": "#4"},
				"up": {"uv": [7.5, 6.5, 7, 6], "texture": "#4"},
				"down": {"uv": [7.5, 7, 7, 7.5], "texture": "#4"}
			}
		},
		{
			"from": [4.55, 11.275, 7.75],
			"to": [4.8, 11.575, 8.25],
			"rotation": {"angle": 0, "axis": "y", "origin": [6.2375, 10.8125, 7.9875]},
			"faces": {
				"north": {"uv": [0, 8, 0.5, 8.5], "texture": "#4"},
				"east": {"uv": [8, 0, 8.5, 0.5], "texture": "#4"},
				"south": {"uv": [1, 8, 1.5, 8.5], "texture": "#4"},
				"west": {"uv": [8, 1, 8.5, 1.5], "texture": "#4"},
				"up": {"uv": [2.5, 8.5, 2, 8], "texture": "#4"},
				"down": {"uv": [8.5, 2, 8, 2.5], "texture": "#4"}
			}
		},
		{
			"from": [4.3, 10.325, 7.85],
			"to": [4.8, 11.325, 8.1],
			"rotation": {"angle": 0, "axis": "y", "origin": [6.2375, 10.8125, 7.9875]},
			"faces": {
				"north": {"uv": [0, 0, 0.5, 1], "texture": "#3"},
				"east": {"uv": [0, 1, 0.5, 2], "texture": "#3"},
				"south": {"uv": [1, 0, 1.5, 1], "texture": "#3"},
				"west": {"uv": [1, 1, 1.5, 2], "texture": "#3"},
				"up": {"uv": [7.5, 1.5, 7, 1], "texture": "#3"},
				"down": {"uv": [2.5, 7, 2, 7.5], "texture": "#3"}
			}
		},
		{
			"from": [4.3, 11.325, 7.85],
			"to": [4.55, 11.575, 8.1],
			"rotation": {"angle": 0, "axis": "y", "origin": [6.2375, 10.8125, 7.9875]},
			"faces": {
				"north": {"uv": [7, 2, 7.5, 2.5], "texture": "#3"},
				"east": {"uv": [3, 7, 3.5, 7.5], "texture": "#3"},
				"south": {"uv": [7, 3, 7.5, 3.5], "texture": "#3"},
				"west": {"uv": [4, 7, 4.5, 7.5], "texture": "#3"},
				"up": {"uv": [7.5, 4.5, 7, 4], "texture": "#3"},
				"down": {"uv": [5.5, 7, 5, 7.5], "texture": "#3"}
			}
		},
		{
			"from": [3.8, 10.575, 7.85],
			"to": [4.3, 11.575, 8.1],
			"rotation": {"angle": 0, "axis": "y", "origin": [6.2375, 10.8125, 7.9875]},
			"faces": {
				"north": {"uv": [0, 2, 0.5, 3], "texture": "#3"},
				"east": {"uv": [2, 0, 2.5, 1], "texture": "#3"},
				"south": {"uv": [1, 2, 1.5, 3], "texture": "#3"},
				"west": {"uv": [2, 1, 2.5, 2], "texture": "#3"},
				"up": {"uv": [7.5, 5.5, 7, 5], "texture": "#3"},
				"down": {"uv": [6.5, 7, 6, 7.5], "texture": "#3"}
			}
		},
		{
			"from": [3.55, 10.825, 7.85],
			"to": [3.8, 11.825, 8.1],
			"rotation": {"angle": 0, "axis": "y", "origin": [6.2375, 10.8125, 7.9875]},
			"faces": {
				"north": {"uv": [2, 2, 2.5, 3], "texture": "#3"},
				"east": {"uv": [0, 3, 0.5, 4], "texture": "#3"},
				"south": {"uv": [3, 0, 3.5, 1], "texture": "#3"},
				"west": {"uv": [1, 3, 1.5, 4], "texture": "#3"},
				"up": {"uv": [7.5, 6.5, 7, 6], "texture": "#3"},
				"down": {"uv": [7.5, 7, 7, 7.5], "texture": "#3"}
			}
		},
		{
			"from": [3.3, 11.075, 7.85],
			"to": [3.55, 11.825, 8.1],
			"rotation": {"angle": 0, "axis": "y", "origin": [6.2375, 10.8125, 7.9875]},
			"faces": {
				"north": {"uv": [3, 1, 3.5, 2], "texture": "#3"},
				"east": {"uv": [2, 3, 2.5, 4], "texture": "#3"},
				"south": {"uv": [3, 2, 3.5, 3], "texture": "#3"},
				"west": {"uv": [3, 3, 3.5, 4], "texture": "#3"},
				"up": {"uv": [0.5, 8.5, 0, 8], "texture": "#3"},
				"down": {"uv": [8.5, 0, 8, 0.5], "texture": "#3"}
			}
		},
		{
			"from": [3.05, 11.325, 7.85],
			"to": [3.3, 11.825, 8.1],
			"rotation": {"angle": 0, "axis": "y", "origin": [6.2375, 10.8125, 7.9875]},
			"faces": {
				"north": {"uv": [1, 8, 1.5, 8.5], "texture": "#3"},
				"east": {"uv": [8, 1, 8.5, 1.5], "texture": "#3"},
				"south": {"uv": [2, 8, 2.5, 8.5], "texture": "#3"},
				"west": {"uv": [8, 2, 8.5, 2.5], "texture": "#3"},
				"up": {"uv": [3.5, 8.5, 3, 8], "texture": "#3"},
				"down": {"uv": [8.5, 3, 8, 3.5], "texture": "#3"}
			}
		},
		{
			"from": [4.8, 10.075, 7.85],
			"to": [5.3, 11.025, 8.1],
			"rotation": {"angle": 0, "axis": "y", "origin": [6.2375, 10.8125, 7.9875]},
			"faces": {
				"north": {"uv": [0, 4, 0.5, 5], "texture": "#3"},
				"east": {"uv": [4, 0, 4.5, 1], "texture": "#3"},
				"south": {"uv": [1, 4, 1.5, 5], "texture": "#3"},
				"west": {"uv": [4, 1, 4.5, 2], "texture": "#3"},
				"up": {"uv": [4.5, 8.5, 4, 8], "texture": "#3"},
				"down": {"uv": [8.5, 4, 8, 4.5], "texture": "#3"}
			}
		},
		{
			"from": [5.3, 9.825, 7.85],
			"to": [5.8, 10.775, 8.1],
			"rotation": {"angle": 0, "axis": "y", "origin": [6.2375, 10.8125, 7.9875]},
			"faces": {
				"north": {"uv": [2, 4, 2.5, 5], "texture": "#3"},
				"east": {"uv": [4, 2, 4.5, 3], "texture": "#3"},
				"south": {"uv": [3, 4, 3.5, 5], "texture": "#3"},
				"west": {"uv": [4, 3, 4.5, 4], "texture": "#3"},
				"up": {"uv": [5.5, 8.5, 5, 8], "texture": "#3"},
				"down": {"uv": [8.5, 5, 8, 5.5], "texture": "#3"}
			}
		},
		{
			"from": [5.8, 9.575, 7.85],
			"to": [6.3, 10.775, 8.1],
			"rotation": {"angle": 0, "axis": "y", "origin": [6.2375, 10.8125, 7.9875]},
			"faces": {
				"north": {"uv": [4, 4, 4.5, 5], "texture": "#3"},
				"east": {"uv": [0, 5, 0.5, 6], "texture": "#3"},
				"south": {"uv": [5, 0, 5.5, 1], "texture": "#3"},
				"west": {"uv": [1, 5, 1.5, 6], "texture": "#3"},
				"up": {"uv": [6.5, 8.5, 6, 8], "texture": "#3"},
				"down": {"uv": [8.5, 6, 8, 6.5], "texture": "#3"}
			}
		},
		{
			"from": [9.675, 11.35, 7.85],
			"to": [10.175, 12.55, 8.1],
			"rotation": {"angle": 0, "axis": "y", "origin": [6.2375, 10.8125, 7.9875]},
			"faces": {
				"north": {"uv": [5, 1, 5.5, 2], "texture": "#3"},
				"east": {"uv": [2, 5, 2.5, 6], "texture": "#3"},
				"south": {"uv": [5, 2, 5.5, 3], "texture": "#3"},
				"west": {"uv": [3, 5, 3.5, 6], "texture": "#3"},
				"up": {"uv": [7.5, 8.5, 7, 8], "texture": "#3"},
				"down": {"uv": [8.5, 7, 8, 7.5], "texture": "#3"}
			}
		},
		{
			"from": [10.175, 11.35, 7.85],
			"to": [10.675, 12.3, 8.1],
			"rotation": {"angle": 0, "axis": "y", "origin": [6.2375, 10.8125, 7.9875]},
			"faces": {
				"north": {"uv": [5, 3, 5.5, 4], "texture": "#3"},
				"east": {"uv": [4, 5, 4.5, 6], "texture": "#3"},
				"south": {"uv": [5, 4, 5.5, 5], "texture": "#3"},
				"west": {"uv": [5, 5, 5.5, 6], "texture": "#3"},
				"up": {"uv": [8.5, 8.5, 8, 8], "texture": "#3"},
				"down": {"uv": [0.5, 9, 0, 9.5], "texture": "#3"}
			}
		},
		{
			"from": [11.175, 10.8, 7.85],
			"to": [11.675, 11.8, 8.1],
			"rotation": {"angle": 0, "axis": "y", "origin": [6.2375, 10.8125, 7.9875]},
			"faces": {
				"north": {"uv": [0, 6, 0.5, 7], "texture": "#3"},
				"east": {"uv": [6, 0, 6.5, 1], "texture": "#3"},
				"south": {"uv": [1, 6, 1.5, 7], "texture": "#3"},
				"west": {"uv": [6, 1, 6.5, 2], "texture": "#3"},
				"up": {"uv": [9.5, 0.5, 9, 0], "texture": "#3"},
				"down": {"uv": [1.5, 9, 1, 9.5], "texture": "#3"}
			}
		},
		{
			"from": [11.675, 10.55, 7.85],
			"to": [12.175, 11.55, 8.1],
			"rotation": {"angle": 0, "axis": "y", "origin": [6.2375, 10.8125, 7.9875]},
			"faces": {
				"north": {"uv": [2, 6, 2.5, 7], "texture": "#3"},
				"east": {"uv": [6, 2, 6.5, 3], "texture": "#3"},
				"south": {"uv": [3, 6, 3.5, 7], "texture": "#3"},
				"west": {"uv": [6, 3, 6.5, 4], "texture": "#3"},
				"up": {"uv": [9.5, 1.5, 9, 1], "texture": "#3"},
				"down": {"uv": [2.5, 9, 2, 9.5], "texture": "#3"}
			}
		},
		{
			"from": [12.175, 10.3, 7.85],
			"to": [12.425, 11.3, 8.1],
			"rotation": {"angle": 0, "axis": "y", "origin": [6.2375, 10.8125, 7.9875]},
			"faces": {
				"north": {"uv": [4, 6, 4.5, 7], "texture": "#3"},
				"east": {"uv": [6, 4, 6.5, 5], "texture": "#3"},
				"south": {"uv": [5, 6, 5.5, 7], "texture": "#3"},
				"west": {"uv": [6, 5, 6.5, 6], "texture": "#3"},
				"up": {"uv": [9.5, 2.5, 9, 2], "texture": "#3"},
				"down": {"uv": [3.5, 9, 3, 9.5], "texture": "#3"}
			}
		},
		{
			"from": [12.425, 10.3, 7.85],
			"to": [12.675, 11.05, 8.1],
			"rotation": {"angle": 0, "axis": "y", "origin": [6.2375, 10.8125, 7.9875]},
			"faces": {
				"north": {"uv": [6, 6, 6.5, 7], "texture": "#3"},
				"east": {"uv": [0, 7, 0.5, 8], "texture": "#3"},
				"south": {"uv": [7, 0, 7.5, 1], "texture": "#3"},
				"west": {"uv": [1, 7, 1.5, 8], "texture": "#3"},
				"up": {"uv": [9.5, 3.5, 9, 3], "texture": "#3"},
				"down": {"uv": [4.5, 9, 4, 9.5], "texture": "#3"}
			}
		},
		{
			"from": [12.675, 10.3, 7.85],
			"to": [12.925, 10.8, 8.1],
			"rotation": {"angle": 0, "axis": "y", "origin": [6.2375, 10.8125, 7.9875]},
			"faces": {
				"north": {"uv": [9, 4, 9.5, 4.5], "texture": "#3"},
				"east": {"uv": [5, 9, 5.5, 9.5], "texture": "#3"},
				"south": {"uv": [9, 5, 9.5, 5.5], "texture": "#3"},
				"west": {"uv": [6, 9, 6.5, 9.5], "texture": "#3"},
				"up": {"uv": [9.5, 6.5, 9, 6], "texture": "#3"},
				"down": {"uv": [7.5, 9, 7, 9.5], "texture": "#3"}
			}
		},
		{
			"from": [11.425, 10.55, 7.85],
			"to": [11.675, 10.8, 8.1],
			"rotation": {"angle": 0, "axis": "y", "origin": [6.2375, 10.8125, 7.9875]},
			"faces": {
				"north": {"uv": [9, 7, 9.5, 7.5], "texture": "#3"},
				"east": {"uv": [8, 9, 8.5, 9.5], "texture": "#3"},
				"south": {"uv": [9, 8, 9.5, 8.5], "texture": "#3"},
				"west": {"uv": [9, 9, 9.5, 9.5], "texture": "#3"},
				"up": {"uv": [0.5, 10.5, 0, 10], "texture": "#3"},
				"down": {"uv": [10.5, 0, 10, 0.5], "texture": "#3"}
			}
		},
		{
			"from": [10.675, 11.1, 7.85],
			"to": [11.175, 12.05, 8.1],
			"rotation": {"angle": 0, "axis": "y", "origin": [6.2375, 10.8125, 7.9875]},
			"faces": {
				"north": {"uv": [1, 10, 1.5, 11], "texture": "#3"},
				"east": {"uv": [10, 1, 10.5, 2], "texture": "#3"},
				"south": {"uv": [2, 10, 2.5, 11], "texture": "#3"},
				"west": {"uv": [10, 2, 10.5, 3], "texture": "#3"},
				"up": {"uv": [3.5, 10.5, 3, 10], "texture": "#3"},
				"down": {"uv": [10.5, 3, 10, 3.5], "texture": "#3"}
			}
		},
		{
			"from": [11.175, 10.55, 7.75],
			"to": [11.425, 10.85, 8.25],
			"rotation": {"angle": 0, "axis": "y", "origin": [6.2375, 10.8125, 7.9875]},
			"faces": {
				"north": {"uv": [3, 8, 3.5, 8.5], "texture": "#4"},
				"east": {"uv": [8, 3, 8.5, 3.5], "texture": "#4"},
				"south": {"uv": [4, 8, 4.5, 8.5], "texture": "#4"},
				"west": {"uv": [8, 4, 8.5, 4.5], "texture": "#4"},
				"up": {"uv": [5.5, 8.5, 5, 8], "texture": "#4"},
				"down": {"uv": [8.5, 5, 8, 5.5], "texture": "#4"}
			}
		},
		{
			"from": [10.675, 10.3, 7.75],
			"to": [11.175, 11.1, 8.25],
			"rotation": {"angle": 0, "axis": "y", "origin": [6.2375, 10.8125, 7.9875]},
			"faces": {
				"north": {"uv": [6, 6, 6.5, 7], "texture": "#4"},
				"east": {"uv": [7, 0, 7.5, 1], "texture": "#4"},
				"south": {"uv": [7, 1, 7.5, 2], "texture": "#4"},
				"west": {"uv": [7, 2, 7.5, 3], "texture": "#4"},
				"up": {"uv": [6.5, 8.5, 6, 8], "texture": "#4"},
				"down": {"uv": [8.5, 6, 8, 6.5], "texture": "#4"}
			}
		},
		{
			"from": [10.175, 10.05, 7.75],
			"to": [10.675, 11.35, 8.25],
			"rotation": {"angle": 0, "axis": "y", "origin": [6.2375, 10.8125, 7.9875]},
			"faces": {
				"north": {"uv": [5, 2, 5.5, 3.5], "texture": "#4"},
				"east": {"uv": [5, 4, 5.5, 5.5], "texture": "#4"},
				"south": {"uv": [0, 6, 0.5, 7.5], "texture": "#4"},
				"west": {"uv": [6, 0, 6.5, 1.5], "texture": "#4"},
				"up": {"uv": [7.5, 8.5, 7, 8], "texture": "#4"},
				"down": {"uv": [8.5, 7, 8, 7.5], "texture": "#4"}
			}
		},
		{
			"from": [9.675, 9.8, 7.75],
			"to": [10.175, 11.6, 8.25],
			"rotation": {"angle": 0, "axis": "y", "origin": [6.2375, 10.8125, 7.9875]},
			"faces": {
				"north": {"uv": [0, 4, 0.5, 6], "texture": "#4"},
				"east": {"uv": [4, 0, 4.5, 2], "texture": "#4"},
				"south": {"uv": [1, 4, 1.5, 6], "texture": "#4"},
				"west": {"uv": [2, 4, 2.5, 6], "texture": "#4"},
				"up": {"uv": [9.5, 0.5, 9, 0], "texture": "#4"},
				"down": {"uv": [1.5, 9, 1, 9.5], "texture": "#4"}
			}
		},
		{
			"from": [9.175, 10.3, 7.75],
			"to": [9.675, 11.85, 8.25],
			"rotation": {"angle": 0, "axis": "y", "origin": [6.2375, 10.8125, 7.9875]},
			"faces": {
				"north": {"uv": [1, 6, 1.5, 7.5], "texture": "#4"},
				"east": {"uv": [2, 6, 2.5, 7.5], "texture": "#4"},
				"south": {"uv": [6, 2, 6.5, 3.5], "texture": "#4"},
				"west": {"uv": [3, 6, 3.5, 7.5], "texture": "#4"},
				"up": {"uv": [8.5, 8.5, 8, 8], "texture": "#4"},
				"down": {"uv": [0.5, 9, 0, 9.5], "texture": "#4"}
			}
		}
	],
	"display": {
		"thirdperson_righthand": {
			"rotation": [0, -90, 0],
			"translation": [0, -0.5, 0]
		},
		"thirdperson_lefthand": {
			"rotation": [0, 90, 0],
			"translation": [0, -0.5, 0]
		},
		"firstperson_righthand": {
			"rotation": [0, -90, 14],
			"translation": [4, -0.5, 0]
		},
		"firstperson_lefthand": {
			"rotation": [0, 96, -9],
			"translation": [3.5, 0, 0]
		},
		"ground": {
			"rotation": [101, 0, 93],
			"translation": [8, 0, 0]
		},
		"gui": {
			"rotation": [0, 180, 44],
			"translation": [-3, -4, 0],
			"scale": [0.7, 0.7, 0.7]
		}
	},
	"groups": [
		{
			"name": "skulksw",
			"origin": [8, 8, 8],
			"color": 0,
			"nbt": "{}",
			"children": [
				{
					"name": "ribs",
					"origin": [7.25, 12.75, 8],
					"color": 0,
					"nbt": "{}",
					"children": [0, 1, 2, 3, 4, 5, 6, 7, 8]
				},
				{
					"name": "pommel",
					"origin": [8, 0.70355, 8],
					"color": 0,
					"nbt": "{}",
					"children": [9, 10, 11, 12, 13, 14, 15]
				},
				{
					"name": "handle",
					"origin": [8, 0.25, 8.25],
					"color": 0,
					"nbt": "{}",
					"children": [16, 17, 18, 19]
				},
				{
					"name": "backblade",
					"origin": [8, 0.25, 8.25],
					"color": 0,
					"nbt": "{}",
					"children": [20, 21, 22, 23, 24, 25, 26, 27, 28]
				},
				{
					"name": "sharpedge",
					"origin": [8, 0.25, 8.25],
					"color": 0,
					"nbt": "{}",
					"children": [29, 30, 31, 32, 33, 34, 35, 36, 37, 38, 39]
				},
				{
					"name": "handguard",
					"origin": [6.2375, 10.8125, 7.9875],
					"color": 0,
					"nbt": "{}",
					"children": [
						40,
						41,
						42,
						43,
						44,
						{
							"name": "edge",
							"origin": [6.2375, 10.8125, 7.9875],
							"color": 0,
							"nbt": "{}",
							"children": [45, 46, 47, 48, 49, 50, 51, 52, 53, 54, 55, 56, 57, 58, 59, 60, 61, 62]
						},
						63,
						64,
						65,
						66,
						67
					]
				}
			]
		}
	]
}