{
	"credit": "Made with Blockbench",
	"textures": {
		"0": "item/snail_texture",
		"particle": "item/block/blank"
	},
	"elements": [
		{
			"from": [5, 0, 1],
			"to": [11, 2, 15],
			"faces": {
				"north": {"uv": [0, 0, 6, 2], "texture": "#0"},
				"east": {"uv": [0, 0, 14, 2], "texture": "#0"},
				"south": {"uv": [0, 0, 6, 2], "texture": "#0"},
				"west": {"uv": [0, 0, 14, 2], "texture": "#0"},
				"up": {"uv": [6, 0, 8, 2], "texture": "#0"},
				"down": {"uv": [14, 2, 16, 6], "texture": "#0"}
			}
		},
		{
			"from": [9, 2, 2],
			"to": [10, 6, 4],
			"faces": {
				"north": {"uv": [4, 2, 5, 6], "texture": "#0"},
				"east": {"uv": [0, 2, 2, 6], "texture": "#0"},
				"south": {"uv": [5, 2, 6, 6], "texture": "#0"},
				"west": {"uv": [2, 2, 4, 6], "texture": "#0"},
				"up": {"uv": [6, 2, 7, 4], "texture": "#0"},
				"down": {"uv": [6, 4, 7, 6], "texture": "#0"}
			}
		},
		{
			"from": [9, 6, 0],
			"to": [10, 8, 4],
			"faces": {
				"north": {"uv": [11, 3, 12, 5], "texture": "#0"},
				"east": {"uv": [6, 5, 10, 7], "texture": "#0"},
				"south": {"uv": [9, 2, 10, 4], "texture": "#0"},
				"west": {"uv": [10, 5, 6, 7], "texture": "#0"},
				"up": {"uv": [6, 2, 7, 6], "texture": "#0"},
				"down": {"uv": [10, 3, 11, 7], "texture": "#0"}
			}
		},
		{
			"from": [6, 6, 0],
			"to": [7, 8, 4],
			"faces": {
				"north": {"uv": [11, 3, 12, 5], "texture": "#0"},
				"east": {"uv": [6, 5, 10, 7], "texture": "#0"},
				"south": {"uv": [9, 2, 10, 4], "texture": "#0"},
				"west": {"uv": [10, 5, 6, 7], "texture": "#0"},
				"up": {"uv": [6, 2, 7, 6], "texture": "#0"},
				"down": {"uv": [10, 3, 11, 7], "texture": "#0"}
			}
		},
		{
			"from": [6, 2, 2],
			"to": [7, 6, 4],
			"faces": {
				"north": {"uv": [4, 2, 5, 6], "texture": "#0"},
				"east": {"uv": [0, 2, 2, 6], "texture": "#0"},
				"south": {"uv": [5, 2, 6, 6], "texture": "#0"},
				"west": {"uv": [2, 2, 4, 6], "texture": "#0"},
				"up": {"uv": [6, 2, 7, 4], "texture": "#0"},
				"down": {"uv": [6, 4, 7, 6], "texture": "#0"}
			}
		},
		{
			"from": [5, 2, 5],
			"to": [11, 11, 14],
			"faces": {
				"north": {"uv": [10, 7, 16, 16], "texture": "#0"},
				"east": {"uv": [0, 7, 9, 16], "texture": "#0"},
				"south": {"uv": [10, 16, 16, 7], "texture": "#0"},
				"west": {"uv": [9, 7, 0, 16], "texture": "#0"},
				"up": {"uv": [16, 7, 10, 16], "texture": "#0"},
				"down": {"uv": [10, 7, 16, 16], "texture": "#0"}
			}
		}
	],
	"display": {
		"thirdperson_righthand": {
			"translation": [0.25, 1.5, 4.5],
			"scale": [0.2, 0.2, 0.2]
		},
		"thirdperson_lefthand": {
			"translation": [-0.25, 1.5, 4.5],
			"scale": [0.2, 0.2, 0.2]
		},
		"firstperson_righthand": {
			"rotation": [161, 0, 180],
			"translation": [-9, 2.75, -3]
		},
		"firstperson_lefthand": {
			"rotation": [149.84, 49.65, -156.17],
			"translation": [4.5, 2.75, -3]
		},
		"ground": {
			"translation": [0, 3.75, 0],
			"scale": [0.7, 0.7, 0.7]
		},
		"gui": {
			"rotation": [19, 140, 0],
			"translation": [0.25, 2.5, 0]
		},
		"head": {
			"rotation": [0, 0, -90],
			"translation": [12.25, 1.5, 0],
			"scale": [0.75, 0.75, 0.75]
		},
		"fixed": {
			"rotation": [-90, 0, 0],
			"translation": [0, 0, -16],
			"scale": [2, 2, 2]
		}
	}
}