{
	"credit": "Made with Blockbench",
	"texture_size": [32, 32],
	"textures": {
		"0": "item/tiger_texture",
		"particle": "item/block/blank"
	},
	"elements": [
		{
			"name": "LFrontLegUpper",
			"from": [5.75, 1.25, 5.5],
			"to": [7.25, 5, 7.5],
			"rotation": {"angle": 22.5, "axis": "x", "origin": [8, 6, 5]},
			"faces": {
				"north": {"uv": [8, 3.75, 8.75, 5.625], "texture": "#0"},
				"east": {"uv": [8, 5.75, 9, 7.625], "texture": "#0"},
				"south": {"uv": [9.75, 3.75, 10.5, 5.625], "texture": "#0"},
				"west": {"uv": [8.75, 3.75, 9.75, 5.625], "texture": "#0"},
				"up": {"uv": [9, 6.75, 9.75, 7.75], "texture": "#0"},
				"down": {"uv": [9, 5.75, 9.75, 6.75], "texture": "#0"}
			}
		},
		{
			"name": "LFrontLegUpper",
			"from": [9, 1.25, 5.5],
			"to": [10.5, 5, 7.5],
			"rotation": {"angle": 22.5, "axis": "x", "origin": [8, 6, 5]},
			"faces": {
				"north": {"uv": [11.25, 2.75, 10.5, 4.625], "texture": "#0"},
				"east": {"uv": [12.25, 2.75, 11.25, 4.625], "texture": "#0"},
				"south": {"uv": [13, 2.75, 12.25, 4.625], "texture": "#0"},
				"west": {"uv": [14, 2.75, 13, 4.625], "texture": "#0"},
				"up": {"uv": [14.75, 3.75, 14, 4.75], "texture": "#0"},
				"down": {"uv": [14.75, 2.75, 14, 3.75], "texture": "#0"}
			}
		},
		{
			"name": "LBackLegLower",
			"from": [4.25, 0, 6.25],
			"to": [5.5, 1, 8.25],
			"rotation": {"angle": 22.5, "axis": "y", "origin": [8, 6, 5]},
			"faces": {
				"north": {"uv": [12.25, 6, 12.875, 6.5], "rotation": 180, "texture": "#0"},
				"east": {"uv": [11.75, 6, 12.25, 7], "rotation": 270, "texture": "#0"},
				"south": {"uv": [1.5, 1, 2.125, 1.5], "texture": "#0"},
				"west": {"uv": [9.75, 6, 10.25, 7], "rotation": 90, "texture": "#0"},
				"up": {"uv": [11, 6, 11.65, 7], "rotation": 180, "texture": "#0"},
				"down": {"uv": [10.25, 6, 10.9, 7], "texture": "#0"}
			}
		},
		{
			"name": "LBackLegUpper",
			"from": [4, 0, 8.25],
			"to": [5.5, 2, 9.75],
			"rotation": {"angle": 22.5, "axis": "y", "origin": [8, 6, 5]},
			"faces": {
				"north": {"uv": [8.75, 7.75, 9.5, 8.75], "rotation": 180, "texture": "#0"},
				"east": {"uv": [6.75, 8, 7.75, 8.75], "rotation": 270, "texture": "#0"},
				"south": {"uv": [8, 7.75, 8.75, 8.75], "texture": "#0"},
				"west": {"uv": [5.75, 8, 6.75, 8.75], "rotation": 90, "texture": "#0"},
				"up": {"uv": [9.75, 7, 10.5, 7.75], "rotation": 180, "texture": "#0"},
				"down": {"uv": [9.5, 7.75, 10.25, 8.5], "texture": "#0", "cullface": "down"}
			}
		},
		{
			"name": "LBackLegLower",
			"from": [10.5, 0, 6.25],
			"to": [11.75, 1, 8.25],
			"rotation": {"angle": -22.5, "axis": "y", "origin": [8, 6, 5]},
			"faces": {
				"north": {"uv": [12.875, 6, 12.25, 6.5], "rotation": 180, "texture": "#0"},
				"east": {"uv": [9.75, 7, 10.25, 6], "rotation": 90, "texture": "#0"},
				"south": {"uv": [2.125, 1, 1.5, 1.5], "texture": "#0"},
				"west": {"uv": [11.75, 7, 12.25, 6], "rotation": 270, "texture": "#0"},
				"up": {"uv": [11.65, 6, 11, 7], "rotation": 180, "texture": "#0"},
				"down": {"uv": [10.9, 6, 10.25, 7], "texture": "#0"}
			}
		},
		{
			"name": "LBackLegUpper",
			"from": [10.5, 0, 8.25],
			"to": [12, 2, 9.75],
			"rotation": {"angle": -22.5, "axis": "y", "origin": [8, 6, 5]},
			"faces": {
				"north": {"uv": [9.5, 7.75, 8.75, 8.75], "rotation": 180, "texture": "#0"},
				"east": {"uv": [5.75, 8.75, 6.75, 8], "rotation": 90, "texture": "#0"},
				"south": {"uv": [8.75, 7.75, 8, 8.75], "texture": "#0"},
				"west": {"uv": [6.75, 8.75, 7.75, 8], "rotation": 270, "texture": "#0"},
				"up": {"uv": [10.5, 7, 9.75, 7.75], "rotation": 180, "texture": "#0"},
				"down": {"uv": [10.25, 7.75, 9.5, 8.5], "texture": "#0", "cullface": "down"}
			}
		},
		{
			"name": "LFrontLegLower",
			"from": [5.775, 0, 2.5],
			"to": [7.275, 1.5, 5.5],
			"rotation": {"angle": 0, "axis": "y", "origin": [0.025, 0, -1]},
			"faces": {
				"north": {"uv": [2.75, 7, 3.5, 7.75], "texture": "#0"},
				"east": {"uv": [6.5, 7.25, 8, 8], "texture": "#0"},
				"south": {"uv": [5, 8, 5.75, 8.75], "texture": "#0"},
				"west": {"uv": [5, 7.25, 6.5, 8], "texture": "#0"},
				"up": {"uv": [4.25, 7, 5, 8.5], "texture": "#0"},
				"down": {"uv": [3.5, 7, 4.25, 8.5], "texture": "#0"}
			}
		},
		{
			"name": "LFrontLegLower",
			"from": [8.95, 0, 2.5],
			"to": [10.45, 1.5, 5.5],
			"rotation": {"angle": 0, "axis": "y", "origin": [15.95, 0, -1]},
			"faces": {
				"north": {"uv": [3.5, 7, 2.75, 7.75], "texture": "#0"},
				"east": {"uv": [6.5, 7.25, 5, 8], "texture": "#0"},
				"south": {"uv": [5.75, 8, 5, 8.75], "texture": "#0"},
				"west": {"uv": [8, 7.25, 6.5, 8], "texture": "#0"},
				"up": {"uv": [5, 7, 4.25, 8.5], "texture": "#0"},
				"down": {"uv": [4.25, 7, 3.5, 8.5], "texture": "#0"}
			}
		},
		{
			"name": "Head",
			"from": [6.5, 5, 4.5],
			"to": [9.5, 8, 8],
			"rotation": {"angle": 0, "axis": "x", "origin": [1.5, 1.5, 0.75]},
			"faces": {
				"north": {"uv": [0.25, 5.5, 1.75, 7], "texture": "#0"},
				"east": {"uv": [2.25, 0, 4, 1.5], "texture": "#0"},
				"south": {"uv": [1.75, 5.5, 3.25, 7], "texture": "#0"},
				"west": {"uv": [3.25, 5.5, 5, 7], "texture": "#0"},
				"up": {"uv": [5, 5.5, 6.5, 7.25], "texture": "#0"},
				"down": {"uv": [6.5, 5.5, 8, 7.25], "texture": "#0"}
			}
		},
		{
			"name": "mane",
			"from": [5.75, 4.5, 5.25],
			"to": [10.25, 9.25, 5.25],
			"rotation": {"angle": 0, "axis": "z", "origin": [9.25, 8.25, 5.25]},
			"faces": {
				"north": {"uv": [8, 0, 10.25, 2.375], "texture": "#0"},
				"east": {"uv": [0, 0, 0, 0], "texture": "#0"},
				"south": {"uv": [10.25, 0, 8, 2.375], "texture": "#0"},
				"west": {"uv": [0, 0, 0, 0], "texture": "#0"},
				"up": {"uv": [0, 0, 0, 0], "texture": "#0"},
				"down": {"uv": [0, 0, 0, 0], "texture": "#0"}
			}
		},
		{
			"name": "whiskers",
			"from": [6, 5, 4],
			"to": [10, 7.5, 4],
			"rotation": {"angle": 0, "axis": "z", "origin": [8, 6.25, 4]},
			"faces": {
				"north": {"uv": [8, 2.5, 10, 3.75], "texture": "#0"},
				"south": {"uv": [10, 2.5, 8, 3.75], "texture": "#0"}
			}
		},
		{
			"name": "Snout",
			"from": [7.25, 6, 3],
			"to": [8.75, 6.75, 5],
			"rotation": {"angle": 0, "axis": "x", "origin": [8, 6, 5]},
			"faces": {
				"north": {"uv": [0.5, 5, 1.25, 5.375], "texture": "#0"},
				"east": {"uv": [0.25, 2, 1.25, 2.375], "texture": "#0"},
				"south": {"uv": [0.5, 1.5, 1.25, 1.875], "texture": "#0"},
				"west": {"uv": [0.25, 4.5, 1.25, 4.875], "texture": "#0"},
				"up": {"uv": [0.5, 2.5, 1.25, 3.5], "texture": "#0"},
				"down": {"uv": [0.5, 3.5, 1.25, 4.5], "texture": "#0"}
			}
		},
		{
			"name": "Snout",
			"from": [7.25, 5.5, 3],
			"to": [8.75, 6, 5],
			"rotation": {"angle": 0, "axis": "x", "origin": [8, 6, 5]},
			"faces": {
				"north": {"uv": [0.5, 7.5, 1.25, 7.75], "texture": "#0"},
				"east": {"uv": [0.25, 7.25, 1.25, 7.5], "texture": "#0"},
				"south": {"uv": [1.25, 0.75, 2, 1], "texture": "#0"},
				"west": {"uv": [0.25, 7, 1.25, 7.25], "texture": "#0"},
				"up": {"uv": [1.25, 7, 2, 8], "texture": "#0"},
				"down": {"uv": [2, 7, 2.75, 8], "texture": "#0"}
			}
		},
		{
			"name": "ear_right",
			"from": [8.75, 7.25, 5],
			"to": [10.25, 8.75, 5.25],
			"rotation": {"angle": -22.5, "axis": "z", "origin": [9.25, 8.25, 5.25]},
			"faces": {
				"north": {"uv": [1.25, 4.75, 2, 5.5], "texture": "#0"},
				"east": {"uv": [1.5, 2.75, 1.625, 3.5], "texture": "#0"},
				"south": {"uv": [1.25, 4, 2, 4.75], "texture": "#0"},
				"west": {"uv": [1.25, 2.75, 1.375, 3.5], "texture": "#0"},
				"up": {"uv": [1.25, 3.5, 2, 3.625], "texture": "#0"},
				"down": {"uv": [1.25, 3.75, 2, 3.875], "texture": "#0"}
			}
		},
		{
			"name": "ear_left",
			"from": [5.75, 7.25, 5],
			"to": [7.25, 8.75, 5.25],
			"rotation": {"angle": 22.5, "axis": "z", "origin": [6.75, 8.25, 5.25]},
			"faces": {
				"north": {"uv": [2, 4.75, 1.25, 5.5], "texture": "#0"},
				"east": {"uv": [1.375, 2.75, 1.25, 3.5], "texture": "#0"},
				"south": {"uv": [2, 4, 1.25, 4.75], "texture": "#0"},
				"west": {"uv": [1.625, 2.75, 1.5, 3.5], "texture": "#0"},
				"up": {"uv": [2, 3.5, 1.25, 3.625], "texture": "#0"},
				"down": {"uv": [2, 3.75, 1.25, 3.875], "texture": "#0"}
			}
		},
		{
			"name": "BodyFront",
			"from": [6, 2.75, 5.75],
			"to": [10, 6.75, 12.75],
			"rotation": {"angle": 22.5, "axis": "x", "origin": [8, 6, 5]},
			"faces": {
				"north": {"uv": [2, 1.5, 4, 3.5], "texture": "#0"},
				"east": {"uv": [4.5, 0, 8, 2], "texture": "#0"},
				"south": {"uv": [2, 3.5, 4, 5.5], "texture": "#0"},
				"west": {"uv": [4.5, 0, 8, 2], "texture": "#0"},
				"up": {"uv": [4, 2, 6, 5.5], "texture": "#0"},
				"down": {"uv": [6, 2, 8, 5.5], "texture": "#0"}
			}
		},
		{
			"from": [7.5, 1.75, 12.25],
			"to": [8.5, 2.75, 16.25],
			"rotation": {"angle": 45, "axis": "x", "origin": [8, 3.25, 13.25]},
			"faces": {
				"north": {"uv": [12, 8, 12.5, 8.5], "texture": "#0"},
				"east": {"uv": [10.5, 7.5, 12.5, 8], "texture": "#0"},
				"south": {"uv": [11.5, 8, 12, 8.5], "texture": "#0"},
				"west": {"uv": [10.5, 7, 12.5, 7.5], "texture": "#0"},
				"up": {"uv": [13, 6.5, 13.5, 8.5], "texture": "#0"},
				"down": {"uv": [12.5, 6.5, 13, 8.5], "texture": "#0"}
			}
		}
	],
	"display": {
		"thirdperson_righthand": {
			"rotation": [57.75, 0, 0],
			"translation": [-1.75, 3, 6.5],
			"scale": [1.2, 1.2, 1.2]
		},
		"thirdperson_lefthand": {
			"rotation": [57.75, 0, 0],
			"translation": [-1.75, 6, 7.25],
			"scale": [1.2, 1.2, 1.2]
		},
		"firstperson_righthand": {
			"rotation": [0, -160, 0],
			"translation": [-9.75, 5.75, 1],
			"scale": [0.8, 0.8, 0.8]
		},
		"firstperson_lefthand": {
			"rotation": [-20, 122, 0],
			"translation": [2.25, 4.25, 0.25],
			"scale": [0.7, 0.7, 0.7]
		},
		"ground": {
			"translation": [0, 5, 0],
			"scale": [0.8, 0.8, 0.8]
		},
		"gui": {
			"rotation": [19, 154, 0],
			"translation": [-0.75, 6.75, 0],
			"scale": [1.5, 1.5, 1.5]
		},
		"head": {
			"translation": [0, 14.5, 0]
		},
		"fixed": {
			"rotation": [-90, 0, 0],
			"translation": [0, 4.5, -24],
			"scale": [3, 3, 3]
		}
	},
	"groups": [
		{
			"name": "Legs",
			"origin": [11.75, 0.25, 4],
			"color": 0,
			"children": [
				0,
				1,
				2,
				3,
				4,
				5,
				6,
				7,
				{
					"name": "Main",
					"origin": [8.875, 4, 5],
					"color": 0,
					"children": [
						{
							"name": "Head",
							"origin": [8, 8, 8],
							"color": 0,
							"children": [
								8,
								9,
								10,
								11,
								12,
								{
									"name": "ears",
									"origin": [9.25, 8.25, 5.125],
									"color": 0,
									"children": [13, 14]
								}
							]
						},
						{
							"name": "body",
							"origin": [7.95, 6, 5],
							"color": 0,
							"children": [
								15,
								{
									"name": "Tail",
									"origin": [10.775, 2.35265, 11.78615],
									"color": 0,
									"children": []
								}
							]
						}
					]
				}
			]
		},
		16
	]
}