{
	"credit": "Made with Blockbench",
	"texture_size": [64, 64],
	"textures": {
		"0": "item/triceratops_texture",
		"particle": "item/block/blank"
	},
	"elements": [
		{
			"name": "Left Leg",
			"from": [1, 0, 1.5],
			"to": [4, 3, 6.5],
			"rotation": {"angle": 0, "axis": "y", "origin": [2.5, 1.5, 4]},
			"faces": {
				"north": {"uv": [9.75, 1.5, 10.5, 2.25], "texture": "#0"},
				"east": {"uv": [8, 6.5, 9.25, 7.25], "texture": "#0"},
				"south": {"uv": [3.5, 9.75, 4.25, 10.5], "texture": "#0"},
				"west": {"uv": [7.25, 8, 8.5, 8.75], "texture": "#0"},
				"up": {"uv": [9, 1.25, 8.25, 0], "texture": "#0"},
				"down": {"uv": [9, 1.25, 8.25, 2.5], "texture": "#0"}
			}
		},
		{
			"name": "Left Leg",
			"from": [2.25, 0, 4.5],
			"to": [5.5, 4.5, 9.75],
			"rotation": {"angle": 45, "axis": "y", "origin": [3.75, 2.25, 7.25]},
			"faces": {
				"north": {"uv": [8.5, 8, 9.25, 9.25], "texture": "#0"},
				"east": {"uv": [6, 6, 7.25, 7.25], "texture": "#0"},
				"south": {"uv": [0, 8.75, 0.75, 10], "texture": "#0"},
				"west": {"uv": [0, 6.5, 1.25, 7.75], "texture": "#0"},
				"up": {"uv": [8, 10, 7.25, 8.75], "texture": "#0"},
				"down": {"uv": [9.75, 0, 9, 1.25], "texture": "#0"}
			}
		},
		{
			"name": "cute",
			"from": [10.25, 0, 4.5],
			"to": [13.5, 4.5, 9.75],
			"rotation": {"angle": -45, "axis": "y", "origin": [11.75, 2.25, 7.25]},
			"faces": {
				"north": {"uv": [0.75, 9, 1.5, 10.25], "texture": "#0"},
				"east": {"uv": [7, 0, 8.25, 1.25], "texture": "#0"},
				"south": {"uv": [9, 1.25, 9.75, 2.5], "texture": "#0"},
				"west": {"uv": [7, 1.25, 8.25, 2.5], "texture": "#0"},
				"up": {"uv": [2.25, 10.25, 1.5, 9], "texture": "#0"},
				"down": {"uv": [3, 9, 2.25, 10.25], "texture": "#0"}
			}
		},
		{
			"name": "rightLeg",
			"from": [12, 0, 1],
			"to": [15, 3, 6],
			"rotation": {"angle": 0, "axis": "y", "origin": [13.5, 1.5, 3.5]},
			"faces": {
				"north": {"uv": [0, 10, 0.75, 10.75], "texture": "#0"},
				"east": {"uv": [8.25, 3.5, 9.5, 4.25], "texture": "#0"},
				"south": {"uv": [4.25, 10, 5, 10.75], "texture": "#0"},
				"west": {"uv": [8.25, 4.25, 9.5, 5], "texture": "#0"},
				"up": {"uv": [6.5, 9.5, 5.75, 8.25], "texture": "#0"},
				"down": {"uv": [7.25, 8.25, 6.5, 9.5], "texture": "#0"}
			}
		},
		{
			"name": "Body",
			"from": [5.25, 4, 3],
			"to": [10.75, 10, 9],
			"rotation": {"angle": -22.5, "axis": "x", "origin": [8, 7, 6]},
			"faces": {
				"north": {"uv": [4, 3, 5.5, 4.5], "texture": "#0"},
				"east": {"uv": [1.5, 4.5, 3, 6], "texture": "#0"},
				"south": {"uv": [3, 4.5, 4.5, 6], "texture": "#0"},
				"west": {"uv": [4.5, 4.5, 6, 6], "texture": "#0"},
				"up": {"uv": [1.5, 6.5, 0, 5], "texture": "#0"},
				"down": {"uv": [7, 0, 5.5, 1.5], "texture": "#0"}
			}
		},
		{
			"name": "Body",
			"from": [5, 8, 1],
			"to": [11, 14, 7],
			"rotation": {"angle": 22.5, "axis": "x", "origin": [8, 11, 4]},
			"faces": {
				"north": {"uv": [2.5, 0, 4, 1.5], "texture": "#0"},
				"east": {"uv": [2.5, 1.5, 4, 3], "texture": "#0"},
				"south": {"uv": [2.5, 3, 4, 4.5], "texture": "#0"},
				"west": {"uv": [0, 3.5, 1.5, 5], "texture": "#0"},
				"up": {"uv": [5.5, 1.5, 4, 0], "texture": "#0"},
				"down": {"uv": [5.5, 1.5, 4, 3], "texture": "#0"}
			}
		},
		{
			"name": "Body",
			"from": [5.5, 14, 2],
			"to": [10.5, 15, 6],
			"rotation": {"angle": 22.5, "axis": "x", "origin": [8, 11, 4]},
			"faces": {
				"north": {"uv": [8, 7.25, 9.25, 7.5], "texture": "#0"},
				"east": {"uv": [8.25, 5.75, 9.25, 6], "texture": "#0"},
				"south": {"uv": [11, 2.25, 12.25, 2.5], "texture": "#0"},
				"west": {"uv": [11.25, 0, 12.25, 0.25], "texture": "#0"},
				"up": {"uv": [8.25, 4.5, 7, 3.5], "texture": "#0"},
				"down": {"uv": [7.25, 7.25, 6, 8.25], "texture": "#0"}
			}
		},
		{
			"name": "Body",
			"from": [7, 9, -2],
			"to": [9, 12, 2],
			"rotation": {"angle": -22.5, "axis": "x", "origin": [8, 12, 1]},
			"faces": {
				"north": {"uv": [10.5, 1.5, 11, 2.25], "texture": "#0"},
				"east": {"uv": [8.25, 5, 9.25, 5.75], "texture": "#0"},
				"south": {"uv": [9.25, 10.5, 9.75, 11.25], "texture": "#0"},
				"west": {"uv": [3.5, 9, 4.5, 9.75], "texture": "#0"},
				"up": {"uv": [8, 11, 7.5, 10], "texture": "#0"},
				"down": {"uv": [4, 10.5, 3.5, 11.5], "texture": "#0"}
			}
		},
		{
			"name": "Body",
			"from": [7.5, 11, 0],
			"to": [8.5, 14, 1],
			"rotation": {"angle": -22.5, "axis": "x", "origin": [8, 12, 1]},
			"faces": {
				"north": {"uv": [11.25, 0.25, 11.5, 1], "texture": "#0"},
				"east": {"uv": [11.25, 5, 11.5, 5.75], "texture": "#0"},
				"south": {"uv": [11.25, 5.75, 11.5, 6.5], "texture": "#0"},
				"west": {"uv": [11.25, 6.5, 11.5, 7.25], "texture": "#0"},
				"up": {"uv": [3.25, 11.75, 3, 11.5], "texture": "#0"},
				"down": {"uv": [11.75, 3, 11.5, 3.25], "texture": "#0"}
			}
		},
		{
			"from": [6, 0, 9],
			"to": [10, 4, 12],
			"rotation": {"angle": 22.5, "axis": "x", "origin": [8, 2, 11]},
			"faces": {
				"north": {"uv": [1.5, 3.5, 2.5, 4.5], "texture": "#0"},
				"east": {"uv": [6, 9.5, 6.75, 10.5], "texture": "#0"},
				"south": {"uv": [0, 7.75, 1, 8.75], "texture": "#0"},
				"west": {"uv": [9.25, 9.5, 10, 10.5], "texture": "#0"},
				"up": {"uv": [10.75, 0.75, 9.75, 0], "texture": "#0"},
				"down": {"uv": [10.75, 0.75, 9.75, 1.5], "texture": "#0"}
			}
		},
		{
			"from": [6.5, 0, 11],
			"to": [9.5, 3, 14],
			"rotation": {"angle": 22.5, "axis": "y", "origin": [8, 1.5, 12.5]},
			"faces": {
				"north": {"uv": [1.5, 10.25, 2.25, 11], "texture": "#0"},
				"east": {"uv": [2.25, 10.25, 3, 11], "texture": "#0"},
				"south": {"uv": [10.25, 2.25, 11, 3], "texture": "#0"},
				"west": {"uv": [10.25, 3, 11, 3.75], "texture": "#0"},
				"up": {"uv": [11, 4.5, 10.25, 3.75], "texture": "#0"},
				"down": {"uv": [9.25, 10.25, 8.5, 11], "texture": "#0"}
			}
		},
		{
			"from": [8.75, 0, 13.5],
			"to": [10.75, 2, 16.5],
			"rotation": {"angle": 45, "axis": "y", "origin": [9.25, 1, 15.25]},
			"faces": {
				"north": {"uv": [11, 4, 11.5, 4.5], "texture": "#0"},
				"east": {"uv": [0.5, 11, 1.25, 11.5], "texture": "#0"},
				"south": {"uv": [8.5, 11, 9, 11.5], "texture": "#0"},
				"west": {"uv": [1.25, 11, 2, 11.5], "texture": "#0"},
				"up": {"uv": [11.5, 2.25, 11, 1.5], "texture": "#0"},
				"down": {"uv": [2.5, 11, 2, 11.75], "texture": "#0"}
			}
		},
		{
			"from": [9.6, 0, 15.25],
			"to": [12.6, 1, 16.25],
			"rotation": {"angle": 0, "axis": "y", "origin": [9.25, 1, 15.25]},
			"faces": {
				"north": {"uv": [11.25, 1, 12, 1.25], "texture": "#0"},
				"east": {"uv": [3.25, 11.5, 3.5, 11.75], "texture": "#0"},
				"south": {"uv": [11.25, 1.25, 12, 1.5], "texture": "#0"},
				"west": {"uv": [11.5, 3.25, 11.75, 3.5], "texture": "#0"},
				"up": {"uv": [10.25, 11.5, 9.5, 11.25], "texture": "#0"},
				"down": {"uv": [12, 10, 11.25, 10.25], "texture": "#0"}
			}
		},
		{
			"name": "Body",
			"from": [4, 12, 4.75],
			"to": [6, 15, 6.75],
			"rotation": {"angle": 22.5, "axis": "z", "origin": [5, 13.5, 5.75]},
			"faces": {
				"north": {"uv": [9.75, 10.5, 10.25, 11.25], "texture": "#0"},
				"east": {"uv": [10.25, 10.5, 10.75, 11.25], "texture": "#0"},
				"south": {"uv": [0, 10.75, 0.5, 11.5], "texture": "#0"},
				"west": {"uv": [10.75, 0, 11.25, 0.75], "texture": "#0"},
				"up": {"uv": [5.75, 9.5, 5.25, 9], "texture": "#0"},
				"down": {"uv": [7.25, 9.5, 6.75, 10], "texture": "#0"}
			}
		},
		{
			"name": "Body",
			"from": [3.75, 14.25, 5.5],
			"to": [5.25, 17.25, 7],
			"rotation": {"angle": 22.5, "axis": "x", "origin": [4, 16.25, 5.75]},
			"faces": {
				"north": {"uv": [5.75, 7.5, 6, 8.25], "texture": "#0", "tintindex": 0},
				"east": {"uv": [10.75, 0.75, 11.25, 1.5], "texture": "#0"},
				"south": {"uv": [9, 11, 9.25, 11.75], "texture": "#0"},
				"west": {"uv": [3, 10.75, 3.5, 11.5], "texture": "#0"},
				"up": {"uv": [5.25, 10.5, 5, 10], "texture": "#0"},
				"down": {"uv": [10.5, 11.25, 10.25, 11.75], "texture": "#0"}
			}
		},
		{
			"name": "Body",
			"from": [4, 16.25, 6.6],
			"to": [5, 18.25, 7.6],
			"rotation": {"angle": 45, "axis": "x", "origin": [4.75, 17.5, 6.75]},
			"faces": {
				"north": {"uv": [11.25, 10.25, 11.5, 10.75], "texture": "#0", "tintindex": 0},
				"east": {"uv": [10.5, 11.25, 10.75, 11.75], "texture": "#0"},
				"south": {"uv": [11.25, 10.75, 11.5, 11.25], "texture": "#0"},
				"west": {"uv": [11.25, 11.25, 11.5, 11.75], "texture": "#0"},
				"up": {"uv": [4.5, 10, 4.25, 9.75], "texture": "#0"},
				"down": {"uv": [4.25, 10.5, 4, 10.75], "texture": "#0"}
			}
		},
		{
			"name": "Body",
			"from": [11, 16.25, 6.6],
			"to": [12, 18.25, 7.6],
			"rotation": {"angle": 45, "axis": "x", "origin": [10.75, 17.5, 6.75]},
			"faces": {
				"north": {"uv": [0, 11.5, 0.25, 12], "texture": "#0", "tintindex": 0},
				"east": {"uv": [0.25, 11.5, 0.5, 12], "texture": "#0"},
				"south": {"uv": [11.5, 0.25, 11.75, 0.75], "texture": "#0"},
				"west": {"uv": [0.5, 11.5, 0.75, 12], "texture": "#0"},
				"up": {"uv": [6.75, 10.75, 6.5, 10.5], "texture": "#0"},
				"down": {"uv": [0.75, 10.75, 0.5, 11], "texture": "#0"}
			}
		},
		{
			"name": "Body",
			"from": [10, 12, 4.75],
			"to": [12, 15, 6.75],
			"rotation": {"angle": -22.5, "axis": "z", "origin": [11, 13.5, 5.75]},
			"faces": {
				"north": {"uv": [6.5, 10.75, 7, 11.5], "texture": "#0"},
				"east": {"uv": [10.75, 6.5, 11.25, 7.25], "texture": "#0"},
				"south": {"uv": [7, 10.75, 7.5, 11.5], "texture": "#0"},
				"west": {"uv": [10.75, 7.25, 11.25, 8], "texture": "#0"},
				"up": {"uv": [11.5, 3.5, 11, 3], "texture": "#0"},
				"down": {"uv": [11.5, 3.5, 11, 4], "texture": "#0"}
			}
		},
		{
			"name": "Body",
			"from": [10.75, 14.25, 5.5],
			"to": [12.25, 17.25, 7],
			"rotation": {"angle": 22.5, "axis": "x", "origin": [10, 16.25, 5.75]},
			"faces": {
				"north": {"uv": [4, 10.75, 4.5, 11.5], "texture": "#0", "tintindex": 0},
				"east": {"uv": [4.5, 10.75, 5, 11.5], "texture": "#0"},
				"south": {"uv": [10.75, 5, 11.25, 5.75], "texture": "#0"},
				"west": {"uv": [10.75, 5.75, 11.25, 6.5], "texture": "#0"},
				"up": {"uv": [3, 11.5, 2.5, 11], "texture": "#0"},
				"down": {"uv": [11.5, 2.5, 11, 3], "texture": "#0"}
			}
		},
		{
			"name": "Body",
			"from": [3, 10, 4],
			"to": [13, 17, 6],
			"rotation": {"angle": 45, "axis": "x", "origin": [4, 11, 4]},
			"faces": {
				"north": {"uv": [0, 0, 2.5, 1.75], "texture": "#0"},
				"east": {"uv": [8, 8.75, 8.5, 10.5], "texture": "#0"},
				"south": {"uv": [0, 1.75, 2.5, 3.5], "texture": "#0"},
				"west": {"uv": [3, 9, 3.5, 10.75], "texture": "#0"},
				"up": {"uv": [9.5, 3, 7, 2.5], "texture": "#0"},
				"down": {"uv": [9.5, 3, 7, 3.5], "texture": "#0"}
			}
		},
		{
			"name": "Body",
			"from": [2, 11, 4],
			"to": [3, 15, 6],
			"rotation": {"angle": 45, "axis": "x", "origin": [4, 11, 4]},
			"faces": {
				"north": {"uv": [1.25, 6.5, 1.5, 7.5], "texture": "#0"},
				"east": {"uv": [5, 10.5, 5.5, 11.5], "texture": "#0"},
				"south": {"uv": [1, 7.75, 1.25, 8.75], "texture": "#0"},
				"west": {"uv": [5.5, 10.5, 6, 11.5], "texture": "#0"},
				"up": {"uv": [1.5, 12, 1.25, 11.5], "texture": "#0"},
				"down": {"uv": [1.75, 11.5, 1.5, 12], "texture": "#0"}
			}
		},
		{
			"name": "Body",
			"from": [13, 11, 4],
			"to": [14, 15, 6],
			"rotation": {"angle": 45, "axis": "x", "origin": [4, 11, 4]},
			"faces": {
				"north": {"uv": [7.5, 11, 7.75, 12], "texture": "#0"},
				"east": {"uv": [6, 10.5, 6.5, 11.5], "texture": "#0"},
				"south": {"uv": [7.75, 11, 8, 12], "texture": "#0"},
				"west": {"uv": [8, 10.5, 8.5, 11.5], "texture": "#0"},
				"up": {"uv": [11.75, 2, 11.5, 1.5], "texture": "#0"},
				"down": {"uv": [2, 11.5, 1.75, 12], "texture": "#0"}
			}
		},
		{
			"name": "Body",
			"from": [4, 17, 4],
			"to": [12, 18, 6],
			"rotation": {"angle": 45, "axis": "x", "origin": [4, 11, 4]},
			"faces": {
				"north": {"uv": [9.5, 4.5, 11.5, 4.75], "texture": "#0"},
				"east": {"uv": [0.75, 8.75, 1.25, 9], "texture": "#0"},
				"south": {"uv": [9.5, 4.75, 11.5, 5], "texture": "#0"},
				"west": {"uv": [9.75, 2.25, 10.25, 2.5], "texture": "#0"},
				"up": {"uv": [9.25, 8, 7.25, 7.5], "texture": "#0"},
				"down": {"uv": [10, 6, 8, 6.5], "texture": "#0"}
			}
		},
		{
			"name": "Body",
			"from": [5, 18, 4],
			"to": [11, 19, 6],
			"rotation": {"angle": 45, "axis": "x", "origin": [4, 11, 4]},
			"faces": {
				"north": {"uv": [10.75, 8, 12.25, 8.25], "texture": "#0"},
				"east": {"uv": [0.75, 11.5, 1.25, 11.75], "texture": "#0"},
				"south": {"uv": [10.75, 8.25, 12.25, 8.5], "texture": "#0"},
				"west": {"uv": [11.5, 0.75, 12, 1], "texture": "#0"},
				"up": {"uv": [10.75, 5.5, 9.25, 5], "texture": "#0"},
				"down": {"uv": [10.75, 5.5, 9.25, 6], "texture": "#0"}
			}
		},
		{
			"name": "Body",
			"from": [5, 0, 4],
			"to": [11, 6, 10],
			"rotation": {"angle": 0, "axis": "y", "origin": [5, 0, 4]},
			"faces": {
				"north": {"uv": [5.5, 1.5, 7, 3], "texture": "#0"},
				"east": {"uv": [5.5, 3, 7, 4.5], "texture": "#0"},
				"south": {"uv": [1.5, 6, 3, 7.5], "texture": "#0"},
				"west": {"uv": [3, 6, 4.5, 7.5], "texture": "#0"},
				"up": {"uv": [6, 7.5, 4.5, 6], "texture": "#0"},
				"down": {"uv": [7.5, 4.5, 6, 6], "texture": "#0"}
			}
		},
		{
			"name": "FrontLeg",
			"from": [3.5, 2, 1],
			"to": [6.5, 8, 4],
			"rotation": {"angle": 22.5, "axis": "x", "origin": [6, 4, 2.5]},
			"faces": {
				"north": {"uv": [7.25, 6, 8, 7.5], "texture": "#0"},
				"east": {"uv": [1.25, 7.5, 2, 9], "texture": "#0"},
				"south": {"uv": [2, 7.5, 2.75, 9], "texture": "#0"},
				"west": {"uv": [2.75, 7.5, 3.5, 9], "texture": "#0"},
				"up": {"uv": [10.75, 6.75, 10, 6], "texture": "#0"},
				"down": {"uv": [7.5, 10, 6.75, 10.75], "texture": "#0"}
			}
		},
		{
			"from": [9.5, 2, 1],
			"to": [12.5, 8, 4],
			"rotation": {"angle": 22.5, "axis": "x", "origin": [12, 4, 2.5]},
			"faces": {
				"north": {"uv": [3.5, 7.5, 4.25, 9], "texture": "#0"},
				"east": {"uv": [4.25, 7.5, 5, 9], "texture": "#0"},
				"south": {"uv": [7.5, 4.5, 8.25, 6], "texture": "#0"},
				"west": {"uv": [5, 7.5, 5.75, 9], "texture": "#0"},
				"up": {"uv": [10.75, 7.5, 10, 6.75], "texture": "#0"},
				"down": {"uv": [10.75, 7.5, 10, 8.25], "texture": "#0"}
			}
		},
		{
			"from": [10.5, 5, 3],
			"to": [13.5, 9, 6],
			"rotation": {"angle": -22.5, "axis": "x", "origin": [13, 7, 4.5]},
			"faces": {
				"north": {"uv": [9.25, 8.5, 10, 9.5], "texture": "#0"},
				"east": {"uv": [9.5, 2.5, 10.25, 3.5], "texture": "#0"},
				"south": {"uv": [9.5, 3.5, 10.25, 4.5], "texture": "#0"},
				"west": {"uv": [5.25, 9.5, 6, 10.5], "texture": "#0"},
				"up": {"uv": [10.75, 10.5, 10, 9.75], "texture": "#0"},
				"down": {"uv": [1.5, 10.25, 0.75, 11], "texture": "#0"}
			}
		},
		{
			"from": [2.5, 5, 3],
			"to": [5.5, 9, 6],
			"rotation": {"angle": -22.5, "axis": "x", "origin": [5, 7, 4.5]},
			"faces": {
				"north": {"uv": [4.5, 9, 5.25, 10], "texture": "#0"},
				"east": {"uv": [9.25, 6.5, 10, 7.5], "texture": "#0"},
				"south": {"uv": [9.25, 7.5, 10, 8.5], "texture": "#0"},
				"west": {"uv": [8.5, 9.25, 9.25, 10.25], "texture": "#0"},
				"up": {"uv": [10.75, 9, 10, 8.25], "texture": "#0"},
				"down": {"uv": [10.75, 9, 10, 9.75], "texture": "#0"}
			}
		},
		{
			"from": [10.5, 5, 6],
			"to": [12.5, 8, 7],
			"rotation": {"angle": -22.5, "axis": "x", "origin": [13, 7, 4.5]},
			"faces": {
				"north": {"uv": [10.75, 10, 11.25, 10.75], "texture": "#0"},
				"east": {"uv": [9.25, 11.25, 9.5, 12], "texture": "#0"},
				"south": {"uv": [10.75, 10.75, 11.25, 11.5], "texture": "#0"},
				"west": {"uv": [11.25, 9.25, 11.5, 10], "texture": "#0"},
				"up": {"uv": [12, 2.75, 11.5, 2.5], "texture": "#0"},
				"down": {"uv": [12, 2.75, 11.5, 3], "texture": "#0"}
			}
		},
		{
			"from": [3.5, 5, 6],
			"to": [5.5, 8, 7],
			"rotation": {"angle": -22.5, "axis": "x", "origin": [5, 7, 4.5]},
			"faces": {
				"north": {"uv": [10.75, 8.5, 11.25, 9.25], "texture": "#0"},
				"east": {"uv": [11.25, 7.25, 11.5, 8], "texture": "#0"},
				"south": {"uv": [10.75, 9.25, 11.25, 10], "texture": "#0"},
				"west": {"uv": [11.25, 8.5, 11.5, 9.25], "texture": "#0"},
				"up": {"uv": [12, 2.25, 11.5, 2], "texture": "#0"},
				"down": {"uv": [3, 11.5, 2.5, 11.75], "texture": "#0"}
			}
		}
	],
	"display": {
		"thirdperson_righthand": {
			"rotation": [45, 0, 0],
			"translation": [-1, 0.25, 3.5],
			"scale": [0.7, 0.7, 0.7]
		},
		"thirdperson_lefthand": {
			"rotation": [65, 0, 0],
			"translation": [-1.25, 0.25, 3.25],
			"scale": [0.7, 0.7, 0.7]
		},
		"firstperson_righthand": {
			"rotation": [0, 175, 0],
			"translation": [-3.5, -2, -9]
		},
		"firstperson_lefthand": {
			"rotation": [0, 132, 0],
			"translation": [6, -2, -9]
		},
		"ground": {
			"translation": [0, 3.25, 0],
			"scale": [0.7, 0.7, 0.7]
		},
		"gui": {
			"rotation": [19, 145, 0],
			"translation": [0.75, 0.25, 0],
			"scale": [0.75, 0.75, 0.75]
		},
		"head": {
			"translation": [0, 14, 0]
		},
		"fixed": {
			"rotation": [-90, 0, 0],
			"translation": [0, 0, -8]
		}
	},
	"groups": [
		0,
		1,
		2,
		3,
		4,
		{
			"name": "group",
			"origin": [8, 11.91969, 4.02359],
			"color": 0,
			"children": [5, 6, 7, 8, 9, 10, 11, 12]
		},
		13,
		14,
		15,
		16,
		17,
		18,
		19,
		20,
		21,
		22,
		23,
		24,
		25,
		26,
		27,
		28,
		29,
		30
	]
}