{
	"format_version": "1.21.6",
	"credit": "Designed by GeForceLegend",
	"texture_size": [32, 32],
	"textures": {
		"0": "item/tghast",
		"1": "item/trophy",
		"particle": "item/tghast"
	},
	"elements": [
		{
			"from": [0, 0, 0],
			"to": [16, 2, 16],
			"rotation": {"angle": 0, "axis": "y", "origin": [7, 0, 7]},
			"faces": {
				"north": {"uv": [10.5, 4.5, 14.5, 5], "texture": "#1"},
				"east": {"uv": [10.5, 4.5, 14.5, 5], "texture": "#1"},
				"south": {"uv": [10.5, 4.5, 14.5, 5], "texture": "#1"},
				"west": {"uv": [10.5, 4.5, 14.5, 5], "texture": "#1"},
				"up": {"uv": [4, 4, 0, 0], "texture": "#1"},
				"down": {"uv": [4, 4, 0, 8], "texture": "#1"}
			}
		},
		{
			"from": [1, 2, 1],
			"to": [15, 6, 15],
			"rotation": {"angle": 0, "axis": "y", "origin": [7, 2, 7]},
			"faces": {
				"north": {"uv": [7.5, 9.5, 11, 10.5], "texture": "#1"},
				"east": {"uv": [7.5, 9.5, 11, 10.5], "texture": "#1"},
				"south": {"uv": [7.5, 9.5, 11, 10.5], "texture": "#1"},
				"west": {"uv": [7.5, 9.5, 11, 10.5], "texture": "#1"},
				"up": {"uv": [7.5, 3.5, 4, 0], "texture": "#1"},
				"down": {"uv": [7.5, 3.5, 4, 7], "texture": "#1"}
			}
		},
		{
			"from": [1, 8, 1],
			"to": [15, 10, 15],
			"rotation": {"angle": 0, "axis": "y", "origin": [7, 8, 7]},
			"faces": {
				"north": {"uv": [7, 10.5, 10.5, 11], "texture": "#1"},
				"east": {"uv": [7, 10.5, 10.5, 11], "texture": "#1"},
				"south": {"uv": [7, 10.5, 10.5, 11], "texture": "#1"},
				"west": {"uv": [7, 10.5, 10.5, 11], "texture": "#1"},
				"up": {"uv": [7.5, 10.5, 4, 7], "texture": "#1"},
				"down": {"uv": [11, 0, 7.5, 3.5], "texture": "#1"}
			}
		},
		{
			"from": [4, 10, 4],
			"to": [12, 11, 12],
			"rotation": {"angle": 0, "axis": "y", "origin": [7, 10, 7]},
			"faces": {
				"north": {"uv": [11, 0, 13, 0.25], "texture": "#1"},
				"east": {"uv": [11, 0, 13, 0.25], "texture": "#1"},
				"south": {"uv": [11, 0, 13, 0.25], "texture": "#1"},
				"west": {"uv": [11, 0, 13, 0.25], "texture": "#1"},
				"up": {"uv": [2, 10, 0, 8], "texture": "#1"},
				"down": {"uv": [4, 8, 2, 10], "texture": "#1"}
			}
		},
		{
			"from": [2, 6, 2],
			"to": [14, 8, 14],
			"rotation": {"angle": 0, "axis": "y", "origin": [7, 6, 7]},
			"faces": {
				"north": {"uv": [10.5, 10.5, 13.5, 11], "texture": "#1"},
				"east": {"uv": [10.5, 10.5, 13.5, 11], "texture": "#1"},
				"south": {"uv": [10.5, 10.5, 13.5, 11], "texture": "#1"},
				"west": {"uv": [10.5, 10.5, 13.5, 11], "texture": "#1"},
				"up": {"uv": [10.5, 6.5, 7.5, 3.5], "texture": "#1"},
				"down": {"uv": [10.5, 6.5, 7.5, 9.5], "texture": "#1"}
			}
		},
		{
			"name": "body",
			"from": [3.25, 16, 3.25],
			"to": [13.25, 26, 13.25],
			"rotation": {"angle": 0, "axis": "y", "origin": [8.25, 9, 10.25]},
			"faces": {
				"north": {"uv": [4, 4, 8, 8], "texture": "#0"},
				"east": {"uv": [0, 4, 4, 8], "texture": "#0"},
				"south": {"uv": [12, 4, 16, 8], "texture": "#0"},
				"west": {"uv": [8, 4, 12, 8], "texture": "#0"},
				"up": {"uv": [8, 4, 4, 0], "texture": "#0"},
				"down": {"uv": [12, 0, 8, 4], "texture": "#0"}
			}
		},
		{
			"name": "tentacle1",
			"from": [10, 13.75, 4.25],
			"to": [11.5, 16.25, 5.75],
			"rotation": {"angle": -12.5, "axis": "x", "origin": [7, 16, 4]},
			"faces": {
				"north": {"uv": [0.5, 0.5, 1, 1.5], "texture": "#0"},
				"east": {"uv": [0, 0.5, 0.5, 1.5], "texture": "#0"},
				"south": {"uv": [1.5, 0.5, 2, 1.5], "texture": "#0"},
				"west": {"uv": [1, 0.5, 1.5, 1.5], "texture": "#0"},
				"up": {"uv": [1, 0.5, 0.5, 0], "texture": "#0"},
				"down": {"uv": [1.5, 0, 1, 0.5], "texture": "#0"}
			}
		},
		{
			"name": "tentacle2",
			"from": [7, 11.75, 4.25],
			"to": [8.5, 16.25, 5.75],
			"rotation": {"angle": -12.5, "axis": "x", "origin": [7, 16, 4]},
			"faces": {
				"north": {"uv": [0.5, 0.5, 1, 2.5], "texture": "#0"},
				"east": {"uv": [0, 0.5, 0.5, 2.5], "texture": "#0"},
				"south": {"uv": [1.5, 0.5, 2, 2.5], "texture": "#0"},
				"west": {"uv": [1, 0.5, 1.5, 2.5], "texture": "#0"},
				"up": {"uv": [1, 0.5, 0.5, 0], "texture": "#0"},
				"down": {"uv": [1.5, 0, 1, 0.5], "texture": "#0"}
			}
		},
		{
			"name": "tentacle3",
			"from": [3.75, 14.5, 4.25],
			"to": [5.25, 16, 5.75],
			"rotation": {"angle": -12.5, "axis": "x", "origin": [7, 15.75, 4]},
			"faces": {
				"north": {"uv": [0.5, 0.5, 1, 1], "texture": "#0"},
				"east": {"uv": [0, 0.5, 0.5, 1], "texture": "#0"},
				"south": {"uv": [1.5, 0.5, 2, 1], "texture": "#0"},
				"west": {"uv": [1, 0.5, 1.5, 1], "texture": "#0"},
				"up": {"uv": [1, 0.5, 0.5, 0], "texture": "#0"},
				"down": {"uv": [1.5, 0, 1, 0.5], "texture": "#0"}
			}
		},
		{
			"name": "tentacle4",
			"from": [11.5, 13.75, 7.25],
			"to": [13, 16.25, 8.75],
			"rotation": {"angle": -12.5, "axis": "x", "origin": [7, 16, 7]},
			"faces": {
				"north": {"uv": [0.5, 0.5, 1, 1.5], "texture": "#0"},
				"east": {"uv": [0, 0.5, 0.5, 1.5], "texture": "#0"},
				"south": {"uv": [1.5, 0.5, 2, 1.5], "texture": "#0"},
				"west": {"uv": [1, 0.5, 1.5, 1.5], "texture": "#0"},
				"up": {"uv": [1, 0.5, 0.5, 0], "texture": "#0"},
				"down": {"uv": [1.5, 0, 1, 0.5], "texture": "#0"}
			}
		},
		{
			"name": "tentacle5",
			"from": [8.5, 13.75, 7.25],
			"to": [10, 16.25, 8.75],
			"rotation": {"angle": -12.5, "axis": "x", "origin": [7, 16, 7]},
			"faces": {
				"north": {"uv": [0.5, 0.5, 1, 1.5], "texture": "#0"},
				"east": {"uv": [0, 0.5, 0.5, 1.5], "texture": "#0"},
				"south": {"uv": [1.5, 0.5, 2, 1.5], "texture": "#0"},
				"west": {"uv": [1, 0.5, 1.5, 1.5], "texture": "#0"},
				"up": {"uv": [1, 0.5, 0.5, 0], "texture": "#0"},
				"down": {"uv": [1.5, 0, 1, 0.5], "texture": "#0"}
			}
		},
		{
			"name": "tentacle6",
			"from": [4, 11.75, 7.25],
			"to": [5.5, 16.25, 8.75],
			"rotation": {"angle": -12.5, "axis": "x", "origin": [7, 16, 7]},
			"faces": {
				"north": {"uv": [0.5, 0.5, 1, 2.5], "texture": "#0"},
				"east": {"uv": [0, 0.5, 0.5, 2.5], "texture": "#0"},
				"south": {"uv": [1.5, 0.5, 2, 2.5], "texture": "#0"},
				"west": {"uv": [1, 0.5, 1.5, 2.5], "texture": "#0"},
				"up": {"uv": [1, 0.5, 0.5, 0], "texture": "#0"},
				"down": {"uv": [1.5, 0, 1, 0.5], "texture": "#0"}
			}
		},
		{
			"name": "tentacle7",
			"from": [10, 11.5, 10.75],
			"to": [11.5, 16.25, 12.25],
			"rotation": {"angle": -15, "axis": "x", "origin": [7, 16, 11]},
			"faces": {
				"north": {"uv": [0.5, 0.5, 1, 2.5], "texture": "#0"},
				"east": {"uv": [0, 0.5, 0.5, 2.5], "texture": "#0"},
				"south": {"uv": [1.5, 0.5, 2, 2.5], "texture": "#0"},
				"west": {"uv": [1, 0.5, 1.5, 2.5], "texture": "#0"},
				"up": {"uv": [1, 0.5, 0.5, 0], "texture": "#0"},
				"down": {"uv": [1.5, 0, 1, 0.5], "texture": "#0"}
			}
		},
		{
			"name": "tentacle8",
			"from": [7, 11.5, 10.75],
			"to": [8.5, 16.25, 12.25],
			"rotation": {"angle": -15, "axis": "x", "origin": [7, 16, 11]},
			"faces": {
				"north": {"uv": [0.5, 0.5, 1, 2.5], "texture": "#0"},
				"east": {"uv": [0, 0.5, 0.5, 2.5], "texture": "#0"},
				"south": {"uv": [1.5, 0.5, 2, 2.5], "texture": "#0"},
				"west": {"uv": [1, 0.5, 1.5, 2.5], "texture": "#0"},
				"up": {"uv": [1, 0.5, 0.5, 0], "texture": "#0"},
				"down": {"uv": [1.5, 0, 1, 0.5], "texture": "#0"}
			}
		},
		{
			"name": "tentacle9",
			"from": [3.75, 13.75, 10.75],
			"to": [5.25, 16.25, 12.25],
			"rotation": {"angle": -12.5, "axis": "x", "origin": [10.75, 16, 11]},
			"faces": {
				"north": {"uv": [0.5, 0.5, 1, 1.5], "texture": "#0"},
				"east": {"uv": [0, 0.5, 0.5, 1.5], "texture": "#0"},
				"south": {"uv": [1.5, 0.5, 2, 1.5], "texture": "#0"},
				"west": {"uv": [1, 0.5, 1.5, 1.5], "texture": "#0"},
				"up": {"uv": [1, 0.5, 0.5, 0], "texture": "#0"},
				"down": {"uv": [1.5, 0, 1, 0.5], "texture": "#0"}
			}
		}
	],
	"display": {
		"thirdperson_righthand": {
			"translation": [0, 0.75, -0.75],
			"scale": [0.31, 0.31, 0.31]
		},
		"thirdperson_lefthand": {
			"translation": [0, 0.75, -0.75],
			"scale": [0.31, 0.31, 0.31]
		},
		"firstperson_righthand": {
			"translation": [2, 0, 0],
			"scale": [0.38, 0.38, 0.38]
		},
		"firstperson_lefthand": {
			"translation": [2, 0, 0],
			"scale": [0.38, 0.38, 0.38]
		},
		"ground": {
			"translation": [0, 1.5, 0],
			"scale": [0.4, 0.4, 0.4]
		},
		"gui": {
			"rotation": [30, 135, 0],
			"translation": [0, -0.75, 0],
			"scale": [0.49, 0.49, 0.49]
		},
		"head": {
			"translation": [0, 12.5, 0],
			"scale": [0.75, 0.75, 0.75]
		},
		"fixed": {
			"rotation": [-90, 0, 0],
			"translation": [0, 0, -12],
			"scale": [1.5, 1.5, 1.5]
		},
		"on_shelf": {
			"translation": [0, 0, 3]
		}
	}
}