{
	"credit": "Made with Blockbench",
	"parent": "carved_pumpkin",
	"texture_size": [32, 32],
	"textures": {
		"1": "block/trophy_gold",
		"3": "block/crownbase",
		"particle": "block/trophy_gold"
	},
	"elements": [
		{
			"from": [4, 6, 4],
			"to": [12, 14, 12],
			"faces": {
				"north": {"uv": [0, 0, 4, 4], "texture": "#1"},
				"east": {"uv": [0, 4, 4, 8], "texture": "#1"},
				"south": {"uv": [4, 0, 8, 4], "texture": "#1"},
				"west": {"uv": [4, 4, 8, 8], "texture": "#1"},
				"up": {"uv": [4, 12, 0, 8], "texture": "#1"},
				"down": {"uv": [12, 0, 8, 4], "texture": "#1"}
			}
		},
		{
			"from": [6, 5, 6],
			"to": [10, 6, 10],
			"faces": {
				"north": {"uv": [13.5, 9, 15.5, 9.5], "texture": "#1"},
				"east": {"uv": [13.5, 9.5, 15.5, 10], "texture": "#1"},
				"south": {"uv": [2, 14, 4, 14.5], "texture": "#1"},
				"west": {"uv": [14, 3, 16, 3.5], "texture": "#1"},
				"up": {"uv": [12, 12, 10, 10], "texture": "#1"},
				"down": {"uv": [6, 11, 4, 13], "texture": "#1"}
			}
		},
		{
			"from": [5, 0, 5],
			"to": [11, 2, 11],
			"faces": {
				"north": {"uv": [12, 12, 15, 13], "texture": "#1"},
				"east": {"uv": [4, 13, 7, 14], "texture": "#1"},
				"south": {"uv": [13, 4, 16, 5], "texture": "#1"},
				"west": {"uv": [13, 5, 16, 6], "texture": "#1"},
				"up": {"uv": [7, 11, 4, 8], "texture": "#1"},
				"down": {"uv": [11, 4, 8, 7], "texture": "#1"}
			}
		},
		{
			"from": [1, 8, 7],
			"to": [4, 14, 9],
			"faces": {
				"north": {"uv": [7, 8, 8.5, 11], "texture": "#1"},
				"east": {"uv": [7, 13, 8, 16], "texture": "#1"},
				"south": {"uv": [8.5, 7, 10, 10], "texture": "#1"},
				"west": {"uv": [8, 13, 9, 16], "texture": "#1"},
				"up": {"uv": [14.5, 14, 13, 13], "texture": "#1"},
				"down": {"uv": [15, 6, 13.5, 7], "texture": "#1"}
			}
		},
		{
			"from": [12, 8, 7],
			"to": [15, 14, 9],
			"rotation": {"angle": 0, "axis": "y", "origin": [12, 5, 7]},
			"faces": {
				"north": {"uv": [10, 7, 11.5, 10], "texture": "#1"},
				"east": {"uv": [9, 13, 10, 16], "texture": "#1"},
				"south": {"uv": [8.5, 10, 10, 13], "texture": "#1"},
				"west": {"uv": [12, 13, 13, 16], "texture": "#1"},
				"up": {"uv": [15, 8, 13.5, 7], "texture": "#1"},
				"down": {"uv": [15, 8, 13.5, 9], "texture": "#1"}
			}
		},
		{
			"from": [7, 2, 7],
			"to": [9, 5, 9],
			"faces": {
				"north": {"uv": [0, 14, 1, 15.5], "texture": "#1"},
				"east": {"uv": [14, 0, 15, 1.5], "texture": "#1"},
				"south": {"uv": [1, 14, 2, 15.5], "texture": "#1"},
				"west": {"uv": [14, 1.5, 15, 3], "texture": "#1"},
				"up": {"uv": [5, 15, 4, 14], "texture": "#1"},
				"down": {"uv": [6, 14, 5, 15], "texture": "#1"}
			}
		},
		{
			"from": [6, 10, 6],
			"to": [10, 10, 10],
			"faces": {
				"north": {"uv": [0, 0, 2, 0], "texture": "#1"},
				"east": {"uv": [0, 0, 2, 0], "texture": "#1"},
				"south": {"uv": [0, 0, 2, 0], "texture": "#1"},
				"west": {"uv": [0, 0, 2, 0], "texture": "#1"},
				"up": {"uv": [13, 6, 11, 4], "texture": "#1"},
				"down": {"uv": [8, 11, 6, 13], "texture": "#1"}
			}
		},
		{
			"from": [12, 10, 7],
			"to": [13, 10, 9],
			"faces": {
				"north": {"uv": [0, 0, 0.5, 0], "texture": "#1"},
				"east": {"uv": [0, 0, 1, 0], "texture": "#1"},
				"south": {"uv": [0, 0, 0.5, 0], "texture": "#1"},
				"west": {"uv": [0, 0, 1, 0], "texture": "#1"},
				"up": {"uv": [8.5, 8, 8, 7], "texture": "#1"},
				"down": {"uv": [11.5, 6, 11, 7], "texture": "#1"}
			}
		},
		{
			"from": [3, 10, 7],
			"to": [4, 10, 9],
			"faces": {
				"north": {"uv": [0, 0, 0.5, 0], "texture": "#1"},
				"east": {"uv": [0, 0, 1, 0], "texture": "#1"},
				"south": {"uv": [0, 0, 0.5, 0], "texture": "#1"},
				"west": {"uv": [0, 0, 1, 0], "texture": "#1"},
				"up": {"uv": [8.5, 12, 8, 11], "texture": "#1"},
				"down": {"uv": [8.5, 12, 8, 13], "texture": "#1"}
			}
		},
		{
			"from": [12, 12, 7],
			"to": [13, 12, 9],
			"faces": {
				"north": {"uv": [0, 0, 0.5, 0], "texture": "#1"},
				"east": {"uv": [0, 0, 1, 0], "texture": "#1"},
				"south": {"uv": [0, 0, 0.5, 0], "texture": "#1"},
				"west": {"uv": [0, 0, 1, 0], "texture": "#1"},
				"up": {"uv": [14.5, 12, 14, 11], "texture": "#1"},
				"down": {"uv": [13.5, 14, 13, 15], "texture": "#1"}
			}
		},
		{
			"from": [3, 12, 7],
			"to": [4, 12, 9],
			"faces": {
				"north": {"uv": [0, 0, 0.5, 0], "texture": "#1"},
				"east": {"uv": [0, 0, 1, 0], "texture": "#1"},
				"south": {"uv": [0, 0, 0.5, 0], "texture": "#1"},
				"west": {"uv": [0, 0, 1, 0], "texture": "#1"},
				"up": {"uv": [14, 15, 13.5, 14], "texture": "#1"},
				"down": {"uv": [14.5, 14, 14, 15], "texture": "#1"}
			}
		},
		{
			"from": [6, 10, 6],
			"to": [6, 14, 10],
			"rotation": {"angle": 0, "axis": "y", "origin": [6, 23, 6]},
			"faces": {
				"north": {"uv": [0, 0, 0, 2], "texture": "#1"},
				"east": {"uv": [11.5, 6, 13.5, 8], "texture": "#1"},
				"south": {"uv": [0, 0, 0, 2], "texture": "#1"},
				"west": {"uv": [11.5, 8, 13.5, 10], "texture": "#1"},
				"up": {"uv": [0, 2, 0, 0], "texture": "#1"},
				"down": {"uv": [0, 0, 0, 2], "texture": "#1"}
			}
		},
		{
			"from": [10, 10, 6],
			"to": [10, 14, 10],
			"rotation": {"angle": 0, "axis": "y", "origin": [6, 23, 6]},
			"faces": {
				"north": {"uv": [0, 0, 0, 2], "texture": "#1"},
				"east": {"uv": [0, 12, 2, 14], "texture": "#1"},
				"south": {"uv": [0, 0, 0, 2], "texture": "#1"},
				"west": {"uv": [12, 0, 14, 2], "texture": "#1"},
				"up": {"uv": [0, 2, 0, 0], "texture": "#1"},
				"down": {"uv": [0, 0, 0, 2], "texture": "#1"}
			}
		},
		{
			"from": [13, 10, 7],
			"to": [13, 12, 9],
			"rotation": {"angle": 0, "axis": "y", "origin": [6, 23, 6]},
			"faces": {
				"north": {"uv": [0, 0, 0, 1], "texture": "#1"},
				"east": {"uv": [6, 14, 7, 15], "texture": "#1"},
				"south": {"uv": [0, 0, 0, 1], "texture": "#1"},
				"west": {"uv": [10, 14, 11, 15], "texture": "#1"},
				"up": {"uv": [0, 1, 0, 0], "texture": "#1"},
				"down": {"uv": [0, 0, 0, 1], "texture": "#1"}
			}
		},
		{
			"from": [3, 10, 7],
			"to": [3, 12, 9],
			"rotation": {"angle": 0, "axis": "y", "origin": [6, 23, 6]},
			"faces": {
				"north": {"uv": [0, 0, 0, 1], "texture": "#1"},
				"east": {"uv": [14, 10, 15, 11], "texture": "#1"},
				"south": {"uv": [0, 0, 0, 1], "texture": "#1"},
				"west": {"uv": [11, 14, 12, 15], "texture": "#1"},
				"up": {"uv": [0, 1, 0, 0], "texture": "#1"},
				"down": {"uv": [0, 0, 0, 1], "texture": "#1"}
			}
		},
		{
			"from": [6, 10, 6],
			"to": [10, 14, 6],
			"rotation": {"angle": 0, "axis": "y", "origin": [6, 10, 2]},
			"faces": {
				"north": {"uv": [2, 12, 4, 14], "texture": "#1"},
				"east": {"uv": [0, 0, 0, 2], "texture": "#1"},
				"south": {"uv": [12, 2, 14, 4], "texture": "#1"},
				"west": {"uv": [0, 0, 0, 2], "texture": "#1"},
				"up": {"uv": [2, 0, 0, 0], "texture": "#1"},
				"down": {"uv": [2, 0, 0, 0], "texture": "#1"}
			}
		},
		{
			"from": [6, 10, 10],
			"to": [10, 14, 10],
			"rotation": {"angle": 0, "axis": "y", "origin": [6, 10, 2]},
			"faces": {
				"north": {"uv": [10, 12, 12, 14], "texture": "#1"},
				"east": {"uv": [0, 0, 0, 2], "texture": "#1"},
				"south": {"uv": [12, 10, 14, 12], "texture": "#1"},
				"west": {"uv": [0, 0, 0, 2], "texture": "#1"},
				"up": {"uv": [2, 0, 0, 0], "texture": "#1"},
				"down": {"uv": [2, 0, 0, 0], "texture": "#1"}
			}
		},
		{
			"from": [10.5, 15, 5],
			"to": [11, 17, 5.5],
			"rotation": {"angle": 0, "axis": "y", "origin": [9, 15, 5]},
			"faces": {
				"north": {"uv": [6.5, 3.5, 6.75, 4.5], "texture": "#3"},
				"east": {"uv": [4, 6.5, 4.25, 7.5], "texture": "#3"},
				"south": {"uv": [4.5, 6.5, 4.75, 7.5], "texture": "#3"},
				"west": {"uv": [6.5, 4.5, 6.75, 5.5], "texture": "#3"},
				"up": {"uv": [10.75, 7.75, 10.5, 7.5], "texture": "#3"},
				"down": {"uv": [8.25, 10.5, 8, 10.75], "texture": "#3"}
			}
		},
		{
			"from": [8.5, 15, 5],
			"to": [9, 17, 5.5],
			"rotation": {"angle": 0, "axis": "y", "origin": [7, 15, 5]},
			"faces": {
				"north": {"uv": [5, 6.5, 5.25, 7.5], "texture": "#3"},
				"east": {"uv": [5.5, 6.5, 5.75, 7.5], "texture": "#3"},
				"south": {"uv": [6.5, 5.5, 6.75, 6.5], "texture": "#3"},
				"west": {"uv": [6, 6.5, 6.25, 7.5], "texture": "#3"},
				"up": {"uv": [10.75, 8.25, 10.5, 8], "texture": "#3"},
				"down": {"uv": [8.75, 10.5, 8.5, 10.75], "texture": "#3"}
			}
		},
		{
			"from": [7.5, 15, 5],
			"to": [8.5, 17.5, 5.5],
			"rotation": {"angle": 0, "axis": "y", "origin": [6.5, 15, 5]},
			"faces": {
				"north": {"uv": [4, 2, 4.5, 3.25], "texture": "#3"},
				"east": {"uv": [5, 5, 5.25, 6.25], "texture": "#3"},
				"south": {"uv": [4, 3.5, 4.5, 4.75], "texture": "#3"},
				"west": {"uv": [5.5, 2, 5.75, 3.25], "texture": "#3"},
				"up": {"uv": [10.5, 5.25, 10, 5], "texture": "#3"},
				"down": {"uv": [10.5, 5.5, 10, 5.75], "texture": "#3"}
			}
		},
		{
			"from": [10, 15, 5],
			"to": [10.5, 16.5, 5.5],
			"rotation": {"angle": 0, "axis": "y", "origin": [8.5, 15, 5]},
			"faces": {
				"north": {"uv": [8.5, 2, 8.75, 2.75], "texture": "#3"},
				"east": {"uv": [8.5, 3, 8.75, 3.75], "texture": "#3"},
				"south": {"uv": [4, 8.5, 4.25, 9.25], "texture": "#3"},
				"west": {"uv": [8.5, 4, 8.75, 4.75], "texture": "#3"},
				"up": {"uv": [10.75, 8.75, 10.5, 8.5], "texture": "#3"},
				"down": {"uv": [9.25, 10.5, 9, 10.75], "texture": "#3"}
			}
		},
		{
			"from": [9, 15, 5],
			"to": [9.5, 16.5, 5.5],
			"rotation": {"angle": 0, "axis": "y", "origin": [7.5, 15, 5]},
			"faces": {
				"north": {"uv": [4.5, 8.5, 4.75, 9.25], "texture": "#3"},
				"east": {"uv": [5, 8.5, 5.25, 9.25], "texture": "#3"},
				"south": {"uv": [8.5, 5, 8.75, 5.75], "texture": "#3"},
				"west": {"uv": [5.5, 8.5, 5.75, 9.25], "texture": "#3"},
				"up": {"uv": [10.75, 9.25, 10.5, 9], "texture": "#3"},
				"down": {"uv": [9.75, 10.5, 9.5, 10.75], "texture": "#3"}
			}
		},
		{
			"from": [9.5, 15, 5],
			"to": [10, 16, 5.5],
			"rotation": {"angle": 0, "axis": "y", "origin": [8, 15, 5]},
			"faces": {
				"north": {"uv": [10, 6, 10.25, 6.5], "texture": "#3"},
				"east": {"uv": [10, 6.5, 10.25, 7], "texture": "#3"},
				"south": {"uv": [7, 10, 7.25, 10.5], "texture": "#3"},
				"west": {"uv": [10, 7, 10.25, 7.5], "texture": "#3"},
				"up": {"uv": [10.75, 9.75, 10.5, 9.5], "texture": "#3"},
				"down": {"uv": [10.25, 10.5, 10, 10.75], "texture": "#3"}
			}
		},
		{
			"from": [7, 15, 5],
			"to": [7.5, 17, 5.5],
			"rotation": {"angle": 0, "axis": "y", "origin": [5.5, 15, 5]},
			"faces": {
				"north": {"uv": [6.5, 6.5, 6.75, 7.5], "texture": "#3"},
				"east": {"uv": [7, 2, 7.25, 3], "texture": "#3"},
				"south": {"uv": [7, 3, 7.25, 4], "texture": "#3"},
				"west": {"uv": [7, 4, 7.25, 5], "texture": "#3"},
				"up": {"uv": [10.75, 10.25, 10.5, 10], "texture": "#3"},
				"down": {"uv": [10.75, 10.5, 10.5, 10.75], "texture": "#3"}
			}
		},
		{
			"from": [6.5, 15, 5],
			"to": [7, 16.5, 5.5],
			"rotation": {"angle": 0, "axis": "y", "origin": [5, 15, 5]},
			"faces": {
				"north": {"uv": [6, 8.5, 6.25, 9.25], "texture": "#3"},
				"east": {"uv": [8.5, 6, 8.75, 6.75], "texture": "#3"},
				"south": {"uv": [6.5, 8.5, 6.75, 9.25], "texture": "#3"},
				"west": {"uv": [8.5, 7, 8.75, 7.75], "texture": "#3"},
				"up": {"uv": [0.25, 11.25, 0, 11], "texture": "#3"},
				"down": {"uv": [11.25, 0, 11, 0.25], "texture": "#3"}
			}
		},
		{
			"from": [6, 15, 5],
			"to": [6.5, 16, 5.5],
			"rotation": {"angle": 0, "axis": "y", "origin": [4.5, 15, 5]},
			"faces": {
				"north": {"uv": [7.5, 10, 7.75, 10.5], "texture": "#3"},
				"east": {"uv": [10, 7.5, 10.25, 8], "texture": "#3"},
				"south": {"uv": [8, 10, 8.25, 10.5], "texture": "#3"},
				"west": {"uv": [10, 8, 10.25, 8.5], "texture": "#3"},
				"up": {"uv": [0.75, 11.25, 0.5, 11], "texture": "#3"},
				"down": {"uv": [11.25, 0.5, 11, 0.75], "texture": "#3"}
			}
		},
		{
			"from": [5.5, 15, 5],
			"to": [6, 16.5, 5.5],
			"rotation": {"angle": 0, "axis": "y", "origin": [4, 15, 5]},
			"faces": {
				"north": {"uv": [8.5, 8, 8.75, 8.75], "texture": "#3"},
				"east": {"uv": [0, 9, 0.25, 9.75], "texture": "#3"},
				"south": {"uv": [6, 12.25, 6.25, 13], "texture": "#3"},
				"west": {"uv": [0.5, 9, 0.75, 9.75], "texture": "#3"},
				"up": {"uv": [1.25, 11.25, 1, 11], "texture": "#3"},
				"down": {"uv": [11.25, 1, 11, 1.25], "texture": "#3"}
			}
		},
		{
			"from": [10.5, 15, 5.5],
			"to": [11, 16.5, 6],
			"rotation": {"angle": 0, "axis": "y", "origin": [10.75, 15.875, 8]},
			"faces": {
				"north": {"uv": [1, 9, 1.25, 9.75], "texture": "#3"},
				"east": {"uv": [9, 1, 9.25, 1.75], "texture": "#3"},
				"south": {"uv": [1.5, 9, 1.75, 9.75], "texture": "#3"},
				"west": {"uv": [2, 9, 2.25, 9.75], "texture": "#3"},
				"up": {"uv": [1.75, 11.25, 1.5, 11], "texture": "#3"},
				"down": {"uv": [11.25, 1.5, 11, 1.75], "texture": "#3"}
			}
		},
		{
			"from": [10.5, 15, 6],
			"to": [11, 16, 6.5],
			"rotation": {"angle": 0, "axis": "y", "origin": [10.75, 15.875, 8]},
			"faces": {
				"north": {"uv": [8.5, 10, 8.75, 10.5], "texture": "#3"},
				"east": {"uv": [10, 8.5, 10.25, 9], "texture": "#3"},
				"south": {"uv": [9, 10, 9.25, 10.5], "texture": "#3"},
				"west": {"uv": [10, 9, 10.25, 9.5], "texture": "#3"},
				"up": {"uv": [2.25, 11.25, 2, 11], "texture": "#3"},
				"down": {"uv": [11.25, 2, 11, 2.25], "texture": "#3"}
			}
		},
		{
			"from": [10.5, 15, 6.5],
			"to": [11, 16.5, 7],
			"rotation": {"angle": 0, "axis": "y", "origin": [10.75, 15.875, 8]},
			"faces": {
				"north": {"uv": [9, 2, 9.25, 2.75], "texture": "#3"},
				"east": {"uv": [2.5, 9, 2.75, 9.75], "texture": "#3"},
				"south": {"uv": [3, 9, 3.25, 9.75], "texture": "#3"},
				"west": {"uv": [9, 3, 9.25, 3.75], "texture": "#3"},
				"up": {"uv": [2.75, 11.25, 2.5, 11], "texture": "#3"},
				"down": {"uv": [11.25, 2.5, 11, 2.75], "texture": "#3"}
			}
		},
		{
			"from": [10.5, 15, 7],
			"to": [11, 17, 7.5],
			"rotation": {"angle": 0, "axis": "y", "origin": [10.75, 15.875, 8]},
			"faces": {
				"north": {"uv": [7, 5, 7.25, 6], "texture": "#3"},
				"east": {"uv": [7, 6, 7.25, 7], "texture": "#3"},
				"south": {"uv": [7, 7, 7.25, 8], "texture": "#3"},
				"west": {"uv": [7.5, 2, 7.75, 3], "texture": "#3"},
				"up": {"uv": [3.25, 11.25, 3, 11], "texture": "#3"},
				"down": {"uv": [11.25, 3, 11, 3.25], "texture": "#3"}
			}
		},
		{
			"from": [10.5, 15, 7.5],
			"to": [11, 17.5, 8.5],
			"rotation": {"angle": 0, "axis": "y", "origin": [10.75, 15.875, 8]},
			"faces": {
				"north": {"uv": [5.5, 3.5, 5.75, 4.75], "texture": "#3"},
				"east": {"uv": [4.5, 2, 5, 3.25], "texture": "#3"},
				"south": {"uv": [5.5, 5, 5.75, 6.25], "texture": "#3"},
				"west": {"uv": [4.5, 3.5, 5, 4.75], "texture": "#3"},
				"up": {"uv": [9.75, 10.5, 9.5, 10], "texture": "#3"},
				"down": {"uv": [10.25, 9.5, 10, 10], "texture": "#3"}
			}
		},
		{
			"from": [10.5, 15, 10],
			"to": [11, 16.5, 10.5],
			"rotation": {"angle": 0, "axis": "y", "origin": [10.75, 15.875, 8]},
			"faces": {
				"north": {"uv": [3.5, 9, 3.75, 9.75], "texture": "#3"},
				"east": {"uv": [9, 4, 9.25, 4.75], "texture": "#3"},
				"south": {"uv": [9, 5, 9.25, 5.75], "texture": "#3"},
				"west": {"uv": [9, 6, 9.25, 6.75], "texture": "#3"},
				"up": {"uv": [3.75, 11.25, 3.5, 11], "texture": "#3"},
				"down": {"uv": [11.25, 3.5, 11, 3.75], "texture": "#3"}
			}
		},
		{
			"from": [10.5, 15, 9.5],
			"to": [11, 16, 10],
			"rotation": {"angle": 0, "axis": "y", "origin": [10.75, 15.875, 8]},
			"faces": {
				"north": {"uv": [10, 10, 10.25, 10.5], "texture": "#3"},
				"east": {"uv": [10.5, 0, 10.75, 0.5], "texture": "#3"},
				"south": {"uv": [10.5, 0.5, 10.75, 1], "texture": "#3"},
				"west": {"uv": [10.5, 1, 10.75, 1.5], "texture": "#3"},
				"up": {"uv": [4.25, 11.25, 4, 11], "texture": "#3"},
				"down": {"uv": [11.25, 4, 11, 4.25], "texture": "#3"}
			}
		},
		{
			"from": [10.5, 15, 9],
			"to": [11, 16.5, 9.5],
			"rotation": {"angle": 0, "axis": "y", "origin": [10.75, 15.875, 8]},
			"faces": {
				"north": {"uv": [7, 9, 7.25, 9.75], "texture": "#3"},
				"east": {"uv": [9, 7, 9.25, 7.75], "texture": "#3"},
				"south": {"uv": [7.5, 9, 7.75, 9.75], "texture": "#3"},
				"west": {"uv": [8, 9, 8.25, 9.75], "texture": "#3"},
				"up": {"uv": [4.75, 11.25, 4.5, 11], "texture": "#3"},
				"down": {"uv": [11.25, 4.5, 11, 4.75], "texture": "#3"}
			}
		},
		{
			"from": [10.5, 15, 8.5],
			"to": [11, 17, 9],
			"rotation": {"angle": 0, "axis": "y", "origin": [10.75, 15.875, 8]},
			"faces": {
				"north": {"uv": [7.5, 3, 7.75, 4], "texture": "#3"},
				"east": {"uv": [4, 7.5, 4.25, 8.5], "texture": "#3"},
				"south": {"uv": [7.5, 4, 7.75, 5], "texture": "#3"},
				"west": {"uv": [4.5, 7.5, 4.75, 8.5], "texture": "#3"},
				"up": {"uv": [5.25, 11.25, 5, 11], "texture": "#3"},
				"down": {"uv": [11.25, 5, 11, 5.25], "texture": "#3"}
			}
		},
		{
			"from": [5, 15, 9],
			"to": [5.5, 16.5, 9.5],
			"rotation": {"angle": 0, "axis": "y", "origin": [5.25, 15.875, 8]},
			"faces": {
				"north": {"uv": [9, 8, 9.25, 8.75], "texture": "#3"},
				"east": {"uv": [6.5, 12.25, 6.75, 13], "texture": "#3"},
				"south": {"uv": [9, 9, 9.25, 9.75], "texture": "#3"},
				"west": {"uv": [6.5, 12.25, 6.75, 13], "texture": "#3"},
				"up": {"uv": [6.75, 12.5, 6.5, 12.25], "texture": "#3"},
				"down": {"uv": [6.75, 12.75, 6.5, 13], "texture": "#3"}
			}
		},
		{
			"from": [5, 15, 10],
			"to": [5.5, 16.5, 10.5],
			"rotation": {"angle": 0, "axis": "y", "origin": [5.25, 15.875, 8]},
			"faces": {
				"north": {"uv": [6, 12.25, 6.25, 13], "texture": "#3"},
				"east": {"uv": [6, 12.25, 6.25, 13], "texture": "#3"},
				"south": {"uv": [9.5, 3, 9.75, 3.75], "texture": "#3"},
				"west": {"uv": [6, 12.25, 6.25, 13], "texture": "#3"},
				"up": {"uv": [6.25, 12.5, 6, 12.25], "texture": "#3"},
				"down": {"uv": [6.25, 12.25, 6, 12.5], "texture": "#3"}
			}
		},
		{
			"from": [5, 15, 9.5],
			"to": [5.5, 16, 10],
			"rotation": {"angle": 0, "axis": "y", "origin": [5.25, 15.875, 8]},
			"faces": {
				"north": {"uv": [10.5, 1.5, 10.75, 2], "texture": "#3"},
				"east": {"uv": [6.25, 12.5, 6.5, 13], "texture": "#3"},
				"south": {"uv": [10.5, 2.5, 10.75, 3], "texture": "#3"},
				"west": {"uv": [6.25, 12.5, 6.5, 13], "texture": "#3"},
				"up": {"uv": [6.5, 12.75, 6.25, 12.5], "texture": "#3"},
				"down": {"uv": [11.25, 6.5, 11, 6.75], "texture": "#3"}
			}
		},
		{
			"from": [5, 15, 5.5],
			"to": [5.5, 16.5, 6],
			"rotation": {"angle": 0, "axis": "y", "origin": [5.25, 15.875, 8]},
			"faces": {
				"north": {"uv": [8.25, 12.25, 8.5, 13], "texture": "#3"},
				"east": {"uv": [4.5, 9.5, 4.75, 10.25], "texture": "#3"},
				"south": {"uv": [5, 9.5, 5.25, 10.25], "texture": "#3"},
				"west": {"uv": [8.25, 12.25, 8.5, 13], "texture": "#3"},
				"up": {"uv": [8.5, 12.5, 8.25, 12.25], "texture": "#3"},
				"down": {"uv": [8.5, 12.75, 8.25, 13], "texture": "#3"}
			}
		},
		{
			"from": [5, 15, 6],
			"to": [5.5, 16, 6.5],
			"rotation": {"angle": 0, "axis": "y", "origin": [5.25, 15.875, 8]},
			"faces": {
				"north": {"uv": [8, 12.5, 8.25, 13], "texture": "#3"},
				"east": {"uv": [8, 12.5, 8.25, 13], "texture": "#3"},
				"south": {"uv": [8, 12.5, 8.25, 13], "texture": "#3"},
				"west": {"uv": [8, 12.5, 8.25, 13], "texture": "#3"},
				"up": {"uv": [8.25, 12.75, 8, 12.5], "texture": "#3"},
				"down": {"uv": [8.25, 12.75, 8, 13], "texture": "#3"}
			}
		},
		{
			"from": [5, 15, 7],
			"to": [5.5, 17, 7.5],
			"rotation": {"angle": 0, "axis": "y", "origin": [5.25, 15.875, 8]},
			"faces": {
				"north": {"uv": [7.5, 12, 7.75, 13], "texture": "#3"},
				"east": {"uv": [7.5, 12, 7.75, 13], "texture": "#3"},
				"south": {"uv": [7.5, 12, 7.75, 13], "texture": "#3"},
				"west": {"uv": [7.5, 12, 7.75, 13], "texture": "#3"},
				"up": {"uv": [7.75, 12.25, 7.5, 12], "texture": "#3"},
				"down": {"uv": [11.25, 8, 11, 8.25], "texture": "#3"}
			}
		},
		{
			"from": [5, 15, 6.5],
			"to": [5.5, 16.5, 7],
			"rotation": {"angle": 0, "axis": "y", "origin": [5.25, 15.875, 8]},
			"faces": {
				"north": {"uv": [7.75, 12.25, 8, 13], "texture": "#3"},
				"east": {"uv": [7.75, 12.25, 8, 13], "texture": "#3"},
				"south": {"uv": [7.75, 12.25, 8, 13], "texture": "#3"},
				"west": {"uv": [7.75, 12.25, 8, 13], "texture": "#3"},
				"up": {"uv": [8, 12.5, 7.75, 12.25], "texture": "#3"},
				"down": {"uv": [11.25, 8.5, 11, 8.75], "texture": "#3"}
			}
		},
		{
			"from": [5, 15, 7.5],
			"to": [5.5, 17.5, 8.5],
			"rotation": {"angle": 0, "axis": "y", "origin": [5.25, 15.875, 8]},
			"faces": {
				"north": {"uv": [7, 11.75, 7.25, 13], "texture": "#3"},
				"east": {"uv": [7, 11.75, 7.5, 13], "texture": "#3"},
				"south": {"uv": [7.25, 11.75, 7.5, 13], "texture": "#3"},
				"west": {"uv": [7, 11.75, 7.5, 13], "texture": "#3"},
				"up": {"uv": [7.5, 12, 7, 11.75], "texture": "#3"},
				"down": {"uv": [13.625, 10.375, 13.375, 10.875], "texture": "#3"}
			}
		},
		{
			"from": [5, 15, 8.5],
			"to": [5.5, 17, 9],
			"rotation": {"angle": 0, "axis": "y", "origin": [5.25, 15.875, 8]},
			"faces": {
				"north": {"uv": [6.75, 12, 7, 13], "texture": "#3"},
				"east": {"uv": [6.75, 12, 7, 13], "texture": "#3"},
				"south": {"uv": [6.75, 12, 7, 13], "texture": "#3"},
				"west": {"uv": [6.75, 12, 7, 13], "texture": "#3"},
				"up": {"uv": [7, 12.25, 6.75, 12], "texture": "#3"},
				"down": {"uv": [7, 12.75, 6.75, 13], "texture": "#3"}
			}
		},
		{
			"from": [5, 15, 5],
			"to": [5.5, 17, 5.5],
			"rotation": {"angle": 0, "axis": "y", "origin": [3.5, 15, 5]},
			"faces": {
				"north": {"uv": [8.5, 12, 8.75, 13], "texture": "#3"},
				"east": {"uv": [0.5, 8, 0.75, 9], "texture": "#3"},
				"south": {"uv": [8.5, 12, 8.75, 13], "texture": "#3"},
				"west": {"uv": [8.5, 12, 8.75, 13], "texture": "#3"},
				"up": {"uv": [8.75, 12.25, 8.5, 12], "texture": "#3"},
				"down": {"uv": [8.75, 12.75, 8.5, 13], "texture": "#3"}
			}
		},
		{
			"from": [10.5, 15, 10.5],
			"to": [11, 17, 11],
			"rotation": {"angle": 0, "axis": "y", "origin": [9, 15, 10.5]},
			"faces": {
				"north": {"uv": [8.5, 12, 8.75, 13], "texture": "#3"},
				"east": {"uv": [8.5, 12, 8.75, 13], "texture": "#3"},
				"south": {"uv": [8.5, 12, 8.75, 13], "texture": "#3"},
				"west": {"uv": [8.5, 12, 8.75, 13], "texture": "#3"},
				"up": {"uv": [8.75, 12.25, 8.5, 12], "texture": "#3"},
				"down": {"uv": [11.25, 10, 11, 10.25], "texture": "#3"}
			}
		},
		{
			"from": [10, 15, 10.5],
			"to": [10.5, 16.5, 11],
			"rotation": {"angle": 0, "axis": "y", "origin": [8.5, 15, 10.5]},
			"faces": {
				"north": {"uv": [8.25, 12.25, 8.5, 13], "texture": "#3"},
				"east": {"uv": [9.5, 8, 9.75, 8.75], "texture": "#3"},
				"south": {"uv": [8.25, 12.25, 8.5, 13], "texture": "#3"},
				"west": {"uv": [8.25, 12.25, 8.5, 13], "texture": "#3"},
				"up": {"uv": [8.5, 12.5, 8.25, 12.25], "texture": "#3"},
				"down": {"uv": [11.25, 10.5, 11, 10.75], "texture": "#3"}
			}
		},
		{
			"from": [9.5, 15, 10.5],
			"to": [10, 16, 11],
			"rotation": {"angle": 0, "axis": "y", "origin": [8, 15, 10.5]},
			"faces": {
				"north": {"uv": [8, 12.5, 8.25, 13], "texture": "#3"},
				"east": {"uv": [5.5, 10.5, 5.75, 11], "texture": "#3"},
				"south": {"uv": [8, 12.5, 8.25, 13], "texture": "#3"},
				"west": {"uv": [6, 10.5, 6.25, 11], "texture": "#3"},
				"up": {"uv": [8.25, 12.75, 8, 12.5], "texture": "#3"},
				"down": {"uv": [0.25, 11.5, 0, 11.75], "texture": "#3"}
			}
		},
		{
			"from": [9, 15, 10.5],
			"to": [9.5, 16.5, 11],
			"rotation": {"angle": 0, "axis": "y", "origin": [7.5, 15, 10.5]},
			"faces": {
				"north": {"uv": [7.75, 12.25, 8, 13], "texture": "#3"},
				"east": {"uv": [7.75, 12.25, 8, 13], "texture": "#3"},
				"south": {"uv": [7.75, 12.25, 8, 13], "texture": "#3"},
				"west": {"uv": [10, 1, 10.25, 1.75], "texture": "#3"},
				"up": {"uv": [8, 12.5, 7.75, 12.25], "texture": "#3"},
				"down": {"uv": [0.75, 11.5, 0.5, 11.75], "texture": "#3"}
			}
		},
		{
			"from": [8.5, 15, 10.5],
			"to": [9, 17, 11],
			"rotation": {"angle": 0, "axis": "y", "origin": [7, 15, 10.5]},
			"faces": {
				"north": {"uv": [7.5, 12, 7.75, 13], "texture": "#3"},
				"east": {"uv": [7.5, 12, 7.75, 13], "texture": "#3"},
				"south": {"uv": [7.5, 12, 7.75, 13], "texture": "#3"},
				"west": {"uv": [8, 4, 8.25, 5], "texture": "#3"},
				"up": {"uv": [7.75, 12.25, 7.5, 12], "texture": "#3"},
				"down": {"uv": [1.25, 11.5, 1, 11.75], "texture": "#3"}
			}
		},
		{
			"from": [7.5, 15, 10.5],
			"to": [8.5, 17.5, 11],
			"rotation": {"angle": 0, "axis": "y", "origin": [6.5, 15, 10.5]},
			"faces": {
				"north": {"uv": [7, 11.75, 7.5, 13], "texture": "#3"},
				"east": {"uv": [7, 11.75, 7.25, 13], "texture": "#3"},
				"south": {"uv": [7, 11.75, 7.5, 13], "texture": "#3"},
				"west": {"uv": [7.25, 11.75, 7.5, 13], "texture": "#3"},
				"up": {"uv": [7.5, 12, 7, 11.75], "texture": "#3"},
				"down": {"uv": [13.375, 5.375, 12.875, 5.625], "texture": "#3"}
			}
		},
		{
			"from": [5, 15, 10.5],
			"to": [5.5, 17, 11],
			"rotation": {"angle": 0, "axis": "y", "origin": [3.5, 15, 10.5]},
			"faces": {
				"north": {"uv": [5.75, 12, 6, 13], "texture": "#3"},
				"east": {"uv": [5.75, 12, 6, 13], "texture": "#3"},
				"south": {"uv": [5.75, 12, 6, 13], "texture": "#3"},
				"west": {"uv": [5.75, 12, 6, 13], "texture": "#3"},
				"up": {"uv": [6, 12.25, 5.75, 12], "texture": "#3"},
				"down": {"uv": [13.5, 7.375, 13.25, 7.625], "texture": "#3"}
			}
		},
		{
			"from": [5.5, 15, 10.5],
			"to": [6, 16.5, 11],
			"rotation": {"angle": 0, "axis": "y", "origin": [4, 15, 10.5]},
			"faces": {
				"north": {"uv": [6, 12.25, 6.25, 13], "texture": "#3"},
				"east": {"uv": [6, 12.25, 6.25, 13], "texture": "#3"},
				"south": {"uv": [6, 12.25, 6.25, 13], "texture": "#3"},
				"west": {"uv": [2.5, 10, 2.75, 10.75], "texture": "#3"},
				"up": {"uv": [6.25, 12.5, 6, 12.25], "texture": "#3"},
				"down": {"uv": [2.25, 11.5, 2, 11.75], "texture": "#3"}
			}
		},
		{
			"from": [6, 15, 10.5],
			"to": [6.5, 16, 11],
			"rotation": {"angle": 0, "axis": "y", "origin": [4.5, 15, 10.5]},
			"faces": {
				"north": {"uv": [6.25, 12.5, 6.5, 13], "texture": "#3"},
				"east": {"uv": [7, 10.5, 7.25, 11], "texture": "#3"},
				"south": {"uv": [6.25, 12.5, 6.5, 13], "texture": "#3"},
				"west": {"uv": [7.5, 10.5, 7.75, 11], "texture": "#3"},
				"up": {"uv": [6.5, 12.75, 6.25, 12.5], "texture": "#3"},
				"down": {"uv": [2.75, 11.5, 2.5, 11.75], "texture": "#3"}
			}
		},
		{
			"from": [6.5, 15, 10.5],
			"to": [7, 16.5, 11],
			"rotation": {"angle": 0, "axis": "y", "origin": [5, 15, 10.5]},
			"faces": {
				"north": {"uv": [6.5, 12.25, 6.75, 13], "texture": "#3"},
				"east": {"uv": [10, 3, 10.25, 3.75], "texture": "#3"},
				"south": {"uv": [6.5, 12.25, 6.75, 13], "texture": "#3"},
				"west": {"uv": [6.5, 12.25, 6.75, 13], "texture": "#3"},
				"up": {"uv": [6.75, 12.5, 6.5, 12.25], "texture": "#3"},
				"down": {"uv": [3.25, 11.5, 3, 11.75], "texture": "#3"}
			}
		},
		{
			"from": [7, 15, 10.5],
			"to": [7.5, 17, 11],
			"rotation": {"angle": 0, "axis": "y", "origin": [5.5, 15, 10.5]},
			"faces": {
				"north": {"uv": [6.75, 12, 7, 13], "texture": "#3"},
				"east": {"uv": [8, 8, 8.25, 9], "texture": "#3"},
				"south": {"uv": [6.75, 12, 7, 13], "texture": "#3"},
				"west": {"uv": [6.75, 12, 7, 13], "texture": "#3"},
				"up": {"uv": [7, 12.25, 6.75, 12], "texture": "#3"},
				"down": {"uv": [3.75, 11.5, 3.5, 11.75], "texture": "#3"}
			}
		},
		{
			"from": [4.25, 14, 4.25],
			"to": [12, 15, 11.75],
			"rotation": {"angle": 0, "axis": "y", "origin": [7, 16.5, 0]},
			"faces": {
				"north": {"uv": [4, 0, 8, 0.5], "texture": "#3"},
				"east": {"uv": [4, 1, 7.75, 1.5], "texture": "#3"},
				"south": {"uv": [4, 0.5, 8, 1], "texture": "#3"},
				"west": {"uv": [4, 1.5, 7.75, 2], "texture": "#3"},
				"up": {"uv": [4, 3.75, 0, 0], "texture": "#3"},
				"down": {"uv": [4, 4, 0, 7.75], "texture": "#3"}
			}
		}
	],
	"display": {
		"thirdperson_righthand": {
			"scale": [0.75, 0.75, 0.75]
		},
		"thirdperson_lefthand": {
			"scale": [0.75, 0.75, 0.75]
		},
		"firstperson_righthand": {
			"translation": [0, 2, 0],
			"scale": [0.63, 0.63, 0.63]
		},
		"firstperson_lefthand": {
			"translation": [0, 2, 0],
			"scale": [0.63, 0.63, 0.63]
		},
		"ground": {
			"translation": [0, 3, 0],
			"scale": [0.5, 0.5, 0.5]
		},
		"gui": {
			"rotation": [30, -45, 0],
			"scale": [0.9, 0.9, 0.9]
		},
		"head": {
			"rotation": [0, -180, 0],
			"translation": [-0.25, 18.25, 0],
			"scale": [1.5, 1.5, 1.5]
		},
		"fixed": {
			"rotation": [90, 0, -180],
			"translation": [0, 0, -15.5],
			"scale": [2, 2, 2]
		}
	}
}