{
	"credit": "Made with Blockbench",
	"parent": "carved_pumpkin",
	"texture_size": [8, 8],
	"textures": {
		"1": "block/trophy_gold",
		"2": "block/horsey",
		"3": "block/grass",
		"particle": "block/trophy_gold"
	},
	"elements": [
		{
			"from": [6, 10, 10],
			"to": [10, 14, 10],
			"rotation": {"angle": 0, "axis": "y", "origin": [6, 10, 2]},
			"faces": {
				"north": {"uv": [10, 12, 12, 14], "texture": "#1"},
				"east": {"uv": [0, 0, 0, 2], "texture": "#1"},
				"south": {"uv": [12, 10, 14, 12], "texture": "#1"},
				"west": {"uv": [0, 0, 0, 2], "texture": "#1"},
				"up": {"uv": [2, 0, 0, 0], "texture": "#1"},
				"down": {"uv": [2, 0, 0, 0], "texture": "#1"}
			}
		},
		{
			"from": [4, 6, 4],
			"to": [12, 14, 12],
			"faces": {
				"north": {"uv": [0, 0, 4, 4], "texture": "#1"},
				"east": {"uv": [0, 4, 4, 8], "texture": "#1"},
				"south": {"uv": [4, 0, 8, 4], "texture": "#1"},
				"west": {"uv": [4, 4, 8, 8], "texture": "#1"},
				"up": {"uv": [4, 12, 0, 8], "texture": "#1"},
				"down": {"uv": [12, 0, 8, 4], "texture": "#1"}
			}
		},
		{
			"from": [6, 5, 6],
			"to": [10, 6, 10],
			"faces": {
				"north": {"uv": [13.5, 9, 15.5, 9.5], "texture": "#1"},
				"east": {"uv": [13.5, 9.5, 15.5, 10], "texture": "#1"},
				"south": {"uv": [2, 14, 4, 14.5], "texture": "#1"},
				"west": {"uv": [14, 3, 16, 3.5], "texture": "#1"},
				"up": {"uv": [12, 12, 10, 10], "texture": "#1"},
				"down": {"uv": [6, 11, 4, 13], "texture": "#1"}
			}
		},
		{
			"from": [5, 0, 5],
			"to": [11, 2, 11],
			"faces": {
				"north": {"uv": [12, 12, 15, 13], "texture": "#1"},
				"east": {"uv": [4, 13, 7, 14], "texture": "#1"},
				"south": {"uv": [13, 4, 16, 5], "texture": "#1"},
				"west": {"uv": [13, 5, 16, 6], "texture": "#1"},
				"up": {"uv": [7, 11, 4, 8], "texture": "#1"},
				"down": {"uv": [11, 4, 8, 7], "texture": "#1"}
			}
		},
		{
			"from": [1, 8, 7],
			"to": [4, 14, 9],
			"faces": {
				"north": {"uv": [7, 8, 8.5, 11], "texture": "#1"},
				"east": {"uv": [7, 13, 8, 16], "texture": "#1"},
				"south": {"uv": [8.5, 7, 10, 10], "texture": "#1"},
				"west": {"uv": [8, 13, 9, 16], "texture": "#1"},
				"up": {"uv": [14.5, 14, 13, 13], "texture": "#1"},
				"down": {"uv": [15, 6, 13.5, 7], "texture": "#1"}
			}
		},
		{
			"from": [12, 8, 7],
			"to": [15, 14, 9],
			"rotation": {"angle": 0, "axis": "y", "origin": [12, 5, 7]},
			"faces": {
				"north": {"uv": [10, 7, 11.5, 10], "texture": "#1"},
				"east": {"uv": [9, 13, 10, 16], "texture": "#1"},
				"south": {"uv": [8.5, 10, 10, 13], "texture": "#1"},
				"west": {"uv": [12, 13, 13, 16], "texture": "#1"},
				"up": {"uv": [15, 8, 13.5, 7], "texture": "#1"},
				"down": {"uv": [15, 8, 13.5, 9], "texture": "#1"}
			}
		},
		{
			"from": [7, 2, 7],
			"to": [9, 5, 9],
			"faces": {
				"north": {"uv": [0, 14, 1, 15.5], "texture": "#1"},
				"east": {"uv": [14, 0, 15, 1.5], "texture": "#1"},
				"south": {"uv": [1, 14, 2, 15.5], "texture": "#1"},
				"west": {"uv": [14, 1.5, 15, 3], "texture": "#1"},
				"up": {"uv": [5, 15, 4, 14], "texture": "#1"},
				"down": {"uv": [6, 14, 5, 15], "texture": "#1"}
			}
		},
		{
			"from": [6, 10, 6],
			"to": [10, 10, 10],
			"faces": {
				"north": {"uv": [0, 0, 2, 0], "texture": "#1"},
				"east": {"uv": [0, 0, 2, 0], "texture": "#1"},
				"south": {"uv": [0, 0, 2, 0], "texture": "#1"},
				"west": {"uv": [0, 0, 2, 0], "texture": "#1"},
				"up": {"uv": [13, 6, 11, 4], "texture": "#1"},
				"down": {"uv": [8, 11, 6, 13], "texture": "#1"}
			}
		},
		{
			"from": [12, 10, 7],
			"to": [13, 10, 9],
			"faces": {
				"north": {"uv": [0, 0, 0.5, 0], "texture": "#1"},
				"east": {"uv": [0, 0, 1, 0], "texture": "#1"},
				"south": {"uv": [0, 0, 0.5, 0], "texture": "#1"},
				"west": {"uv": [0, 0, 1, 0], "texture": "#1"},
				"up": {"uv": [8.5, 8, 8, 7], "texture": "#1"},
				"down": {"uv": [11.5, 6, 11, 7], "texture": "#1"}
			}
		},
		{
			"from": [3, 10, 7],
			"to": [4, 10, 9],
			"faces": {
				"north": {"uv": [0, 0, 0.5, 0], "texture": "#1"},
				"east": {"uv": [0, 0, 1, 0], "texture": "#1"},
				"south": {"uv": [0, 0, 0.5, 0], "texture": "#1"},
				"west": {"uv": [0, 0, 1, 0], "texture": "#1"},
				"up": {"uv": [8.5, 12, 8, 11], "texture": "#1"},
				"down": {"uv": [8.5, 12, 8, 13], "texture": "#1"}
			}
		},
		{
			"from": [12, 12, 7],
			"to": [13, 12, 9],
			"faces": {
				"north": {"uv": [0, 0, 0.5, 0], "texture": "#1"},
				"east": {"uv": [0, 0, 1, 0], "texture": "#1"},
				"south": {"uv": [0, 0, 0.5, 0], "texture": "#1"},
				"west": {"uv": [0, 0, 1, 0], "texture": "#1"},
				"up": {"uv": [14.5, 12, 14, 11], "texture": "#1"},
				"down": {"uv": [13.5, 14, 13, 15], "texture": "#1"}
			}
		},
		{
			"from": [3, 12, 7],
			"to": [4, 12, 9],
			"faces": {
				"north": {"uv": [0, 0, 0.5, 0], "texture": "#1"},
				"east": {"uv": [0, 0, 1, 0], "texture": "#1"},
				"south": {"uv": [0, 0, 0.5, 0], "texture": "#1"},
				"west": {"uv": [0, 0, 1, 0], "texture": "#1"},
				"up": {"uv": [14, 15, 13.5, 14], "texture": "#1"},
				"down": {"uv": [14.5, 14, 14, 15], "texture": "#1"}
			}
		},
		{
			"from": [6, 10, 6],
			"to": [6, 14, 10],
			"rotation": {"angle": 0, "axis": "y", "origin": [6, 23, 6]},
			"faces": {
				"north": {"uv": [0, 0, 0, 2], "texture": "#1"},
				"east": {"uv": [11.5, 6, 13.5, 8], "texture": "#1"},
				"south": {"uv": [0, 0, 0, 2], "texture": "#1"},
				"west": {"uv": [11.5, 8, 13.5, 10], "texture": "#1"},
				"up": {"uv": [0, 2, 0, 0], "texture": "#1"},
				"down": {"uv": [0, 0, 0, 2], "texture": "#1"}
			}
		},
		{
			"from": [10, 10, 6],
			"to": [10, 14, 10],
			"rotation": {"angle": 0, "axis": "y", "origin": [6, 23, 6]},
			"faces": {
				"north": {"uv": [0, 0, 0, 2], "texture": "#1"},
				"east": {"uv": [0, 12, 2, 14], "texture": "#1"},
				"south": {"uv": [0, 0, 0, 2], "texture": "#1"},
				"west": {"uv": [12, 0, 14, 2], "texture": "#1"},
				"up": {"uv": [0, 2, 0, 0], "texture": "#1"},
				"down": {"uv": [0, 0, 0, 2], "texture": "#1"}
			}
		},
		{
			"from": [13, 10, 7],
			"to": [13, 12, 9],
			"rotation": {"angle": 0, "axis": "y", "origin": [6, 23, 6]},
			"faces": {
				"north": {"uv": [0, 0, 0, 1], "texture": "#1"},
				"east": {"uv": [6, 14, 7, 15], "texture": "#1"},
				"south": {"uv": [0, 0, 0, 1], "texture": "#1"},
				"west": {"uv": [10, 14, 11, 15], "texture": "#1"},
				"up": {"uv": [0, 1, 0, 0], "texture": "#1"},
				"down": {"uv": [0, 0, 0, 1], "texture": "#1"}
			}
		},
		{
			"from": [3, 10, 7],
			"to": [3, 12, 9],
			"rotation": {"angle": 0, "axis": "y", "origin": [6, 23, 6]},
			"faces": {
				"north": {"uv": [0, 0, 0, 1], "texture": "#1"},
				"east": {"uv": [14, 10, 15, 11], "texture": "#1"},
				"south": {"uv": [0, 0, 0, 1], "texture": "#1"},
				"west": {"uv": [11, 14, 12, 15], "texture": "#1"},
				"up": {"uv": [0, 1, 0, 0], "texture": "#1"},
				"down": {"uv": [0, 0, 0, 1], "texture": "#1"}
			}
		},
		{
			"from": [6, 10, 6],
			"to": [10, 14, 6],
			"rotation": {"angle": 0, "axis": "y", "origin": [6, 10, 2]},
			"faces": {
				"north": {"uv": [2, 12, 4, 14], "texture": "#1"},
				"east": {"uv": [0, 0, 0, 2], "texture": "#1"},
				"south": {"uv": [12, 2, 14, 4], "texture": "#1"},
				"west": {"uv": [0, 0, 0, 2], "texture": "#1"},
				"up": {"uv": [2, 0, 0, 0], "texture": "#1"},
				"down": {"uv": [2, 0, 0, 0], "texture": "#1"}
			}
		},
		{
			"from": [6, 12, 6],
			"to": [10, 14, 10],
			"rotation": {"angle": 0, "axis": "y", "origin": [8.5, 12, 6.5]},
			"faces": {
				"north": {"uv": [0, 12, 8, 16], "texture": "#3"},
				"east": {"uv": [0, 12, 8, 16], "texture": "#3"},
				"south": {"uv": [0, 12, 8, 16], "texture": "#3"},
				"west": {"uv": [0, 12, 8, 16], "texture": "#3"},
				"up": {"uv": [8, 8, 0, 0], "texture": "#3"},
				"down": {"uv": [8, 8, 0, 16], "texture": "#3"}
			}
		},
		{
			"from": [6, 16, 6.75],
			"to": [10, 18, 9.25],
			"rotation": {"angle": 0, "axis": "y", "origin": [8.5, 16, 6.5]},
			"faces": {
				"north": {"uv": [4.064, 0.064, 7.936, 1.936], "texture": "#2"},
				"east": {"uv": [4.064, 4.064, 6.5, 5.936], "texture": "#2"},
				"south": {"uv": [4.064, 2.064, 7.936, 3.936], "texture": "#2"},
				"west": {"uv": [0.064, 6.064, 2.5, 7.936], "texture": "#2"},
				"up": {"uv": [3.936, 2.5, 0.064, 0.064], "texture": "#2"},
				"down": {"uv": [3.936, 3, 0.064, 5.5], "texture": "#2"}
			}
		},
		{
			"from": [6, 14, 6.75],
			"to": [7, 16, 7.75],
			"rotation": {"angle": 0, "axis": "y", "origin": [6, 14, 6.75]},
			"faces": {
				"north": {"uv": [4, 9, 5, 11], "texture": "#2"},
				"east": {"uv": [5, 9, 6, 11], "texture": "#2"},
				"south": {"uv": [9, 5, 10, 7], "texture": "#2"},
				"west": {"uv": [6, 9, 7, 11], "texture": "#2"},
				"up": {"uv": [3, 9, 2, 8], "texture": "#2"},
				"down": {"uv": [9, 3, 8, 4], "texture": "#2"}
			}
		},
		{
			"from": [6, 14, 8.25],
			"to": [7, 16, 9.25],
			"rotation": {"angle": 0, "axis": "y", "origin": [6, 14, 8.25]},
			"faces": {
				"north": {"uv": [9, 7, 10, 9], "texture": "#2"},
				"east": {"uv": [9, 9, 10, 11], "texture": "#2"},
				"south": {"uv": [10, 0, 11, 2], "texture": "#2"},
				"west": {"uv": [10, 5, 11, 7], "texture": "#2"},
				"up": {"uv": [16, 16, 15, 15], "texture": "#2"},
				"down": {"uv": [16, 15, 15, 16], "texture": "#2"}
			}
		},
		{
			"from": [9, 14, 8.25],
			"to": [10, 16, 9.25],
			"rotation": {"angle": 0, "axis": "y", "origin": [9, 14, 8.25]},
			"faces": {
				"north": {"uv": [7, 10, 8, 12], "texture": "#2"},
				"east": {"uv": [10, 7, 11, 9], "texture": "#2"},
				"south": {"uv": [8, 10, 9, 12], "texture": "#2"},
				"west": {"uv": [10, 9, 11, 11], "texture": "#2"},
				"up": {"uv": [6, 12, 5, 11], "texture": "#2"},
				"down": {"uv": [12, 5, 11, 6], "texture": "#2"}
			}
		},
		{
			"from": [9, 14, 6.75],
			"to": [10, 16, 7.75],
			"rotation": {"angle": 0, "axis": "y", "origin": [9, 14, 6.5]},
			"faces": {
				"north": {"uv": [0, 11, 1, 13], "texture": "#2"},
				"east": {"uv": [11, 0, 12, 2], "texture": "#2"},
				"south": {"uv": [1, 11, 2, 13], "texture": "#2"},
				"west": {"uv": [2, 11, 3, 13], "texture": "#2"},
				"up": {"uv": [7, 12, 6, 11], "texture": "#2"},
				"down": {"uv": [12, 6, 11, 7], "texture": "#2"}
			}
		},
		{
			"from": [6, 12, 6],
			"to": [10, 14, 10],
			"rotation": {"angle": 0, "axis": "y", "origin": [8.5, 12, 6.5]},
			"faces": {
				"north": {"uv": [0, 12, 8, 16], "texture": "#3"},
				"east": {"uv": [0, 12, 8, 16], "texture": "#3"},
				"south": {"uv": [0, 12, 8, 16], "texture": "#3"},
				"west": {"uv": [0, 12, 8, 16], "texture": "#3"},
				"up": {"uv": [8, 8, 0, 0], "texture": "#3"},
				"down": {"uv": [8, 8, 0, 16], "texture": "#3"}
			}
		},
		{
			"from": [5.5, 15.75, 7.75],
			"to": [6, 17.75, 8.25],
			"rotation": {"angle": -22.5, "axis": "z", "origin": [5.75, 16.75, 8]},
			"faces": {
				"north": {"uv": [11, 11, 11.5, 13], "texture": "#2"},
				"east": {"uv": [12, 0, 12.5, 2], "texture": "#2"},
				"south": {"uv": [12, 2, 12.5, 4], "texture": "#2"},
				"west": {"uv": [4, 12, 4.5, 14], "texture": "#2"},
				"up": {"uv": [0.5, 13.5, 0, 13], "texture": "#2"},
				"down": {"uv": [13.5, 0, 13, 0.5], "texture": "#2"}
			}
		},
		{
			"from": [9.25, 17.5, 7.325],
			"to": [10.5, 20.25, 8.575],
			"rotation": {"angle": -22.5, "axis": "z", "origin": [9.75, 18.5, 8.075]},
			"faces": {
				"north": {"uv": [3, 6, 4.5, 9], "texture": "#2"},
				"east": {"uv": [5, 6, 6.5, 9], "texture": "#2"},
				"south": {"uv": [7, 4, 8.5, 7], "texture": "#2"},
				"west": {"uv": [7, 7, 8.5, 10], "texture": "#2"},
				"up": {"uv": [3.5, 10.5, 2, 9], "texture": "#2"},
				"down": {"uv": [10.5, 3, 9, 4.5], "texture": "#2"}
			}
		},
		{
			"from": [9, 17.5, 7.825],
			"to": [10.25, 20.25, 8.075],
			"rotation": {"angle": -22.5, "axis": "z", "origin": [9.5, 18.5, 8.075]},
			"faces": {
				"north": {"uv": [0, 8, 1.5, 11], "texture": "#2"},
				"east": {"uv": [15.5, 13, 16, 16], "texture": "#2"},
				"south": {"uv": [8, 0, 9.5, 3], "texture": "#2"},
				"west": {"uv": [3, 11, 3.5, 14], "texture": "#2"},
				"up": {"uv": [13.5, 4.5, 12, 4], "texture": "#2"},
				"down": {"uv": [16, 15.5, 14.5, 16], "texture": "#2"}
			}
		},
		{
			"from": [10.5, 20.25, 7.575],
			"to": [10.75, 20.5, 7.825],
			"rotation": {"angle": -22.5, "axis": "z", "origin": [10.25, 21.25, 8.325]},
			"faces": {
				"north": {"uv": [12, 5, 12.5, 5.5], "texture": "#2"},
				"east": {"uv": [12, 6, 12.5, 6.5], "texture": "#2"},
				"south": {"uv": [7, 12, 7.5, 12.5], "texture": "#2"},
				"west": {"uv": [12, 7, 12.5, 7.5], "texture": "#2"},
				"up": {"uv": [8.5, 12.5, 8, 12], "texture": "#2"},
				"down": {"uv": [12.5, 8, 12, 8.5], "texture": "#2"}
			}
		},
		{
			"from": [10.5, 20.25, 8.325],
			"to": [10.75, 20.5, 8.575],
			"rotation": {"angle": -22.5, "axis": "z", "origin": [10.25, 21.25, 9.075]},
			"faces": {
				"north": {"uv": [9, 12, 9.5, 12.5], "texture": "#2"},
				"east": {"uv": [12, 9, 12.5, 9.5], "texture": "#2"},
				"south": {"uv": [10, 12, 10.5, 12.5], "texture": "#2"},
				"west": {"uv": [12, 10, 12.5, 10.5], "texture": "#2"},
				"up": {"uv": [12.5, 11.5, 12, 11], "texture": "#2"},
				"down": {"uv": [12.5, 12, 12, 12.5], "texture": "#2"}
			}
		},
		{
			"from": [11.25, 19, 7.575],
			"to": [12.5, 20, 8.325],
			"rotation": {"angle": -22.5, "axis": "z", "origin": [10.75, 20.5, 8.075]},
			"faces": {
				"north": {"uv": [11, 7, 12, 8], "texture": "#2"},
				"east": {"uv": [11, 8, 12, 9], "texture": "#2"},
				"south": {"uv": [9, 11, 10, 12], "texture": "#2"},
				"west": {"uv": [11, 9, 12, 10], "texture": "#2"},
				"up": {"uv": [11, 12, 10, 11], "texture": "#2"},
				"down": {"uv": [12, 10, 11, 11], "texture": "#2"}
			}
		}
	],
	"display": {
		"thirdperson_righthand": {
			"scale": [0.75, 0.75, 0.75]
		},
		"thirdperson_lefthand": {
			"scale": [0.75, 0.75, 0.75]
		},
		"firstperson_righthand": {
			"translation": [0, 2, 0],
			"scale": [0.63, 0.63, 0.63]
		},
		"firstperson_lefthand": {
			"translation": [0, 2, 0],
			"scale": [0.63, 0.63, 0.63]
		},
		"ground": {
			"translation": [0, 3, 0],
			"scale": [0.5, 0.5, 0.5]
		},
		"gui": {
			"rotation": [30, -45, 0],
			"scale": [0.9, 0.9, 0.9]
		},
		"head": {
			"rotation": [0, -180, 0],
			"translation": [-0.25, 18.25, 0],
			"scale": [1.5, 1.5, 1.5]
		},
		"fixed": {
			"rotation": [90, 0, -180],
			"translation": [0, 0, -15.5],
			"scale": [2, 2, 2]
		}
	},
	"groups": [
		{
			"name": "trophy",
			"origin": [6, 10, 2],
			"color": 0,
			"nbt": "{}",
			"children": [0, 1, 2, 3, 4, 5, 6, 7, 8, 9, 10, 11, 12, 13, 14, 15, 16]
		},
		17,
		{
			"name": "horse",
			"origin": [10.75, 20.5, 8.075],
			"color": 0,
			"nbt": "{}",
			"children": [18, 19, 20, 21, 22, 23, 24, 25, 26, 27, 28, 29]
		}
	]
}