{
	"format_version": "1.21.6",
	"credit": "Designed by GeForceLegend",
	"texture_size": [32, 32],
	"textures": {
		"1": "item/trophy",
		"2": "item/trophcod",
		"particle": "item/trophcod"
	},
	"elements": [
		{
			"from": [0, 0, 0],
			"to": [16, 2, 16],
			"rotation": {"angle": 0, "axis": "y", "origin": [7, 0, 7]},
			"faces": {
				"north": {"uv": [10.5, 4.5, 14.5, 5], "texture": "#1"},
				"east": {"uv": [10.5, 4.5, 14.5, 5], "texture": "#1"},
				"south": {"uv": [10.5, 4.5, 14.5, 5], "texture": "#1"},
				"west": {"uv": [10.5, 4.5, 14.5, 5], "texture": "#1"},
				"up": {"uv": [4, 4, 0, 0], "texture": "#1"},
				"down": {"uv": [4, 4, 0, 8], "texture": "#1"}
			}
		},
		{
			"from": [1, 2, 1],
			"to": [15, 6, 15],
			"rotation": {"angle": 0, "axis": "y", "origin": [7, 2, 7]},
			"faces": {
				"north": {"uv": [7.5, 9.5, 11, 10.5], "texture": "#1"},
				"east": {"uv": [7.5, 9.5, 11, 10.5], "texture": "#1"},
				"south": {"uv": [7.5, 9.5, 11, 10.5], "texture": "#1"},
				"west": {"uv": [7.5, 9.5, 11, 10.5], "texture": "#1"},
				"up": {"uv": [7.5, 3.5, 4, 0], "texture": "#1"},
				"down": {"uv": [7.5, 3.5, 4, 7], "texture": "#1"}
			}
		},
		{
			"from": [1, 8, 1],
			"to": [15, 10, 15],
			"rotation": {"angle": 0, "axis": "y", "origin": [7, 8, 7]},
			"faces": {
				"north": {"uv": [7, 10.5, 10.5, 11], "texture": "#1"},
				"east": {"uv": [7, 10.5, 10.5, 11], "texture": "#1"},
				"south": {"uv": [7, 10.5, 10.5, 11], "texture": "#1"},
				"west": {"uv": [7, 10.5, 10.5, 11], "texture": "#1"},
				"up": {"uv": [7.5, 10.5, 4, 7], "texture": "#1"},
				"down": {"uv": [11, 0, 7.5, 3.5], "texture": "#1"}
			}
		},
		{
			"from": [4, 10, 4],
			"to": [12, 11, 12],
			"rotation": {"angle": 0, "axis": "y", "origin": [7, 10, 7]},
			"faces": {
				"north": {"uv": [11, 0, 13, 0.25], "texture": "#1"},
				"east": {"uv": [11, 0, 13, 0.25], "texture": "#1"},
				"south": {"uv": [11, 0, 13, 0.25], "texture": "#1"},
				"west": {"uv": [11, 0, 13, 0.25], "texture": "#1"},
				"up": {"uv": [2, 10, 0, 8], "texture": "#1"},
				"down": {"uv": [4, 8, 2, 10], "texture": "#1"}
			}
		},
		{
			"from": [2, 6, 2],
			"to": [14, 8, 14],
			"rotation": {"angle": 0, "axis": "y", "origin": [7, 6, 7]},
			"faces": {
				"north": {"uv": [10.5, 10.5, 13.5, 11], "texture": "#1"},
				"east": {"uv": [10.5, 10.5, 13.5, 11], "texture": "#1"},
				"south": {"uv": [10.5, 10.5, 13.5, 11], "texture": "#1"},
				"west": {"uv": [10.5, 10.5, 13.5, 11], "texture": "#1"},
				"up": {"uv": [10.5, 6.5, 7.5, 3.5], "texture": "#1"},
				"down": {"uv": [10.5, 6.5, 7.5, 9.5], "texture": "#1"}
			}
		},
		{
			"name": "body",
			"from": [7, 15, 4.5],
			"to": [9, 19, 11.5],
			"rotation": {"angle": 0, "axis": "y", "origin": [8, 15, 4.5]},
			"faces": {
				"east": {"uv": [0, 0, 3.5, 2], "texture": "#2"},
				"south": {"uv": [5, 4, 6, 6], "texture": "#2"},
				"west": {"uv": [3.5, 0, 0, 2], "texture": "#2"},
				"up": {"uv": [1, 7.5, 0, 4], "texture": "#2"},
				"down": {"uv": [2, 4, 1, 7.5], "texture": "#2"}
			}
		},
		{
			"name": "right_fin",
			"from": [8.12132, 18.12132, 3.5],
			"to": [10.12132, 18.12132, 5.5],
			"rotation": {"angle": -45, "axis": "z", "origin": [6, 16, 4.5]},
			"faces": {
				"north": {"uv": [0, 0, 1, 0], "texture": "#2"},
				"east": {"uv": [0, 0, 1, 0], "texture": "#2"},
				"south": {"uv": [0, 0, 1, 0], "texture": "#2"},
				"west": {"uv": [0, 0, 1, 0], "texture": "#2"},
				"up": {"uv": [7, 5, 6, 4], "texture": "#2"},
				"down": {"uv": [7, 4, 6, 5], "texture": "#2"}
			}
		},
		{
			"name": "left_fin",
			"from": [4.12132, 13.87868, 3.5],
			"to": [6.12132, 13.87868, 5.5],
			"rotation": {"angle": 45, "axis": "z", "origin": [4, 16, 4.5]},
			"faces": {
				"north": {"uv": [0, 0, 1, 0], "texture": "#2"},
				"east": {"uv": [0, 0, 1, 0], "texture": "#2"},
				"south": {"uv": [0, 0, 1, 0], "texture": "#2"},
				"west": {"uv": [0, 0, 1, 0], "texture": "#2"},
				"up": {"uv": [6, 5, 7, 4], "texture": "#2"},
				"down": {"uv": [6, 4, 7, 5], "texture": "#2"}
			}
		},
		{
			"name": "head",
			"from": [7, 15, 1.5],
			"to": [9, 19, 4.5],
			"rotation": {"angle": 0, "axis": "y", "origin": [8, 15, 4.5]},
			"faces": {
				"north": {"uv": [5.5, 0, 6.5, 2], "texture": "#2"},
				"east": {"uv": [2, 4, 3.5, 6], "texture": "#2"},
				"west": {"uv": [3.5, 4, 2, 6], "texture": "#2"},
				"up": {"uv": [6.5, 3.5, 5.5, 2], "texture": "#2"},
				"down": {"uv": [3, 6, 2, 7.5], "texture": "#2"}
			}
		},
		{
			"name": "nose",
			"from": [7, 16, 0.5],
			"to": [9, 19, 1.5],
			"rotation": {"angle": 0, "axis": "y", "origin": [8, 15, 4.5]},
			"faces": {
				"north": {"uv": [3, 6, 4, 7.5], "texture": "#2"},
				"east": {"uv": [6.5, 2, 7, 3.5], "texture": "#2"},
				"west": {"uv": [6.5, 2, 7, 3.5], "texture": "#2"},
				"up": {"uv": [5.5, 7, 4.5, 6.5], "texture": "#2"},
				"down": {"uv": [6.5, 6.5, 5.5, 7], "texture": "#2"}
			}
		},
		{
			"name": "fin_back",
			"from": [8, 19, 3.5],
			"to": [8, 20, 9.5],
			"rotation": {"angle": 0, "axis": "y", "origin": [8, 15, 4.5]},
			"faces": {
				"north": {"uv": [0, 0, 0, 0.5], "texture": "#2"},
				"east": {"uv": [8.5, 3.5, 5.5, 4], "texture": "#2"},
				"south": {"uv": [0, 0, 0, 0.5], "texture": "#2"},
				"west": {"uv": [5.5, 3.5, 8.5, 4], "texture": "#2"},
				"up": {"uv": [0, 3, 0, 0], "texture": "#2"},
				"down": {"uv": [0, 0, 0, 3], "texture": "#2"}
			}
		},
		{
			"name": "tail",
			"from": [8, 15, 11.5],
			"to": [8, 19, 15.5],
			"rotation": {"angle": 0, "axis": "y", "origin": [8, 15, 4.5]},
			"faces": {
				"north": {"uv": [0, 0, 0, 2], "texture": "#2"},
				"east": {"uv": [5.5, 0, 3.5, 2], "texture": "#2"},
				"south": {"uv": [0, 0, 0, 2], "texture": "#2"},
				"west": {"uv": [3.5, 0, 5.5, 2], "texture": "#2"},
				"up": {"uv": [0, 2, 0, 0], "texture": "#2"},
				"down": {"uv": [0, 0, 0, 2], "texture": "#2"}
			}
		}
	],
	"display": {
		"thirdperson_righthand": {
			"translation": [0, 0.75, -0.75],
			"scale": [0.31, 0.31, 0.31]
		},
		"thirdperson_lefthand": {
			"translation": [0, 0.75, -0.75],
			"scale": [0.31, 0.31, 0.31]
		},
		"firstperson_righthand": {
			"translation": [2, 0, 0],
			"scale": [0.38, 0.38, 0.38]
		},
		"firstperson_lefthand": {
			"translation": [2, 0, 0],
			"scale": [0.38, 0.38, 0.38]
		},
		"ground": {
			"translation": [0, 1.5, 0],
			"scale": [0.4, 0.4, 0.4]
		},
		"gui": {
			"rotation": [30, 135, 0],
			"translation": [0, -0.75, 0],
			"scale": [0.49, 0.49, 0.49]
		},
		"head": {
			"translation": [0, 12.5, 0],
			"scale": [0.75, 0.75, 0.75]
		},
		"fixed": {
			"rotation": [-90, 0, 0],
			"translation": [0, 0, -12],
			"scale": [1.5, 1.5, 1.5]
		},
		"on_shelf": {
			"translation": [0, 0, 3]
		}
	}
}