{
	"credit": "Made with Blockbench",
	"texture_size": [32, 32],
	"textures": {
		"0": "item/truffles_texture",
		"particle": "item/block/blank"
	},
	"elements": [
		{
			"from": [3, 0, 4],
			"to": [13, 8, 12],
			"faces": {
				"north": {"uv": [5, 0, 10, 4], "texture": "#0"},
				"east": {"uv": [5, 4, 9, 8], "texture": "#0"},
				"south": {"uv": [5, 8, 10, 12], "texture": "#0"},
				"west": {"uv": [1, 10, 5, 14], "texture": "#0"},
				"up": {"uv": [5, 4, 0, 0], "texture": "#0"},
				"down": {"uv": [5, 6, 0, 10], "texture": "#0"}
			}
		},
		{
			"from": [3.5, 0, 12],
			"to": [12.5, 7.5, 14],
			"faces": {
				"east": {"uv": [10, 9, 11, 12.5], "texture": "#0"},
				"south": {"uv": [5, 3.5, 9, 7], "texture": "#0"},
				"west": {"uv": [11, 9, 12, 12.5], "texture": "#0"},
				"up": {"uv": [14, 8, 10, 7], "texture": "#0"},
				"down": {"uv": [14, 8, 10, 9], "texture": "#0"}
			}
		},
		{
			"from": [3.5, 0, 2],
			"to": [12.5, 7.5, 4],
			"rotation": {"angle": 0, "axis": "y", "origin": [8, 3.75, 3]},
			"faces": {
				"north": {"uv": [9.5, 3.25, 14, 7], "texture": "#0"},
				"east": {"uv": [11, 9, 12, 12.5], "texture": "#0"},
				"west": {"uv": [10, 9, 11, 12.5], "texture": "#0"},
				"up": {"uv": [14, 8, 10, 7], "rotation": 180, "texture": "#0"},
				"down": {"uv": [14, 8, 10, 9], "rotation": 180, "texture": "#0"}
			}
		},
		{
			"from": [4, 0, 1],
			"to": [5, 1, 2],
			"faces": {
				"north": {"uv": [7.5, 13.5, 8, 14], "texture": "#0"},
				"east": {"uv": [8, 13.5, 8.5, 14], "texture": "#0"},
				"west": {"uv": [13.5, 9, 14, 9.5], "texture": "#0"},
				"up": {"uv": [10, 14, 9.5, 13.5], "texture": "#0"},
				"down": {"uv": [14, 9.5, 13.5, 10], "texture": "#0"}
			}
		},
		{
			"from": [4, 7.5, 2],
			"to": [6, 9.5, 2],
			"faces": {
				"north": {"uv": [9, 12, 10, 13], "texture": "#0"},
				"south": {"uv": [12, 9, 13, 10], "texture": "#0"}
			}
		},
		{
			"from": [7, 4, 14.25],
			"to": [9, 6, 14.25],
			"faces": {
				"south": {"uv": [0, 14, 2, 16], "texture": "#0"}
			}
		},
		{
			"from": [6, 2, 1],
			"to": [10, 4, 2],
			"faces": {
				"north": {"uv": [5, 12, 7, 13], "texture": "#0"},
				"east": {"uv": [9, 13, 9.5, 14], "texture": "#0"},
				"west": {"uv": [13, 9, 13.5, 10], "texture": "#0"},
				"up": {"uv": [14, 12.5, 12, 12], "texture": "#0"},
				"down": {"uv": [12, 12.5, 10, 13], "texture": "#0"}
			}
		},
		{
			"from": [10, 7.5, 2],
			"to": [12, 9.5, 2],
			"faces": {
				"north": {"uv": [12, 12.5, 13, 13.5], "texture": "#0"},
				"south": {"uv": [5, 13, 6, 14], "texture": "#0"}
			}
		},
		{
			"from": [11, 0, 1],
			"to": [12, 1, 2],
			"faces": {
				"north": {"uv": [10, 13.5, 10.5, 14], "texture": "#0"},
				"east": {"uv": [13.5, 10.5, 14, 11], "texture": "#0"},
				"west": {"uv": [13.5, 11, 14, 11.5], "texture": "#0"},
				"up": {"uv": [12, 14, 11.5, 13.5], "texture": "#0"},
				"down": {"uv": [12.5, 13.5, 12, 14], "texture": "#0"}
			}
		},
		{
			"from": [11.5, 0, 14],
			"to": [12.5, 1, 15],
			"rotation": {"angle": 0, "axis": "y", "origin": [12, 0.5, 14.5]},
			"faces": {
				"east": {"uv": [13.5, 11, 14, 11.5], "texture": "#0"},
				"south": {"uv": [10, 13.5, 10.5, 14], "texture": "#0"},
				"west": {"uv": [13.5, 10.5, 14, 11], "texture": "#0"},
				"up": {"uv": [12, 14, 11.5, 13.5], "rotation": 180, "texture": "#0"},
				"down": {"uv": [12.5, 13.5, 12, 14], "rotation": 180, "texture": "#0"}
			}
		},
		{
			"from": [3.5, 0, 14],
			"to": [4.5, 1, 15],
			"rotation": {"angle": 0, "axis": "y", "origin": [12, 0.5, 14.5]},
			"faces": {
				"east": {"uv": [13.5, 11, 14, 11.5], "texture": "#0"},
				"south": {"uv": [10, 13.5, 10.5, 14], "texture": "#0"},
				"west": {"uv": [13.5, 10.5, 14, 11], "texture": "#0"},
				"up": {"uv": [12, 14, 11.5, 13.5], "rotation": 180, "texture": "#0"},
				"down": {"uv": [12.5, 13.5, 12, 14], "rotation": 180, "texture": "#0"}
			}
		}
	],
	"display": {
		"thirdperson_righthand": {
			"rotation": [177.89, 15.27, 177.29],
			"translation": [0.25, 2.25, 1.25],
			"scale": [0.25, 0.25, 0.25]
		},
		"thirdperson_lefthand": {
			"rotation": [177.89, 15.27, 177.29],
			"translation": [-5, 7.5, 3],
			"scale": [0.25, 0.25, 0.25]
		},
		"firstperson_righthand": {
			"rotation": [-23, 180, 0],
			"translation": [-9, 5.5, -2],
			"scale": [0.8, 0.8, 0.8]
		},
		"firstperson_lefthand": {
			"rotation": [-23, 124, 0],
			"translation": [4.5, 5.5, -2],
			"scale": [0.8, 0.8, 0.8]
		},
		"ground": {
			"translation": [0, 3, 0],
			"scale": [0.8, 0.8, 0.8]
		},
		"gui": {
			"rotation": [19, 143, 0],
			"translation": [0.25, 4.25, 0]
		},
		"head": {
			"translation": [-0.25, 14.5, 0]
		},
		"fixed": {
			"rotation": [-90, 0, 0],
			"translation": [0.5, -0.25, -20.25],
			"scale": [2.5, 2.5, 2.5]
		}
	},
	"groups": [
		{
			"name": "root",
			"origin": [0, 0, 0],
			"color": 0,
			"children": [0, 1, 2, 3, 4, 5, 6, 7, 8, 9, 10]
		}
	]
}