{
	"credit": "Made with Blockbench",
	"texture_size": [32, 32],
	"textures": {
		"0": "item/unicorn_texture",
		"particle": "item/block/blank"
	},
	"elements": [
		{
			"name": "RFrontLegLower",
			"from": [8.3, 0.3, 6.6],
			"to": [9.6, 1.9, 8.4],
			"rotation": {"angle": 22.5, "axis": "x", "origin": [7.7, 6, 6]},
			"faces": {
				"north": {"uv": [11, 1, 11.75, 1.75], "texture": "#0"},
				"east": {"uv": [9, 1, 10, 1.75], "texture": "#0"},
				"south": {"uv": [2, 11, 2.75, 11.75], "texture": "#0"},
				"west": {"uv": [2, 9, 3, 9.75], "texture": "#0"},
				"down": {"uv": [9.75, 4, 9, 5], "texture": "#0"}
			}
		},
		{
			"name": "RFrontLegUpper",
			"from": [8.2, 1.7, 6.5],
			"to": [9.7, 3.2, 8.5],
			"rotation": {"angle": 22.5, "axis": "x", "origin": [7.7, 6, 6]},
			"faces": {
				"north": {"uv": [11, 0, 11.75, 0.75], "texture": "#0"},
				"east": {"uv": [7.5, 8.5, 8.5, 9.25], "texture": "#0"},
				"south": {"uv": [1, 11, 1.75, 11.75], "texture": "#0"},
				"west": {"uv": [8.5, 8.5, 9.5, 9.25], "texture": "#0"},
				"down": {"uv": [1.75, 9, 1, 10], "texture": "#0"}
			}
		},
		{
			"name": "RBackLegUpper",
			"from": [10, -0.1, 7.3],
			"to": [11.5, 1.9, 8.8],
			"rotation": {"angle": -22.5, "axis": "y", "origin": [7.7, 6, 6]},
			"faces": {
				"north": {"uv": [1.75, 9, 1, 10], "rotation": 180, "texture": "#0"},
				"east": {"uv": [7.5, 8.5, 8.5, 9.25], "rotation": 270, "texture": "#0"},
				"south": {"uv": [9.75, 1, 9, 0], "texture": "#0"},
				"west": {"uv": [8.5, 8.5, 9.5, 9.25], "rotation": 90, "texture": "#0"},
				"up": {"uv": [11, 0, 11.75, 0.75], "rotation": 180, "texture": "#0"},
				"down": {"uv": [1, 11, 1.75, 11.75], "texture": "#0", "cullface": "down"}
			}
		},
		{
			"name": "RBackLegLower",
			"from": [10.1, -0.1, 5.8],
			"to": [11.4, 1.7, 7.4],
			"rotation": {"angle": -22.5, "axis": "y", "origin": [7.7, 6, 6]},
			"faces": {
				"north": {"uv": [9.75, 4, 9, 5], "rotation": 180, "texture": "#0"},
				"east": {"uv": [9, 1, 10, 1.75], "rotation": 270, "texture": "#0"},
				"west": {"uv": [2, 9, 3, 9.75], "rotation": 90, "texture": "#0"},
				"up": {"uv": [11, 1, 11.75, 1.75], "rotation": 180, "texture": "#0"},
				"down": {"uv": [2, 11, 2.75, 11.75], "texture": "#0", "cullface": "down"}
			}
		},
		{
			"name": "LFrontLegLower",
			"from": [6, 0.3, 6.6],
			"to": [7.3, 1.9, 8.4],
			"rotation": {"angle": 22.5, "axis": "x", "origin": [7.7, 6, 6]},
			"faces": {
				"north": {"uv": [11.5, 5, 12.25, 5.75], "texture": "#0"},
				"east": {"uv": [5, 10, 6, 10.75], "texture": "#0"},
				"south": {"uv": [6, 11.5, 6.75, 12.25], "texture": "#0"},
				"west": {"uv": [10, 5, 11, 5.75], "texture": "#0"},
				"down": {"uv": [10.75, 7, 10, 8], "texture": "#0"}
			}
		},
		{
			"name": "LFrontLegUpper",
			"from": [5.9, 1.7, 6.5],
			"to": [7.4, 3.2, 8.5],
			"rotation": {"angle": 22.5, "axis": "x", "origin": [7.7, 6, 6]},
			"faces": {
				"north": {"uv": [3, 11.5, 3.75, 12.25], "texture": "#0"},
				"east": {"uv": [2, 10, 3, 10.75], "texture": "#0"},
				"south": {"uv": [4, 11.5, 4.75, 12.25], "texture": "#0"},
				"west": {"uv": [10, 2, 11, 2.75], "texture": "#0"},
				"down": {"uv": [10.75, 4, 10, 5], "texture": "#0"}
			}
		},
		{
			"name": "LBackLegLower",
			"from": [3.9, 0, 5.8],
			"to": [5.2, 1.8, 7.4],
			"rotation": {"angle": 22.5, "axis": "y", "origin": [7.7, 6, 6]},
			"faces": {
				"north": {"uv": [10.75, 7, 10, 8], "rotation": 180, "texture": "#0"},
				"east": {"uv": [5, 10, 6, 10.75], "rotation": 270, "texture": "#0"},
				"west": {"uv": [10, 5, 11, 5.75], "rotation": 90, "texture": "#0"},
				"up": {"uv": [11.5, 5, 12.25, 5.75], "rotation": 180, "texture": "#0"},
				"down": {"uv": [6, 11.5, 6.75, 12.25], "texture": "#0"}
			}
		},
		{
			"name": "LBackLegUpper",
			"from": [3.8, -0.1, 7.2],
			"to": [5.3, 1.9, 8.7],
			"rotation": {"angle": 22.5, "axis": "y", "origin": [7.7, 6, 6]},
			"faces": {
				"north": {"uv": [10.75, 4, 10, 5], "rotation": 180, "texture": "#0"},
				"east": {"uv": [2, 10, 3, 10.75], "rotation": 270, "texture": "#0"},
				"south": {"uv": [10.75, 4, 10, 3], "texture": "#0"},
				"west": {"uv": [10, 2, 11, 2.75], "rotation": 90, "texture": "#0"},
				"up": {"uv": [3, 11.5, 3.75, 12.25], "rotation": 180, "texture": "#0"},
				"down": {"uv": [4, 11.5, 4.75, 12.25], "texture": "#0", "cullface": "down"}
			}
		},
		{
			"name": "Head",
			"from": [6.5, 6.7, 4.4],
			"to": [9.2, 9.7, 7.1],
			"rotation": {"angle": -22.5, "axis": "x", "origin": [7.7, 6, 6]},
			"faces": {
				"north": {"uv": [1.5, 6, 2.75, 7.5], "texture": "#0"},
				"east": {"uv": [6, 2, 7.25, 3.5], "texture": "#0"},
				"south": {"uv": [3, 6, 4.25, 7.5], "texture": "#0"},
				"west": {"uv": [4.5, 6, 5.75, 7.5], "texture": "#0"},
				"up": {"uv": [2.75, 8.75, 1.5, 7.5], "texture": "#0"},
				"down": {"uv": [8.75, 1.5, 7.5, 2.75], "texture": "#0"}
			}
		},
		{
			"name": "Horn1",
			"from": [7.3, 9.7, 4.9],
			"to": [8.1, 10.5, 5.7],
			"rotation": {"angle": -22.5, "axis": "x", "origin": [7.7, 6, 6]},
			"faces": {
				"north": {"uv": [7.5, 3, 8, 3.5], "texture": "#0"},
				"east": {"uv": [8.5, 7, 9, 7.5], "texture": "#0"},
				"south": {"uv": [9, 8, 9.5, 8.5], "texture": "#0"},
				"west": {"uv": [9.5, 9, 10, 9.5], "texture": "#0"},
				"up": {"uv": [11.5, 8, 11, 7.5], "texture": "#0"}
			}
		},
		{
			"name": "Horn2",
			"from": [7.4, 10.5, 5],
			"to": [8, 11.1, 5.6],
			"rotation": {"angle": -22.5, "axis": "x", "origin": [7.7, 6, 6]},
			"faces": {
				"north": {"uv": [9, 12.5, 9.5, 13], "texture": "#0"},
				"east": {"uv": [12.5, 9, 13, 9.5], "texture": "#0"},
				"south": {"uv": [9.5, 12.5, 10, 13], "texture": "#0"},
				"west": {"uv": [12.5, 9.5, 13, 10], "texture": "#0"},
				"up": {"uv": [10.5, 13, 10, 12.5], "texture": "#0"}
			}
		},
		{
			"name": "Horn3",
			"from": [7.5, 11.1, 5.1],
			"to": [7.9, 11.7, 5.5],
			"rotation": {"angle": -22.5, "axis": "x", "origin": [7.7, 6, 6]},
			"faces": {
				"north": {"uv": [6, 12.5, 6.25, 12.75], "texture": "#0"},
				"east": {"uv": [12.5, 6, 12.75, 6.25], "texture": "#0"},
				"south": {"uv": [6.5, 12.5, 6.75, 12.75], "texture": "#0"},
				"west": {"uv": [12.5, 6.5, 12.75, 6.75], "texture": "#0"},
				"up": {"uv": [7.25, 12.75, 7, 12.5], "texture": "#0"}
			}
		},
		{
			"name": "Horn4",
			"from": [7.6, 11.7, 5.2],
			"to": [7.8, 12.3, 5.4],
			"rotation": {"angle": -22.5, "axis": "x", "origin": [7.7, 6, 6]},
			"faces": {
				"north": {"uv": [7.5, 12.5, 7.75, 12.75], "texture": "#0"},
				"east": {"uv": [12.5, 7.5, 12.75, 7.75], "texture": "#0"},
				"south": {"uv": [8, 12.5, 8.25, 12.75], "texture": "#0"},
				"west": {"uv": [12.5, 8, 12.75, 8.25], "texture": "#0"},
				"up": {"uv": [8.75, 12.75, 8.5, 12.5], "texture": "#0"}
			}
		},
		{
			"name": "LEar",
			"from": [7.6, 9.3, 4.8],
			"to": [8.6, 10.8, 5.3],
			"rotation": {"angle": 22.5, "axis": "z", "origin": [7.7, 6, 6]},
			"faces": {
				"north": {"uv": [1, 8, 1.5, 8.75], "texture": "#0"},
				"east": {"uv": [1, 12.5, 1.25, 13.25], "texture": "#0"},
				"south": {"uv": [11.5, 10.5, 12, 11.25], "texture": "#0"},
				"west": {"uv": [1.5, 12.5, 1.75, 13.25], "texture": "#0"},
				"up": {"uv": [4.5, 12.75, 4, 12.5], "texture": "#0"},
				"down": {"uv": [13, 4, 12.5, 4.25], "texture": "#0"}
			}
		},
		{
			"name": "REar",
			"from": [6.8, 9.2, 4.8],
			"to": [7.8, 10.7, 5.3],
			"rotation": {"angle": -22.5, "axis": "z", "origin": [7.7, 6, 6]},
			"faces": {
				"north": {"uv": [11, 11.5, 11.5, 12.25], "texture": "#0"},
				"east": {"uv": [2, 12.5, 2.25, 13.25], "texture": "#0"},
				"south": {"uv": [11.5, 11.5, 12, 12.25], "texture": "#0"},
				"west": {"uv": [2.5, 12.5, 2.75, 13.25], "texture": "#0"},
				"up": {"uv": [5, 12.75, 4.5, 12.5], "texture": "#0"},
				"down": {"uv": [13, 4.5, 12.5, 4.75], "texture": "#0"}
			}
		},
		{
			"name": "Snout",
			"from": [6.8, 7.9, 2.3],
			"to": [8.8, 9.4, 4.5],
			"rotation": {"angle": -22.5, "axis": "x", "origin": [7.7, 6, 6]},
			"faces": {
				"north": {"uv": [8, 9.5, 9, 10.25], "texture": "#0"},
				"east": {"uv": [9.5, 8, 10.5, 8.75], "texture": "#0"},
				"west": {"uv": [10, 0, 11, 0.75], "texture": "#0"},
				"up": {"uv": [9, 5, 8, 4], "texture": "#0"},
				"down": {"uv": [9, 5, 8, 6], "texture": "#0"}
			}
		},
		{
			"name": "Mane",
			"from": [7.6, 5.2, 6.5],
			"to": [8.1, 9.7, 8],
			"rotation": {"angle": -22.5, "axis": "x", "origin": [7.7, 6, 6]},
			"faces": {
				"east": {"uv": [6, 6, 6.75, 8.25], "texture": "#0"},
				"south": {"uv": [11, 9, 11.25, 11.25], "texture": "#0"},
				"west": {"uv": [7, 3.5, 7.75, 5.75], "texture": "#0"},
				"up": {"uv": [3.25, 13.25, 3, 12.5], "texture": "#0"},
				"down": {"uv": [3.75, 12.5, 3.5, 13.25], "texture": "#0"}
			}
		},
		{
			"name": "Neck",
			"from": [6.6, 3.2, 4.5],
			"to": [9.1, 6.7, 7],
			"rotation": {"angle": -22.5, "axis": "x", "origin": [7.7, 6, 6]},
			"faces": {
				"north": {"uv": [4, 4, 5.25, 5.75], "texture": "#0"},
				"east": {"uv": [5.5, 4, 6.75, 5.75], "texture": "#0"},
				"south": {"uv": [0, 6, 1.25, 7.75], "texture": "#0"},
				"west": {"uv": [6, 0, 7.25, 1.75], "texture": "#0"}
			}
		},
		{
			"name": "ManeUpper",
			"from": [7.6, 9.7, 6],
			"to": [8.1, 10.2, 7.8],
			"rotation": {"angle": -22.5, "axis": "x", "origin": [7.7, 6, 6]},
			"faces": {
				"north": {"uv": [12.5, 5, 12.75, 5.25], "texture": "#0"},
				"east": {"uv": [10, 12, 11, 12.25], "texture": "#0"},
				"south": {"uv": [12.5, 5.5, 12.75, 5.75], "texture": "#0"},
				"west": {"uv": [12, 10.5, 13, 10.75], "texture": "#0"},
				"up": {"uv": [5.75, 13, 5.5, 12], "texture": "#0"}
			}
		},
		{
			"name": "Snout",
			"from": [7, 7.1, 2.8],
			"to": [8.5, 7.9, 4.6],
			"rotation": {"angle": -22.5, "axis": "x", "origin": [7.7, 6, 6]},
			"faces": {
				"north": {"uv": [11.5, 9.5, 12.25, 10], "texture": "#0"},
				"east": {"uv": [6, 3.5, 7, 4], "texture": "#0"},
				"west": {"uv": [11.5, 9, 12.5, 9.5], "texture": "#0"},
				"down": {"uv": [10.75, 1, 10, 2], "texture": "#0"}
			}
		},
		{
			"name": "BodyBack",
			"from": [6.1, 3.5, 10.7],
			"to": [9.6, 7.5, 12.2],
			"rotation": {"angle": 45, "axis": "x", "origin": [7.7, 6, 6]},
			"faces": {
				"east": {"uv": [3, 7.5, 3.75, 9.5], "texture": "#0"},
				"south": {"uv": [4, 2, 5.75, 4], "texture": "#0"},
				"west": {"uv": [4, 7.5, 4.75, 9.5], "texture": "#0"},
				"up": {"uv": [8.75, 8.25, 7, 7.5], "texture": "#0"},
				"down": {"uv": [9.75, 3, 8, 3.75], "texture": "#0"}
			}
		},
		{
			"name": "BodyFront",
			"from": [5.8, 3.5, 6.7],
			"to": [9.8, 7.5, 10.7],
			"rotation": {"angle": 45, "axis": "x", "origin": [7.7, 6, 6]},
			"faces": {
				"north": {"uv": [0, 0, 2, 2], "texture": "#0"},
				"east": {"uv": [0, 2, 2, 4], "texture": "#0"},
				"south": {"uv": [2, 0, 4, 2], "texture": "#0"},
				"west": {"uv": [2, 2, 4, 4], "texture": "#0"},
				"up": {"uv": [2, 6, 0, 4], "texture": "#0"},
				"down": {"uv": [6, 0, 4, 2], "texture": "#0"}
			}
		},
		{
			"name": "Tail1",
			"from": [6.8, 1.2, 8.7],
			"to": [8.7, 2.8, 11.2],
			"rotation": {"angle": -22.5, "axis": "x", "origin": [7.7, 6, 8.1]},
			"faces": {
				"north": {"uv": [10.5, 8, 11.5, 8.75], "texture": "#0"},
				"east": {"uv": [6, 8.5, 7.25, 9.25], "texture": "#0"},
				"south": {"uv": [9, 10.5, 10, 11.25], "texture": "#0"},
				"west": {"uv": [8.5, 6, 9.75, 6.75], "texture": "#0"},
				"up": {"uv": [6, 8.75, 5, 7.5], "texture": "#0"},
				"down": {"uv": [1, 8, 0, 9.25], "texture": "#0"}
			}
		},
		{
			"name": "Tail3",
			"from": [6.8, 6.1, 13.8],
			"to": [8.6, 7.5, 16.1],
			"rotation": {"angle": 45, "axis": "x", "origin": [7.7, 6, 8.1]},
			"faces": {
				"east": {"uv": [3, 10.5, 4.25, 11.25], "texture": "#0"},
				"south": {"uv": [0, 11, 0.75, 11.75], "texture": "#0"},
				"west": {"uv": [6, 10.5, 7.25, 11.25], "texture": "#0"},
				"up": {"uv": [8.25, 11.75, 7.5, 10.5], "texture": "#0"},
				"down": {"uv": [10.75, 10.5, 10, 11.75], "texture": "#0"}
			}
		},
		{
			"name": "Tail2",
			"from": [6.7, 5.9, 12.3],
			"to": [8.8, 7.7, 15.2],
			"rotation": {"angle": 45, "axis": "x", "origin": [7.7, 6, 8.1]},
			"faces": {
				"north": {"uv": [5, 9, 6, 10], "texture": "#0"},
				"east": {"uv": [3, 9.5, 4.5, 10.5], "texture": "#0"},
				"south": {"uv": [9, 5, 10, 6], "texture": "#0"},
				"west": {"uv": [6, 9.5, 7.5, 10.5], "texture": "#0"},
				"up": {"uv": [1, 11, 0, 9.5], "texture": "#0"},
				"down": {"uv": [11, 9, 10, 10.5], "texture": "#0"}
			}
		}
	],
	"display": {
		"thirdperson_righthand": {
			"rotation": [177.89, 15.27, 177.29],
			"translation": [-0.75, 7.5, 1.25]
		},
		"thirdperson_lefthand": {
			"rotation": [177.89, 15.27, 177.29],
			"translation": [0, 7.5, 1.25]
		},
		"firstperson_righthand": {
			"rotation": [-23, -158, 0],
			"translation": [-9.75, 2.25, -2],
			"scale": [0.8, 0.8, 0.8]
		},
		"firstperson_lefthand": {
			"rotation": [-23, 124, 0],
			"translation": [5, 2.5, -2],
			"scale": [0.8, 0.8, 0.8]
		},
		"ground": {
			"translation": [0, 3, 0],
			"scale": [0.8, 0.8, 0.8]
		},
		"gui": {
			"rotation": [19, 142, 0],
			"translation": [-0.75, 4.75, 0],
			"scale": [1.45, 1.45, 1.45]
		},
		"head": {
			"translation": [0.25, 14.5, -0.25]
		},
		"fixed": {
			"rotation": [-90, 0, 0],
			"translation": [0.5, 2.75, -16.25],
			"scale": [2, 2, 2]
		}
	},
	"groups": [
		{
			"name": "Legs",
			"origin": [11.75, 0.25, 4],
			"color": 0,
			"children": [
				0,
				1,
				2,
				3,
				4,
				5,
				6,
				7,
				{
					"name": "Main",
					"origin": [8.875, 4, 5],
					"color": 0,
					"children": [
						{
							"name": "Head",
							"origin": [8, 8, 8],
							"color": 0,
							"children": [8, 9, 10, 11, 12, 13, 14, 15, 16, 17, 18, 19]
						},
						{
							"name": "BodyMain",
							"origin": [8.875, 4, 5],
							"color": 0,
							"children": [20, 21]
						}
					]
				}
			]
		},
		{
			"name": "Tail",
			"origin": [10.775, 2.35265, 11.78615],
			"color": 0,
			"children": [22, 23, 24]
		}
	]
}