{
	"credit": "Made with Blockbench",
	"texture_size": [32, 32],
	"textures": {
		"0": "item/walrus_texture",
		"particle": "item/block/blank"
	},
	"elements": [
		{
			"from": [4.95, 2, 2.5],
			"to": [11.05, 9.5, 8.5],
			"rotation": {"angle": 0, "axis": "y", "origin": [8, 5.75, 5.5]},
			"faces": {
				"north": {"uv": [0, 0, 3, 4], "texture": "#0"},
				"east": {"uv": [3, 0, 6, 4], "texture": "#0"},
				"south": {"uv": [0, 4, 3, 8], "texture": "#0"},
				"west": {"uv": [3, 0, 6, 4], "texture": "#0"},
				"up": {"uv": [12, 6, 9, 3], "texture": "#0"},
				"down": {"uv": [12, 6, 9, 9], "texture": "#0"}
			}
		},
		{
			"from": [5.05, 1, 6.5],
			"to": [10.95, 7.5, 11.5],
			"rotation": {"angle": 0, "axis": "y", "origin": [0, 0.5, 4]},
			"faces": {
				"north": {"uv": [6, 7, 9, 10.5], "texture": "#0"},
				"east": {"uv": [6, 10.5, 8.5, 14], "texture": "#0"},
				"south": {"uv": [0, 8, 3, 11.5], "texture": "#0"},
				"west": {"uv": [6, 10.5, 8.5, 14], "texture": "#0"},
				"up": {"uv": [6, 13.5, 3, 11], "texture": "#0"},
				"down": {"uv": [12, 6, 9, 8.5], "texture": "#0"}
			}
		},
		{
			"from": [3, 0, 11.5],
			"to": [7, 1, 17.5],
			"rotation": {"angle": -45, "axis": "y", "origin": [6, 0, 13]},
			"faces": {
				"north": {"uv": [12, 8, 14, 8.5], "texture": "#0"},
				"east": {"uv": [9, 9, 12, 9.5], "texture": "#0"},
				"south": {"uv": [12, 8.5, 14, 9], "texture": "#0"},
				"west": {"uv": [9, 9, 12, 9.5], "texture": "#0"},
				"up": {"uv": [10.5, 15.5, 8.5, 12.5], "texture": "#0"},
				"down": {"uv": [9, 8, 11.5, 6], "rotation": 90, "texture": "#0"}
			}
		},
		{
			"from": [2.5, 0.025, 3],
			"to": [6.5, 3.025, 7],
			"rotation": {"angle": -45, "axis": "y", "origin": [6, 0, 5]},
			"faces": {
				"north": {"uv": [12, 5.5, 14, 7], "texture": "#0"},
				"east": {"uv": [13, 12.5, 15, 14], "texture": "#0"},
				"south": {"uv": [13, 14, 15, 15.5], "texture": "#0"},
				"west": {"uv": [14, 5.5, 16, 7], "texture": "#0"},
				"up": {"uv": [13.5, 11.5, 11.5, 9.5], "texture": "#0"},
				"down": {"uv": [11, 6, 9, 8], "texture": "#0"}
			}
		},
		{
			"from": [0.2, 0, 1.5],
			"to": [5.2, 1, 5.5],
			"rotation": {"angle": 0, "axis": "y", "origin": [4.7, 0, 3.5]},
			"faces": {
				"north": {"uv": [10.5, 15, 13, 15.5], "texture": "#0"},
				"east": {"uv": [10.5, 14.5, 12.5, 15], "texture": "#0"},
				"south": {"uv": [10.5, 15.5, 13, 16], "texture": "#0"},
				"west": {"uv": [13, 15.5, 15, 16], "texture": "#0"},
				"up": {"uv": [11.5, 11.5, 9, 9.5], "texture": "#0"},
				"down": {"uv": [11.5, 6, 9, 8], "texture": "#0"}
			}
		},
		{
			"from": [4.5, 6, 0.3],
			"to": [9, 9, 4.5],
			"rotation": {"angle": 22.5, "axis": "y", "origin": [6.75, 7, 3.5]},
			"faces": {
				"north": {"uv": [3.5, 13.5, 5, 16], "rotation": 90, "texture": "#0"},
				"east": {"uv": [14, 9.5, 16, 11], "texture": "#0"},
				"south": {"uv": [13.5, 11, 16, 12.5], "texture": "#0"},
				"west": {"uv": [14, 9.5, 16, 11], "texture": "#0"},
				"up": {"uv": [13, 14.5, 10.5, 12.5], "texture": "#0"},
				"down": {"uv": [8.5, 3.5, 6, 5.5], "texture": "#0"}
			}
		},
		{
			"from": [6.2, 2, 0.9],
			"to": [7.2, 8, 1.9],
			"rotation": {"angle": 22.5, "axis": "y", "origin": [5.75, 5, 3.5]},
			"faces": {
				"north": {"uv": [14.5, 0, 15, 3], "texture": "#0"},
				"east": {"uv": [15, 0, 15.5, 3], "texture": "#0"},
				"south": {"uv": [15, 0, 15.5, 3], "texture": "#0"},
				"west": {"uv": [14.5, 0, 15, 3], "texture": "#0"},
				"up": {"uv": [9, 11, 8.5, 10.5], "texture": "#0"},
				"down": {"uv": [9, 11, 8.5, 11.5], "texture": "#0"}
			}
		},
		{
			"from": [6.5, 7.5, 0.5],
			"to": [9.5, 10.5, 3.5],
			"rotation": {"angle": 0, "axis": "y", "origin": [16, 0, -0.5]},
			"faces": {
				"north": {"uv": [14, 7, 15.5, 8.5], "texture": "#0"},
				"east": {"uv": [14, 7, 15.5, 8.5], "texture": "#0"},
				"south": {"uv": [14, 7, 15.5, 8.5], "texture": "#0"},
				"west": {"uv": [14, 7, 15.5, 8.5], "texture": "#0"},
				"up": {"uv": [15.5, 8.5, 14, 7], "rotation": 180, "texture": "#0"},
				"down": {"uv": [15.5, 7, 14, 8.5], "texture": "#0"}
			}
		},
		{
			"from": [4.9, 6.5, 1],
			"to": [11.1, 12.5, 6],
			"rotation": {"angle": 0, "axis": "y", "origin": [16, 0.5, 0]},
			"faces": {
				"north": {"uv": [3, 8, 6, 11], "texture": "#0"},
				"east": {"uv": [12, 0, 14.5, 3], "texture": "#0"},
				"south": {"uv": [9, 0, 12, 3], "texture": "#0"},
				"west": {"uv": [12, 0, 14.5, 3], "texture": "#0"},
				"up": {"uv": [15, 5.5, 12, 3], "texture": "#0"},
				"down": {"uv": [12, 6, 9, 8.5], "texture": "#0"}
			}
		},
		{
			"from": [5, 1, 7.5],
			"to": [10.9, 4.5, 14.5],
			"rotation": {"angle": 22.5, "axis": "x", "origin": [7.75, 2.07089, 11.11628]},
			"faces": {
				"north": {"uv": [5.5, 14, 8.5, 16], "texture": "#0"},
				"east": {"uv": [0, 14, 3.5, 16], "texture": "#0"},
				"south": {"uv": [0, 12, 3, 14], "texture": "#0"},
				"west": {"uv": [0, 14, 3.5, 16], "texture": "#0"},
				"up": {"uv": [9, 3.5, 6, 0], "texture": "#0"},
				"down": {"uv": [12, 6, 9, 9], "texture": "#0"}
			}
		},
		{
			"from": [7, 6, 0.3],
			"to": [11.5, 9, 4.5],
			"rotation": {"angle": -22.5, "axis": "y", "origin": [9.25, 7, 3.5]},
			"faces": {
				"north": {"uv": [3.5, 16, 5, 13.5], "rotation": 90, "texture": "#0"},
				"east": {"uv": [16, 9.5, 14, 11], "texture": "#0"},
				"south": {"uv": [16, 11, 13.5, 12.5], "texture": "#0"},
				"west": {"uv": [16, 9.5, 14, 11], "texture": "#0"},
				"up": {"uv": [10.5, 14.5, 13, 12.5], "texture": "#0"},
				"down": {"uv": [6, 3.5, 8.5, 5.5], "texture": "#0"}
			}
		},
		{
			"from": [8.8, 2, 0.9],
			"to": [9.8, 8, 1.9],
			"rotation": {"angle": -22.5, "axis": "y", "origin": [10.25, 5, 3.5]},
			"faces": {
				"north": {"uv": [15, 0, 14.5, 3], "texture": "#0"},
				"east": {"uv": [15, 0, 14.5, 3], "texture": "#0"},
				"south": {"uv": [15.5, 0, 15, 3], "texture": "#0"},
				"west": {"uv": [15.5, 0, 15, 3], "texture": "#0"},
				"up": {"uv": [8.5, 11, 9, 10.5], "texture": "#0"},
				"down": {"uv": [8.5, 11, 9, 11.5], "texture": "#0"}
			}
		},
		{
			"from": [9.5, 0.025, 3],
			"to": [13.5, 3.025, 7],
			"rotation": {"angle": 45, "axis": "y", "origin": [10, 0, 5]},
			"faces": {
				"north": {"uv": [14, 5.5, 12, 7], "texture": "#0"},
				"east": {"uv": [16, 5.5, 14, 7], "texture": "#0"},
				"south": {"uv": [15, 14, 13, 15.5], "texture": "#0"},
				"west": {"uv": [15, 12.5, 13, 14], "texture": "#0"},
				"up": {"uv": [11.5, 11.5, 13.5, 9.5], "texture": "#0"},
				"down": {"uv": [9, 6, 11, 8], "texture": "#0"}
			}
		},
		{
			"from": [10.8, 0, 1.5],
			"to": [15.8, 1, 5.5],
			"rotation": {"angle": 0, "axis": "y", "origin": [11.3, 0, 3.5]},
			"faces": {
				"north": {"uv": [13, 15, 10.5, 15.5], "texture": "#0"},
				"east": {"uv": [15, 15.5, 13, 16], "texture": "#0"},
				"south": {"uv": [13, 15.5, 10.5, 16], "texture": "#0"},
				"west": {"uv": [12.5, 14.5, 10.5, 15], "texture": "#0"},
				"up": {"uv": [9, 11.5, 11.5, 9.5], "texture": "#0"},
				"down": {"uv": [9, 6, 11.5, 8], "texture": "#0"}
			}
		},
		{
			"from": [9, 0, 11.5],
			"to": [13, 1, 17.5],
			"rotation": {"angle": 45, "axis": "y", "origin": [10, 0, 13]},
			"faces": {
				"north": {"uv": [14, 8, 12, 8.5], "texture": "#0"},
				"east": {"uv": [12, 9, 9, 9.5], "texture": "#0"},
				"south": {"uv": [14, 8.5, 12, 9], "texture": "#0"},
				"west": {"uv": [12, 9, 9, 9.5], "texture": "#0"},
				"up": {"uv": [8.5, 15.5, 10.5, 12.5], "texture": "#0"},
				"down": {"uv": [9, 6, 11.5, 8], "rotation": 90, "texture": "#0"}
			}
		}
	],
	"display": {
		"thirdperson_righthand": {
			"translation": [0.75, 5, 6],
			"scale": [0.7, 0.7, 0.7]
		},
		"thirdperson_lefthand": {
			"translation": [0.75, 5.25, 5.25],
			"scale": [0.7, 0.7, 0.7]
		},
		"firstperson_righthand": {
			"rotation": [0, 180, 0],
			"translation": [-9, 0, -9]
		},
		"firstperson_lefthand": {
			"rotation": [0, 132, 0],
			"translation": [11.75, -2, -9]
		},
		"ground": {
			"translation": [0, 4, 0],
			"scale": [0.7, 0.7, 0.7]
		},
		"gui": {
			"rotation": [19, 145, 0],
			"translation": [-0.25, 2.25, 0],
			"scale": [0.8, 0.8, 0.8]
		},
		"head": {
			"translation": [0, 14, 0]
		},
		"fixed": {
			"rotation": [-90, 0, 0],
			"translation": [0, 2, -15.75],
			"scale": [2, 2, 2]
		}
	}
}