{
	"format_version": "1.21.6",
	"credit": "Made with Blockbench",
	"texture_size": [32, 32],
	"textures": {
		"0": "item/wantlers",
		"particle": "item/wantlers"
	},
	"elements": [
		{
			"from": [10.5, 0, 7.975],
			"to": [18.5, 2, 10.025],
			"rotation": {"angle": 35, "axis": "z", "origin": [10.5, 0, 9]},
			"faces": {
				"north": {"uv": [6, 0, 10, 1], "texture": "#0"},
				"east": {"uv": [5.5, 10, 6.5, 11], "texture": "#0"},
				"south": {"uv": [10, 0, 6, 1], "texture": "#0"},
				"west": {"uv": [7, 4, 8, 5], "texture": "#0"},
				"up": {"uv": [6, 2, 10, 1], "texture": "#0"},
				"down": {"uv": [6, 1, 10, 2], "texture": "#0"}
			}
		},
		{
			"from": [12.60551, 2.69855, 9.025],
			"to": [14.35551, 7.69855, 9.025],
			"rotation": {"angle": 0, "axis": "z", "origin": [14, 4.5, 9]},
			"faces": {
				"north": {"uv": [4, 0, 5, 2.5], "texture": "#0"},
				"east": {"uv": [0, 0, 0, 2.5], "texture": "#0"},
				"south": {"uv": [5, 0, 4, 2.5], "texture": "#0"},
				"west": {"uv": [0, 0, 0, 2.5], "texture": "#0"},
				"up": {"uv": [1, 0, 0, 0], "texture": "#0"},
				"down": {"uv": [1, 0, 0, 0], "texture": "#0"}
			}
		},
		{
			"from": [16.325, 4.275, 8],
			"to": [23.325, 6.275, 10],
			"rotation": {"angle": 12.5, "axis": "z", "origin": [16.325, 4.275, 9]},
			"faces": {
				"north": {"uv": [6, 2, 9.5, 3], "texture": "#0"},
				"east": {"uv": [6, 4, 7, 5], "texture": "#0"},
				"south": {"uv": [9.5, 2, 6, 3], "texture": "#0"},
				"west": {"uv": [10, 7, 11, 8], "texture": "#0"},
				"up": {"uv": [6, 4, 9.5, 3], "texture": "#0"},
				"down": {"uv": [10, 0, 13.5, 1], "texture": "#0"}
			}
		},
		{
			"from": [22.325, 5.275, 9],
			"to": [25.325, 13.275, 9],
			"rotation": {"angle": 12.5, "axis": "z", "origin": [16.325, 4.275, 9]},
			"faces": {
				"north": {"uv": [2.5, 0, 4, 4], "texture": "#0"},
				"east": {"uv": [0, 0, 0, 4], "texture": "#0"},
				"south": {"uv": [4, 0, 2.5, 4], "texture": "#0"},
				"west": {"uv": [0, 0, 0, 4], "texture": "#0"},
				"up": {"uv": [1.5, 0, 0, 0], "texture": "#0"},
				"down": {"uv": [1.5, 0, 0, 0], "texture": "#0"}
			}
		},
		{
			"from": [15.325, 5.15, 9],
			"to": [20.325, 13.15, 9],
			"rotation": {"angle": 12.5, "axis": "z", "origin": [11.325, 4.15, 9]},
			"faces": {
				"north": {"uv": [2.5, 0, 0, 4], "texture": "#0"},
				"east": {"uv": [0, 5, 0, 9], "texture": "#0"},
				"south": {"uv": [0, 0, 2.5, 4], "texture": "#0"},
				"west": {"uv": [0, 5, 0, 9], "texture": "#0"},
				"up": {"uv": [2.25, 6.5, 0.75, 6.5], "texture": "#0"},
				"down": {"uv": [2.25, 6.5, 0.75, 6.5], "texture": "#0"}
			}
		},
		{
			"from": [-4.325, 5.15, 9],
			"to": [0.675, 13.15, 9],
			"rotation": {"angle": -12.5, "axis": "z", "origin": [4.675, 4.15, 9]},
			"faces": {
				"north": {"uv": [0, 0, 2.5, 4], "texture": "#0"},
				"east": {"uv": [0, 0, 0, 4], "texture": "#0"},
				"south": {"uv": [2.5, 0, 0, 4], "texture": "#0"},
				"west": {"uv": [0, 0, 0, 4], "texture": "#0"},
				"up": {"uv": [1.5, 0, 0, 0], "texture": "#0"},
				"down": {"uv": [1.5, 0, 0, 0], "texture": "#0"}
			}
		},
		{
			"from": [-9.325, -4.85, 9],
			"to": [2.675, 3.15, 9],
			"rotation": {"angle": -12.5, "axis": "z", "origin": [2.675, -5.85, 9]},
			"faces": {
				"north": {"uv": [6, 7, 0, 11], "texture": "#0"},
				"east": {"uv": [0, 0, 0, 4], "texture": "#0"},
				"south": {"uv": [0, 7, 6, 11], "texture": "#0"},
				"west": {"uv": [0, 0, 0, 4], "texture": "#0"},
				"up": {"uv": [1.5, 0, 0, 0], "texture": "#0"},
				"down": {"uv": [1.5, 0, 0, 0], "texture": "#0"}
			}
		},
		{
			"from": [1.64449, 2.69855, 9.025],
			"to": [3.39449, 7.69855, 9.025],
			"rotation": {"angle": 0, "axis": "z", "origin": [2, 4.5, 9]},
			"faces": {
				"north": {"uv": [5, 0, 4, 2.5], "texture": "#0"},
				"east": {"uv": [0, 0, 0, 2.5], "texture": "#0"},
				"south": {"uv": [4, 0, 5, 2.5], "texture": "#0"},
				"west": {"uv": [0, 0, 0, 2.5], "texture": "#0"},
				"up": {"uv": [1, 0, 0, 0], "texture": "#0"},
				"down": {"uv": [1, 0, 0, 0], "texture": "#0"}
			}
		},
		{
			"from": [-7.325, 4.275, 8],
			"to": [-0.325, 6.275, 10],
			"rotation": {"angle": -12.5, "axis": "z", "origin": [-0.325, 4.275, 9]},
			"faces": {
				"north": {"uv": [9.5, 2, 6, 3], "texture": "#0"},
				"east": {"uv": [7.5, 10, 8.5, 11], "texture": "#0"},
				"south": {"uv": [6, 2, 9.5, 3], "texture": "#0"},
				"west": {"uv": [6, 4, 7, 5], "texture": "#0"},
				"up": {"uv": [9.5, 4, 6, 3], "texture": "#0"},
				"down": {"uv": [13.5, 0, 10, 1], "texture": "#0"}
			}
		},
		{
			"from": [-9.325, 5.275, 9],
			"to": [-6.325, 13.275, 9],
			"rotation": {"angle": -12.5, "axis": "z", "origin": [-0.325, 4.275, 9]},
			"faces": {
				"north": {"uv": [4, 0, 2.5, 4], "texture": "#0"},
				"east": {"uv": [0, 0, 0, 4], "texture": "#0"},
				"south": {"uv": [2.5, 0, 4, 4], "texture": "#0"},
				"west": {"uv": [0, 0, 0, 4], "texture": "#0"},
				"up": {"uv": [1.5, 0, 0, 0], "texture": "#0"},
				"down": {"uv": [1.5, 0, 0, 0], "texture": "#0"}
			}
		},
		{
			"from": [-2.5, 0, 7.975],
			"to": [5.5, 2, 10.025],
			"rotation": {"angle": -35, "axis": "z", "origin": [5.5, 0, 9]},
			"faces": {
				"north": {"uv": [10, 0, 6, 1], "texture": "#0"},
				"east": {"uv": [7, 4, 8, 5], "texture": "#0"},
				"south": {"uv": [6, 0, 10, 1], "texture": "#0"},
				"west": {"uv": [10.5, 8, 11.5, 9], "texture": "#0"},
				"up": {"uv": [10, 2, 6, 1], "texture": "#0"},
				"down": {"uv": [10, 1, 6, 2], "texture": "#0"}
			}
		},
		{
			"from": [13.325, -4.85, 9],
			"to": [25.325, 3.15, 9],
			"rotation": {"angle": 12.5, "axis": "z", "origin": [13.325, -5.85, 9]},
			"faces": {
				"north": {"uv": [0, 7, 6, 11], "texture": "#0"},
				"east": {"uv": [0, 0, 0, 4], "texture": "#0"},
				"south": {"uv": [6, 7, 0, 11], "texture": "#0"},
				"west": {"uv": [0, 0, 0, 4], "texture": "#0"},
				"up": {"uv": [0, 0, 1.5, 0], "texture": "#0"},
				"down": {"uv": [0, 0, 1.5, 0], "texture": "#0"}
			}
		}
	],
	"display": {
		"thirdperson_righthand": {
			"translation": [0, 1.5, 0],
			"scale": [0.29, 0.29, 0.29]
		},
		"thirdperson_lefthand": {
			"translation": [0, 1.5, 0],
			"scale": [0.29, 0.29, 0.29]
		},
		"firstperson_righthand": {
			"translation": [1.25, 2.75, 0.5],
			"scale": [0.3, 0.3, 0.3]
		},
		"firstperson_lefthand": {
			"translation": [1.25, 2.75, 0.5],
			"scale": [0.3, 0.3, 0.3]
		},
		"ground": {
			"translation": [0, 1.75, 0],
			"scale": [0.49, 0.49, 0.49]
		},
		"gui": {
			"rotation": [12.1, -27.84, -0.79],
			"scale": [0.46, 0.46, 0.46]
		},
		"head": {
			"translation": [0, 13.75, -0.75],
			"scale": [1.4, 1.4, 1.4]
		},
		"fixed": {
			"rotation": [-90, 0, 0],
			"translation": [0, 0, -9.75]
		}
	}
}