{
	"credit": "Made with Blockbench",
	"texture_size": [64, 64],
	"textures": {
		"1": "item/wardenears"
	},
	"elements": [
		{
			"from": [-16, 0, 7],
			"to": [32, 18, 7],
			"rotation": {"angle": 0, "axis": "y", "origin": [7, 0, 7]},
			"faces": {
				"north": {"uv": [0, 0, 12, 4.5], "texture": "#1"},
				"east": {"uv": [0, 0, 0, 4.5], "texture": "#1"},
				"south": {"uv": [0.75, 0, 12.75, 4.5], "texture": "#1"},
				"west": {"uv": [12, 0, 12, 4.5], "texture": "#1"},
				"up": {"uv": [12, 0, 0, 0], "texture": "#1"},
				"down": {"uv": [24, 0, 12, 0], "texture": "#1"}
			}
		}
	],
	"display": {
		"thirdperson_righthand": {
			"rotation": [98, 0, 0],
			"translation": [0.5, 0, 1],
			"scale": [0.25, 0.25, 0.25]
		},
		"thirdperson_lefthand": {
			"rotation": [72, 0, 0],
			"translation": [0, 0, 1.25],
			"scale": [0.25, 0.25, 0.25]
		},
		"firstperson_righthand": {
			"translation": [0, -6.75, 0]
		},
		"firstperson_lefthand": {
			"translation": [0, -7.75, 0]
		},
		"gui": {
			"translation": [0.75, 0, 0],
			"scale": [0.5, 0.5, 0.5]
		},
		"head": {
			"translation": [1.5, 3, 0]
		},
		"fixed": {
			"translation": [1.5, 0, 0]
		}
	}
}