{
	"credit": "Made with Blockbench",
	"texture_size": [32, 32],
	"textures": {
		"2": "item/whelpling_texture",
		"particle": "item/block/blank"
	},
	"elements": [
		{
			"name": "Head",
			"from": [6, -0.075, 1.375],
			"to": [9, 2.425, 4.375],
			"rotation": {"angle": 22.5, "axis": "y", "origin": [8.075, 1.51377, 2.49239]},
			"faces": {
				"north": {"uv": [6, 1.5, 7.5, 2.75], "texture": "#2"},
				"east": {"uv": [0, 5.5, 1.5, 6.75], "texture": "#2"},
				"south": {"uv": [5.5, 4.5, 7, 5.75], "texture": "#2"},
				"west": {"uv": [1.5, 6, 3, 7.25], "texture": "#2"},
				"up": {"uv": [6, 3, 4.5, 1.5], "rotation": 90, "texture": "#2"},
				"down": {"uv": [3.5, 4.5, 2, 6], "rotation": 270, "texture": "#2"}
			}
		},
		{
			"name": "REar",
			"from": [5.66401, 1.91574, 2.775],
			"to": [6.66401, 3.41574, 3.275],
			"rotation": {"angle": 45, "axis": "y", "origin": [8.075, 1.51377, 2.49239]},
			"faces": {
				"north": {"uv": [10.5, 3, 11, 3.75], "texture": "#2"},
				"east": {"uv": [3.5, 11, 3.75, 11.75], "texture": "#2"},
				"south": {"uv": [10.5, 2, 11, 2.75], "texture": "#2"},
				"west": {"uv": [4, 11, 4.25, 11.75], "texture": "#2"},
				"up": {"uv": [11.75, 3.5, 11.5, 3], "rotation": 90, "texture": "#2"},
				"down": {"uv": [11.75, 3.5, 11.5, 4], "rotation": 270, "texture": "#2"}
			}
		},
		{
			"name": "Spine",
			"from": [7.25, 2.32164, 2.23332],
			"to": [7.75, 3.17164, 2.73332],
			"rotation": {"angle": 22.5, "axis": "y", "origin": [8.075, 1.51377, 2.49239]},
			"faces": {
				"north": {"uv": [11.5, 7.5, 11.75, 8], "texture": "#2"},
				"east": {"uv": [11.5, 4, 11.75, 4.5], "texture": "#2"},
				"south": {"uv": [11.5, 4.5, 11.75, 5], "texture": "#2"},
				"west": {"uv": [11.5, 7, 11.75, 7.5], "texture": "#2"},
				"up": {"uv": [5.75, 12.25, 5.5, 12], "rotation": 90, "texture": "#2"},
				"down": {"uv": [12.25, 5.5, 12, 5.75], "rotation": 270, "texture": "#2"}
			}
		},
		{
			"name": "Spine",
			"from": [7.25, 2.07164, 1.48332],
			"to": [7.75, 2.82164, 1.98332],
			"rotation": {"angle": 22.5, "axis": "y", "origin": [8.075, 1.51377, 2.49239]},
			"faces": {
				"north": {"uv": [2.5, 11.5, 2.75, 12], "texture": "#2"},
				"east": {"uv": [1, 11.5, 1.25, 12], "texture": "#2"},
				"south": {"uv": [1.5, 11.5, 1.75, 12], "texture": "#2"},
				"west": {"uv": [2, 11.5, 2.25, 12], "texture": "#2"},
				"up": {"uv": [5.25, 12.25, 5, 12], "rotation": 90, "texture": "#2"},
				"down": {"uv": [12.25, 5, 12, 5.25], "rotation": 270, "texture": "#2"}
			}
		},
		{
			"name": "Spine",
			"from": [7.25, 2.22164, 2.98332],
			"to": [7.75, 3.22164, 3.48332],
			"rotation": {"angle": 22.5, "axis": "y", "origin": [8.075, 1.51377, 2.49239]},
			"faces": {
				"north": {"uv": [0.5, 12, 0.75, 12.5], "texture": "#2"},
				"east": {"uv": [11.5, 11, 11.75, 11.5], "texture": "#2"},
				"south": {"uv": [11.5, 11.5, 11.75, 12], "texture": "#2"},
				"west": {"uv": [0, 12, 0.25, 12.5], "texture": "#2"},
				"up": {"uv": [6.25, 12.25, 6, 12], "rotation": 90, "texture": "#2"},
				"down": {"uv": [12.25, 6, 12, 6.25], "rotation": 270, "texture": "#2"}
			}
		},
		{
			"name": "LEar",
			"from": [8.51099, 1.89074, 3.25],
			"to": [9.51099, 3.39074, 3.75],
			"rotation": {"angle": 0, "axis": "y", "origin": [8.075, 1.51377, 2.49239]},
			"faces": {
				"north": {"uv": [10.5, 1, 11, 1.75], "texture": "#2"},
				"east": {"uv": [3, 11, 3.25, 11.75], "texture": "#2"},
				"south": {"uv": [10, 9.5, 10.5, 10.25], "texture": "#2"},
				"west": {"uv": [11, 3, 11.25, 3.75], "texture": "#2"},
				"up": {"uv": [0.25, 12, 0, 11.5], "rotation": 90, "texture": "#2"},
				"down": {"uv": [0.75, 11.5, 0.5, 12], "rotation": 270, "texture": "#2"}
			}
		},
		{
			"name": "Snout",
			"from": [6.75, -0.075, 0.375],
			"to": [8.25, 0.925, 1.375],
			"rotation": {"angle": 22.5, "axis": "y", "origin": [8.075, 1.51377, 2.49239]},
			"faces": {
				"north": {"uv": [7.5, 10, 8.25, 10.5], "texture": "#2"},
				"east": {"uv": [1.5, 5.5, 2, 6], "texture": "#2"},
				"south": {"uv": [10, 6.5, 10.75, 7], "texture": "#2"},
				"west": {"uv": [1, 7, 1.5, 7.5], "texture": "#2"},
				"up": {"uv": [3.5, 6.75, 3, 6], "rotation": 90, "texture": "#2"},
				"down": {"uv": [9, 10, 8.5, 10.75], "rotation": 270, "texture": "#2"}
			}
		},
		{
			"name": "WingBone",
			"from": [5.46458, 3.73208, 6.46303],
			"to": [5.96458, 4.23208, 8.96303],
			"rotation": {"angle": -22.5, "axis": "z", "origin": [3.74973, 2.60468, 7.19803]},
			"faces": {
				"north": {"uv": [12, 6.5, 12.25, 6.75], "rotation": 90, "texture": "#2"},
				"east": {"uv": [12.25, 2.5, 11, 2.75], "rotation": 180, "texture": "#2"},
				"south": {"uv": [6.5, 12, 6.75, 12.25], "rotation": 270, "texture": "#2"},
				"west": {"uv": [12.25, 2.25, 11, 2], "texture": "#2"},
				"up": {"uv": [1.5, 11, 2.75, 11.25], "rotation": 270, "texture": "#2"},
				"down": {"uv": [11, 1.5, 12.25, 1.75], "rotation": 270, "texture": "#2"}
			}
		},
		{
			"name": "WingBone",
			"from": [4.43189, 3.7332, 5.95303],
			"to": [5.95689, 4.2332, 6.46303],
			"rotation": {"angle": -22.5, "axis": "z", "origin": [3.74973, 2.60468, 7.19803]},
			"faces": {
				"north": {"uv": [6.5, 11, 6.75, 11.75], "rotation": 90, "texture": "#2"},
				"east": {"uv": [12.25, 7, 12, 7.25], "rotation": 180, "texture": "#2"},
				"south": {"uv": [4.5, 11, 4.75, 11.75], "rotation": 270, "texture": "#2"},
				"west": {"uv": [7.25, 12.25, 7, 12], "texture": "#2"},
				"up": {"uv": [11, 4, 11.25, 4.75], "rotation": 270, "texture": "#2"},
				"down": {"uv": [6, 11, 6.25, 11.75], "rotation": 270, "texture": "#2"}
			}
		},
		{
			"name": "WingBone",
			"from": [4.43958, 4.23208, 6.46303],
			"to": [5.46458, 4.23208, 9.26303],
			"rotation": {"angle": -22.5, "axis": "z", "origin": [3.74973, 2.60468, 7.19803]},
			"faces": {
				"north": {"uv": [0, 0, 0, 0.5], "rotation": 90, "texture": "#2"},
				"east": {"uv": [1.25, 0, 0, 0], "rotation": 180, "texture": "#2"},
				"south": {"uv": [0, 0, 0, 0.5], "rotation": 270, "texture": "#2"},
				"west": {"uv": [1.25, 0, 0, 0], "texture": "#2"},
				"up": {"uv": [9.5, 7, 10.75, 7.5], "rotation": 270, "texture": "#2"},
				"down": {"uv": [9.5, 7.5, 10.75, 8], "rotation": 270, "texture": "#2"}
			}
		},
		{
			"name": "WingBone",
			"from": [4.50846, 3.33454, 6.43803],
			"to": [5.00846, 3.83454, 9.43803],
			"rotation": {"angle": 0, "axis": "y", "origin": [3.74973, 2.60468, 7.19803]},
			"faces": {
				"north": {"uv": [12, 8.5, 12.25, 8.75], "texture": "#2"},
				"east": {"uv": [6.5, 10.5, 8, 10.75], "texture": "#2"},
				"south": {"uv": [8.5, 12, 8.75, 12.25], "texture": "#2"},
				"west": {"uv": [10.5, 8, 12, 8.25], "texture": "#2"},
				"up": {"uv": [12, 8.75, 10.5, 8.5], "rotation": 90, "texture": "#2"},
				"down": {"uv": [10.5, 10.5, 9, 10.75], "rotation": 270, "texture": "#2"}
			}
		},
		{
			"name": "WingBone",
			"from": [3.50846, 3.83454, 6.43803],
			"to": [4.50846, 3.83454, 9.43803],
			"rotation": {"angle": 0, "axis": "y", "origin": [3.74973, 2.60468, 7.19803]},
			"faces": {
				"north": {"uv": [0, 0, 0.5, 0], "texture": "#2"},
				"east": {"uv": [0, 0, 1.5, 0], "texture": "#2"},
				"south": {"uv": [0, 0, 0.5, 0], "texture": "#2"},
				"west": {"uv": [0, 0, 1.5, 0], "texture": "#2"},
				"up": {"uv": [10.5, 9.5, 9, 9], "rotation": 90, "texture": "#2"},
				"down": {"uv": [1.5, 9.5, 0, 10], "rotation": 270, "texture": "#2"}
			}
		},
		{
			"name": "WingBone",
			"from": [3.51269, 3.34466, 5.96303],
			"to": [5.01269, 3.84466, 6.45303],
			"rotation": {"angle": 0, "axis": "y", "origin": [3.74973, 2.60468, 7.19803]},
			"faces": {
				"north": {"uv": [11, 6.5, 11.75, 6.75], "texture": "#2"},
				"east": {"uv": [7.5, 12, 7.75, 12.25], "texture": "#2"},
				"south": {"uv": [11, 5, 11.75, 5.25], "texture": "#2"},
				"west": {"uv": [12, 7.5, 12.25, 7.75], "texture": "#2"},
				"up": {"uv": [7.25, 11.75, 7, 11], "rotation": 90, "texture": "#2"},
				"down": {"uv": [11.25, 7, 11, 7.75], "rotation": 270, "texture": "#2"}
			}
		},
		{
			"name": "WingBone",
			"from": [1.47377, 3.64137, 6.43803],
			"to": [3.97377, 3.64137, 9.93803],
			"rotation": {"angle": 45, "axis": "z", "origin": [3.74973, 2.60468, 7.19803]},
			"faces": {
				"north": {"uv": [0, 0, 1.25, 0], "texture": "#2"},
				"east": {"uv": [0, 0, 1.5, 0], "texture": "#2"},
				"south": {"uv": [0, 0, 1.25, 0], "texture": "#2"},
				"west": {"uv": [0, 0, 1.5, 0], "texture": "#2"},
				"up": {"uv": [7.5, 4.25, 6, 3], "rotation": 90, "texture": "#2"},
				"down": {"uv": [7, 6, 5.5, 7.25], "rotation": 270, "texture": "#2"}
			}
		},
		{
			"name": "WingBone",
			"from": [0.95692, 3.14679, 5.96403],
			"to": [4.45692, 3.64679, 6.45203],
			"rotation": {"angle": 45, "axis": "z", "origin": [3.74973, 2.60468, 7.19803]},
			"faces": {
				"north": {"uv": [10, 6, 11.75, 6.25], "texture": "#2"},
				"east": {"uv": [8, 12, 8.25, 12.25], "texture": "#2"},
				"south": {"uv": [10, 5.5, 11.75, 5.75], "texture": "#2"},
				"west": {"uv": [12, 8, 12.25, 8.25], "texture": "#2"},
				"up": {"uv": [5.25, 11.75, 5, 10], "rotation": 90, "texture": "#2"},
				"down": {"uv": [5.75, 10, 5.5, 11.75], "rotation": 270, "texture": "#2"}
			}
		},
		{
			"name": "WingBone",
			"from": [0.97377, 3.14137, 6.43803],
			"to": [1.47377, 3.64137, 9.93803],
			"rotation": {"angle": 45, "axis": "z", "origin": [3.74973, 2.60468, 7.19803]},
			"faces": {
				"north": {"uv": [12, 9.5, 12.25, 9.75], "texture": "#2"},
				"east": {"uv": [0, 11, 1.5, 11.25], "texture": "#2"},
				"south": {"uv": [9.5, 12, 9.75, 12.25], "texture": "#2"},
				"west": {"uv": [11, 0, 12.5, 0.25], "texture": "#2"},
				"up": {"uv": [12.5, 0.75, 11, 0.5], "rotation": 90, "texture": "#2"},
				"down": {"uv": [12.5, 1, 11, 1.25], "rotation": 270, "texture": "#2"}
			}
		},
		{
			"name": "WingBone",
			"from": [3.94877, 3.14137, 6.43803],
			"to": [4.44877, 3.64137, 9.93803],
			"rotation": {"angle": 45, "axis": "z", "origin": [3.74973, 2.60468, 7.19803]},
			"faces": {
				"north": {"uv": [12, 9, 12.25, 9.25], "texture": "#2"},
				"east": {"uv": [10.5, 9, 12, 9.25], "texture": "#2"},
				"south": {"uv": [9, 12, 9.25, 12.25], "texture": "#2"},
				"west": {"uv": [10.5, 9.5, 12, 9.75], "texture": "#2"},
				"up": {"uv": [12, 10.25, 10.5, 10], "rotation": 90, "texture": "#2"},
				"down": {"uv": [12, 10.5, 10.5, 10.75], "rotation": 270, "texture": "#2"}
			}
		},
		{
			"name": "WingBone",
			"from": [10.16397, 3.8435, 6.46303],
			"to": [10.66397, 4.3435, 8.96303],
			"rotation": {"angle": 22.5, "axis": "z", "origin": [12.69463, 2.84, 7.19803]},
			"faces": {
				"north": {"uv": [12.25, 6.5, 12, 6.75], "rotation": 270, "texture": "#2"},
				"east": {"uv": [12.25, 2, 11, 2.25], "rotation": 180, "texture": "#2"},
				"south": {"uv": [6.75, 12, 6.5, 12.25], "rotation": 90, "texture": "#2"},
				"west": {"uv": [12.25, 2.75, 11, 2.5], "texture": "#2"},
				"up": {"uv": [2.75, 11, 1.5, 11.25], "rotation": 90, "texture": "#2"},
				"down": {"uv": [12.25, 1.5, 11, 1.75], "rotation": 90, "texture": "#2"}
			}
		},
		{
			"name": "WingBone",
			"from": [10.17165, 3.84462, 5.95303],
			"to": [11.69665, 4.34462, 6.46303],
			"rotation": {"angle": 22.5, "axis": "z", "origin": [12.69463, 2.84, 7.19803]},
			"faces": {
				"north": {"uv": [6.75, 11, 6.5, 11.75], "rotation": 270, "texture": "#2"},
				"east": {"uv": [7.25, 12, 7, 12.25], "rotation": 180, "texture": "#2"},
				"south": {"uv": [4.75, 11, 4.5, 11.75], "rotation": 90, "texture": "#2"},
				"west": {"uv": [12.25, 7.25, 12, 7], "texture": "#2"},
				"up": {"uv": [11.25, 4, 11, 4.75], "rotation": 90, "texture": "#2"},
				"down": {"uv": [6.25, 11, 6, 11.75], "rotation": 90, "texture": "#2"}
			}
		},
		{
			"name": "WingBone",
			"from": [10.66397, 4.3435, 6.46303],
			"to": [11.68897, 4.3435, 9.26303],
			"rotation": {"angle": 22.5, "axis": "z", "origin": [12.69463, 2.84, 7.19803]},
			"faces": {
				"north": {"uv": [0, 0, 0, 0.5], "rotation": 270, "texture": "#2"},
				"east": {"uv": [1.25, 0, 0, 0], "rotation": 180, "texture": "#2"},
				"south": {"uv": [0, 0, 0, 0.5], "rotation": 90, "texture": "#2"},
				"west": {"uv": [1.25, 0, 0, 0], "texture": "#2"},
				"up": {"uv": [10.75, 7, 9.5, 7.5], "rotation": 90, "texture": "#2"},
				"down": {"uv": [10.75, 7.5, 9.5, 8], "rotation": 90, "texture": "#2"}
			}
		},
		{
			"name": "WingBone",
			"from": [11.19154, 3.33454, 6.43803],
			"to": [11.69154, 3.83454, 9.43803],
			"rotation": {"angle": 0, "axis": "y", "origin": [12.69463, 2.84, 7.19803]},
			"faces": {
				"north": {"uv": [12.25, 8.5, 12, 8.75], "texture": "#2"},
				"east": {"uv": [12, 8, 10.5, 8.25], "texture": "#2"},
				"south": {"uv": [8.75, 12, 8.5, 12.25], "texture": "#2"},
				"west": {"uv": [8, 10.5, 6.5, 10.75], "texture": "#2"},
				"up": {"uv": [12, 8.5, 10.5, 8.75], "rotation": 90, "texture": "#2"},
				"down": {"uv": [10.5, 10.75, 9, 10.5], "rotation": 270, "texture": "#2"}
			}
		},
		{
			"name": "WingBone",
			"from": [11.69154, 3.83454, 6.43803],
			"to": [12.69154, 3.83454, 9.43803],
			"rotation": {"angle": 0, "axis": "y", "origin": [12.69463, 2.84, 7.19803]},
			"faces": {
				"north": {"uv": [0.5, 0, 0, 0], "texture": "#2"},
				"east": {"uv": [1.5, 0, 0, 0], "texture": "#2"},
				"south": {"uv": [0.5, 0, 0, 0], "texture": "#2"},
				"west": {"uv": [1.5, 0, 0, 0], "texture": "#2"},
				"up": {"uv": [10.5, 9, 9, 9.5], "rotation": 90, "texture": "#2"},
				"down": {"uv": [1.5, 10, 0, 9.5], "rotation": 270, "texture": "#2"}
			}
		},
		{
			"name": "WingBone",
			"from": [11.18731, 3.34466, 5.96303],
			"to": [12.68731, 3.84466, 6.45303],
			"rotation": {"angle": 0, "axis": "y", "origin": [12.69463, 2.84, 7.19803]},
			"faces": {
				"north": {"uv": [11.75, 6.5, 11, 6.75], "texture": "#2"},
				"east": {"uv": [12.25, 7.5, 12, 7.75], "texture": "#2"},
				"south": {"uv": [11.75, 5, 11, 5.25], "texture": "#2"},
				"west": {"uv": [7.75, 12, 7.5, 12.25], "texture": "#2"},
				"up": {"uv": [7.25, 11, 7, 11.75], "rotation": 90, "texture": "#2"},
				"down": {"uv": [11.25, 7.75, 11, 7], "rotation": 270, "texture": "#2"}
			}
		},
		{
			"name": "WingBone",
			"from": [12.4642, 3.5375, 6.43803],
			"to": [14.9642, 3.5375, 9.93803],
			"rotation": {"angle": -45, "axis": "z", "origin": [12.69463, 2.84, 7.19803]},
			"faces": {
				"north": {"uv": [1.25, 0, 0, 0], "texture": "#2"},
				"east": {"uv": [1.5, 0, 0, 0], "texture": "#2"},
				"south": {"uv": [1.25, 0, 0, 0], "texture": "#2"},
				"west": {"uv": [1.5, 0, 0, 0], "texture": "#2"},
				"up": {"uv": [7.5, 3, 6, 4.25], "rotation": 90, "texture": "#2"},
				"down": {"uv": [7, 7.25, 5.5, 6], "rotation": 270, "texture": "#2"}
			}
		},
		{
			"name": "WingBone",
			"from": [11.98104, 3.04293, 5.96403],
			"to": [15.48104, 3.54293, 6.45203],
			"rotation": {"angle": -45, "axis": "z", "origin": [12.69463, 2.84, 7.19803]},
			"faces": {
				"north": {"uv": [11.75, 6, 10, 6.25], "texture": "#2"},
				"east": {"uv": [12.25, 8, 12, 8.25], "texture": "#2"},
				"south": {"uv": [11.75, 5.5, 10, 5.75], "texture": "#2"},
				"west": {"uv": [8.25, 12, 8, 12.25], "texture": "#2"},
				"up": {"uv": [5.25, 10, 5, 11.75], "rotation": 90, "texture": "#2"},
				"down": {"uv": [5.75, 11.75, 5.5, 10], "rotation": 270, "texture": "#2"}
			}
		},
		{
			"name": "WingBone",
			"from": [14.9642, 3.0375, 6.43803],
			"to": [15.4642, 3.5375, 9.93803],
			"rotation": {"angle": -45, "axis": "z", "origin": [12.69463, 2.84, 7.19803]},
			"faces": {
				"north": {"uv": [12.25, 9.5, 12, 9.75], "texture": "#2"},
				"east": {"uv": [12.5, 0, 11, 0.25], "texture": "#2"},
				"south": {"uv": [9.75, 12, 9.5, 12.25], "texture": "#2"},
				"west": {"uv": [1.5, 11, 0, 11.25], "texture": "#2"},
				"up": {"uv": [12.5, 0.5, 11, 0.75], "rotation": 90, "texture": "#2"},
				"down": {"uv": [12.5, 1.25, 11, 1], "rotation": 270, "texture": "#2"}
			}
		},
		{
			"name": "WingBone",
			"from": [11.9892, 3.0375, 6.43803],
			"to": [12.4892, 3.5375, 9.93803],
			"rotation": {"angle": -45, "axis": "z", "origin": [12.69463, 2.84, 7.19803]},
			"faces": {
				"north": {"uv": [12.25, 9, 12, 9.25], "texture": "#2"},
				"east": {"uv": [12, 9.5, 10.5, 9.75], "texture": "#2"},
				"south": {"uv": [9.25, 12, 9, 12.25], "texture": "#2"},
				"west": {"uv": [12, 9, 10.5, 9.25], "texture": "#2"},
				"up": {"uv": [12, 10, 10.5, 10.25], "rotation": 90, "texture": "#2"},
				"down": {"uv": [12, 10.75, 10.5, 10.5], "rotation": 270, "texture": "#2"}
			}
		},
		{
			"name": "Body",
			"from": [6.075, 0.0125, 5.1625],
			"to": [10.075, 3.0125, 9.1625],
			"rotation": {"angle": 0, "axis": "y", "origin": [8.075, 1.5125, 8.6]},
			"faces": {
				"north": {"uv": [4.5, 0, 6.5, 1.5], "texture": "#2"},
				"east": {"uv": [2, 3, 4, 4.5], "texture": "#2"},
				"south": {"uv": [0, 4, 2, 5.5], "texture": "#2"},
				"west": {"uv": [4, 3, 6, 4.5], "texture": "#2"},
				"up": {"uv": [2, 2, 0, 0], "rotation": 90, "texture": "#2"},
				"down": {"uv": [2, 2, 0, 4], "rotation": 270, "texture": "#2"}
			}
		},
		{
			"name": "Neck",
			"from": [7.075, 0.01127, 4.10712],
			"to": [9.075, 1.91127, 6.90712],
			"rotation": {"angle": 0, "axis": "y", "origin": [8.075, 2.11127, 5.50712]},
			"faces": {
				"north": {"uv": [8.5, 1, 7.5, 0], "rotation": 270, "texture": "#2"},
				"east": {"uv": [3, 7, 4, 8.5], "rotation": 90, "texture": "#2"},
				"south": {"uv": [2, 7.5, 1, 8.5], "rotation": 270, "texture": "#2"},
				"west": {"uv": [7, 4.5, 8, 6], "rotation": 270, "texture": "#2"},
				"up": {"uv": [4, 7, 5, 8.5], "texture": "#2"},
				"down": {"uv": [7, 6, 8, 7.5], "rotation": 180, "texture": "#2"}
			}
		},
		{
			"name": "LowerBody",
			"from": [5.825, -0.1125, 9.0375],
			"to": [10.325, 3.1375, 11.0375],
			"rotation": {"angle": 0, "axis": "y", "origin": [8.075, 1.5125, 8.6]},
			"faces": {
				"north": {"uv": [2, 1.5, 4.25, 3], "texture": "#2"},
				"east": {"uv": [6.5, 0, 7.5, 1.5], "texture": "#2"},
				"south": {"uv": [2, 0, 4.25, 1.5], "texture": "#2"},
				"west": {"uv": [0, 7, 1, 8.5], "texture": "#2"},
				"up": {"uv": [4.5, 6.75, 3.5, 4.5], "rotation": 90, "texture": "#2"},
				"down": {"uv": [5.5, 4.5, 4.5, 6.75], "rotation": 270, "texture": "#2"}
			}
		},
		{
			"name": "LFLeg",
			"from": [5.41283, -0.025, 4.34879],
			"to": [6.91283, 1.475, 6.84879],
			"rotation": {"angle": 0, "axis": "y", "origin": [13.06283, 0.725, 9.89879]},
			"faces": {
				"north": {"uv": [4, 10, 4.75, 10.75], "texture": "#2"},
				"east": {"uv": [9, 1, 10.25, 1.75], "texture": "#2"},
				"south": {"uv": [3, 10, 3.75, 10.75], "texture": "#2"},
				"west": {"uv": [9, 2, 10.25, 2.75], "texture": "#2"},
				"up": {"uv": [10.25, 3.75, 9, 3], "rotation": 90, "texture": "#2"},
				"down": {"uv": [8.75, 9, 7.5, 9.75], "rotation": 270, "texture": "#2"}
			}
		},
		{
			"name": "RFLeg",
			"from": [9.21283, -0.025, 4.34879],
			"to": [10.71283, 1.475, 6.84879],
			"rotation": {"angle": 0, "axis": "y", "origin": [13.06283, 0.725, 9.89879]},
			"faces": {
				"north": {"uv": [4, 10, 4.75, 10.75], "texture": "#2"},
				"east": {"uv": [9, 1, 10.25, 1.75], "texture": "#2"},
				"south": {"uv": [3, 10, 3.75, 10.75], "texture": "#2"},
				"west": {"uv": [9, 2, 10.25, 2.75], "texture": "#2"},
				"up": {"uv": [10.25, 3.75, 9, 3], "rotation": 90, "texture": "#2"},
				"down": {"uv": [8.75, 9, 7.5, 9.75], "rotation": 270, "texture": "#2"}
			}
		},
		{
			"name": "RBLeg",
			"from": [9.61283, -0.025, 8.24879],
			"to": [11.11283, 1.475, 10.74879],
			"rotation": {"angle": 0, "axis": "y", "origin": [13.06283, 0.725, 9.89879]},
			"faces": {
				"north": {"uv": [4, 10, 4.75, 10.75], "texture": "#2"},
				"east": {"uv": [9, 1, 10.25, 1.75], "texture": "#2"},
				"south": {"uv": [3, 10, 3.75, 10.75], "texture": "#2"},
				"west": {"uv": [9, 2, 10.25, 2.75], "texture": "#2"},
				"up": {"uv": [10.25, 3.75, 9, 3], "rotation": 90, "texture": "#2"},
				"down": {"uv": [8.75, 9, 7.5, 9.75], "rotation": 270, "texture": "#2"}
			}
		},
		{
			"name": "LBLeg",
			"from": [5.11283, -0.025, 8.24879],
			"to": [6.61283, 1.475, 10.74879],
			"rotation": {"angle": 0, "axis": "y", "origin": [13.06283, 0.725, 9.89879]},
			"faces": {
				"north": {"uv": [4, 10, 4.75, 10.75], "texture": "#2"},
				"east": {"uv": [9, 1, 10.25, 1.75], "texture": "#2"},
				"south": {"uv": [3, 10, 3.75, 10.75], "texture": "#2"},
				"west": {"uv": [9, 2, 10.25, 2.75], "texture": "#2"},
				"up": {"uv": [10.25, 3.75, 9, 3], "rotation": 90, "texture": "#2"},
				"down": {"uv": [8.75, 9, 7.5, 9.75], "rotation": 270, "texture": "#2"}
			}
		},
		{
			"name": "Tail1",
			"from": [7.875, -0.025, 10.725],
			"to": [9.375, 1.475, 13.225],
			"rotation": {"angle": 22.5, "axis": "y", "origin": [8.125, 0.725, 12.35]},
			"faces": {
				"north": {"uv": [6.5, 9.5, 7.25, 10.25], "texture": "#2"},
				"east": {"uv": [7.5, 1, 8.75, 1.75], "texture": "#2"},
				"south": {"uv": [2, 7.5, 2.75, 8.25], "texture": "#2"},
				"west": {"uv": [7.5, 2, 8.75, 2.75], "texture": "#2"},
				"up": {"uv": [8.75, 3.75, 7.5, 3], "rotation": 90, "texture": "#2"},
				"down": {"uv": [6.25, 7.5, 5, 8.25], "rotation": 270, "texture": "#2"}
			}
		},
		{
			"name": "Tail2",
			"from": [7.775, -0.05, 13.125],
			"to": [8.775, 0.95, 15.625],
			"rotation": {"angle": 45, "axis": "y", "origin": [8.125, 0.725, 12.35]},
			"faces": {
				"north": {"uv": [7.5, 4, 8, 4.5], "texture": "#2"},
				"east": {"uv": [1.5, 9.5, 2.75, 10], "texture": "#2"},
				"south": {"uv": [5, 7, 5.5, 7.5], "texture": "#2"},
				"west": {"uv": [3, 9.5, 4.25, 10], "texture": "#2"},
				"up": {"uv": [10.75, 4.5, 9.5, 4], "rotation": 90, "texture": "#2"},
				"down": {"uv": [5.75, 9.5, 4.5, 10], "rotation": 270, "texture": "#2"}
			}
		},
		{
			"name": "Tail3",
			"from": [10.09537, 0, 14.55824],
			"to": [12.49537, 0.8, 15.35824],
			"rotation": {"angle": -22.5, "axis": "y", "origin": [11.39537, 0.725, 15.40824]},
			"faces": {
				"north": {"uv": [9.5, 5, 10.75, 5.5], "texture": "#2"},
				"east": {"uv": [7.5, 8.5, 8, 9], "texture": "#2"},
				"south": {"uv": [9.5, 4.5, 10.75, 5], "texture": "#2"},
				"west": {"uv": [8, 10.5, 8.5, 11], "texture": "#2"},
				"up": {"uv": [10, 6.75, 9.5, 5.5], "rotation": 90, "texture": "#2"},
				"down": {"uv": [6.5, 9.5, 6, 10.75], "rotation": 270, "texture": "#2"}
			}
		},
		{
			"name": "Spine",
			"from": [7.825, 4.375, 7.125],
			"to": [8.325, 5.275, 7.625],
			"rotation": {"angle": 22.5, "axis": "x", "origin": [6.575, 5.65, 3.125]},
			"faces": {
				"north": {"uv": [12, 3.5, 12.25, 4], "texture": "#2"},
				"east": {"uv": [3, 12, 3.25, 12.5], "texture": "#2"},
				"south": {"uv": [12, 3, 12.25, 3.5], "texture": "#2"},
				"west": {"uv": [3.5, 12, 3.75, 12.5], "texture": "#2"},
				"up": {"uv": [10.75, 12.25, 10.5, 12], "rotation": 90, "texture": "#2"},
				"down": {"uv": [12.25, 10.5, 12, 10.75], "rotation": 270, "texture": "#2"}
			}
		},
		{
			"name": "Spine",
			"from": [7.825, 4.625, 7.975],
			"to": [8.325, 5.625, 8.475],
			"rotation": {"angle": 22.5, "axis": "x", "origin": [6.575, 5.65, 3.125]},
			"faces": {
				"north": {"uv": [12, 4.5, 12.25, 5], "texture": "#2"},
				"east": {"uv": [4, 12, 4.25, 12.5], "texture": "#2"},
				"south": {"uv": [12, 4, 12.25, 4.5], "texture": "#2"},
				"west": {"uv": [4.5, 12, 4.75, 12.5], "texture": "#2"},
				"up": {"uv": [11.25, 12.25, 11, 12], "rotation": 90, "texture": "#2"},
				"down": {"uv": [12.25, 11, 12, 11.25], "rotation": 270, "texture": "#2"}
			}
		},
		{
			"name": "Spine",
			"from": [7.825, 4.9, 8.825],
			"to": [8.325, 6.05, 9.325],
			"rotation": {"angle": 22.5, "axis": "x", "origin": [6.575, 5.65, 3.125]},
			"faces": {
				"north": {"uv": [2.5, 12, 2.75, 12.5], "texture": "#2"},
				"east": {"uv": [1, 12, 1.25, 12.5], "texture": "#2"},
				"south": {"uv": [1.5, 12, 1.75, 12.5], "texture": "#2"},
				"west": {"uv": [2, 12, 2.25, 12.5], "texture": "#2"},
				"up": {"uv": [10.25, 12.25, 10, 12], "rotation": 90, "texture": "#2"},
				"down": {"uv": [12.25, 10, 12, 10.25], "rotation": 270, "texture": "#2"}
			}
		},
		{
			"name": "Spine",
			"from": [7.825, 5.15, 9.625],
			"to": [8.325, 6.45, 10.125],
			"rotation": {"angle": 22.5, "axis": "x", "origin": [6.575, 5.65, 3.125]},
			"faces": {
				"north": {"uv": [9, 11, 9.25, 11.75], "texture": "#2"},
				"east": {"uv": [7.5, 11, 7.75, 11.75], "texture": "#2"},
				"south": {"uv": [8, 11, 8.25, 11.75], "texture": "#2"},
				"west": {"uv": [8.5, 11, 8.75, 11.75], "texture": "#2"},
				"up": {"uv": [11.75, 12.25, 11.5, 12], "rotation": 90, "texture": "#2"},
				"down": {"uv": [12.25, 11.5, 12, 11.75], "rotation": 270, "texture": "#2"}
			}
		},
		{
			"name": "Spine",
			"from": [7.825, 5.4, 10.425],
			"to": [8.325, 6.7, 10.925],
			"rotation": {"angle": 22.5, "axis": "x", "origin": [6.575, 5.65, 3.125]},
			"faces": {
				"north": {"uv": [11, 11, 11.25, 11.75], "texture": "#2"},
				"east": {"uv": [9.5, 11, 9.75, 11.75], "texture": "#2"},
				"south": {"uv": [10, 11, 10.25, 11.75], "texture": "#2"},
				"west": {"uv": [10.5, 11, 10.75, 11.75], "texture": "#2"},
				"up": {"uv": [12.25, 12.25, 12, 12], "rotation": 90, "texture": "#2"},
				"down": {"uv": [0.25, 12.5, 0, 12.75], "rotation": 270, "texture": "#2"}
			}
		}
	],
	"display": {
		"thirdperson_righthand": {
			"rotation": [177.89, 44, 177.29],
			"translation": [-1.25, 7.5, 2]
		},
		"thirdperson_lefthand": {
			"rotation": [177.89, 15.27, 177.29],
			"translation": [-0.5, 7.5, -0.25]
		},
		"firstperson_righthand": {
			"rotation": [-35, 166, 0],
			"translation": [-9, 6.25, -2.25],
			"scale": [0.8, 0.8, 0.8]
		},
		"firstperson_lefthand": {
			"rotation": [-23, 128, 0],
			"translation": [3.25, 7, -2],
			"scale": [0.8, 0.8, 0.8]
		},
		"ground": {
			"translation": [0, 3, 0],
			"scale": [0.8, 0.8, 0.8]
		},
		"gui": {
			"rotation": [19, 124, 0],
			"translation": [0.5, 6.25, 0],
			"scale": [1.05, 1.05, 1.05]
		},
		"head": {
			"translation": [-0.25, 14.5, 0]
		},
		"fixed": {
			"rotation": [-90, 0, 0],
			"translation": [-0.5, 0, -20.25],
			"scale": [2.5, 2.5, 2.5]
		}
	},
	"groups": [
		{
			"name": "Head",
			"origin": [0, -0.9, 0],
			"color": 0,
			"children": [0, 1, 2, 3, 4, 5, 6]
		},
		{
			"name": "LWing",
			"origin": [11.81403, 3.325, 12.00088],
			"color": 0,
			"children": [7, 8, 9, 10, 11, 12, 13, 14, 15, 16]
		},
		{
			"name": "LWing",
			"origin": [11.81403, 3.325, 12.00088],
			"color": 0,
			"children": [17, 18, 19, 20, 21, 22, 23, 24, 25, 26]
		},
		27,
		28,
		29,
		30,
		31,
		32,
		33,
		34,
		35,
		36,
		37,
		38,
		39,
		40,
		41
	]
}