{
  "portraitScale": 0.4,
  "portraitTranslation": [-0.5, 2.2, 0],
  "profileScale": 0.34,
  "profileTranslation": [0, 1.5, 0],
  "animations": {
    "faint": "q.bedrock_primary('pokemans_groudon_primal', 'faint', q.curve('one'))",
    "cry": "q.bedrock_stateful('pokemans_groudon_primal', 'cry')",
    "recoil": "q.bedrock_stateful('pokemans_groudon_primal', 'recoil')",
    "physical": "q.bedrock_primary('pokemans_groudon_primal', 'physical_attack', q.curve('symmetrical_wide'))",
    "special": "q.bedrock_primary('pokemans_groudon_primal', 'special_attack', q.curve('symmetrical_wide'))",
    "status": "q.bedrock_primary('pokemans_groudon_primal', 'cry', q.curve('symmetrical_wide'))"
  },
  "poses": {
    "battle-standing": {
      "poseTypes": ["STAND"],
      "isBattle": true,
      "animations": [
       "q.look('neck', 1, 1, 45, -7.5, 7.5, -7.5)",
        "q.bedrock('pokemans_groudon_primal', 'ground_idle')"
      ],
      "quirks": [
        "q.bedrock_quirk('pokemans_groudon_primal', 'blink')",
        "q.bedrock_quirk('pokemans_groudon_primal', q.array('cry'), 30, 60, 1)"
      ]
    },
    "standing": {
      "poseTypes": ["STAND", "NONE", "PORTRAIT", "PROFILE"],
      "isBattle": false,
      "animations": [
       "q.look('neck', 1, 1, 45, -7.5, 7.5, -7.5)",
        "q.bedrock('pokemans_groudon_primal', 'ground_idle')"
      ],
      "quirks": [
        "q.bedrock_quirk('pokemans_groudon_primal', 'blink')",
        "q.bedrock_quirk('pokemans_groudon_primal', 'cry', 20, 60, 1)"
      ]
    },
    "walking": {
      "poseTypes": ["WALK"],
      "animations": [
       "q.look('neck', 1, 1, 45, -7.5, 7.5, -7.5)",
        "q.bedrock('pokemans_groudon_primal', 'ground_walk')"
      ],
      "quirks": ["q.bedrock_quirk('pokemans_groudon_primal', 'blink')"]
    },
    "float": {
      "poseTypes": ["FLOAT"],
      "animations": [
        "q.bedrock('pokemans_groudon_primal', 'ground_idle')"
      ],
      "quirks": ["q.bedrock_quirk('pokemans_groudon_primal', 'blink')"]
    },
    "swim": {
      "poseTypes": ["SWIM"],
      "animations": [
        "q.bedrock('pokemans_groudon_primal', 'ground_walk')"
      ],
      "quirks": ["q.bedrock_quirk('pokemans_groudon_primal', 'blink')"]
    },
    "sleep": {
      "poseTypes": ["SLEEP"],
      "animations": ["q.bedrock('pokemans_groudon_primal', 'sleep')"]
    }
  }
}