{
  "head": "looky",
  "portraitScale": 1.0,
  "portraitTranslation": [0, 1, 0],
  "profileScale": 1,
  "profileTranslation": [0, 1, 0],
  "animations": {
    "faint": "q.bedrock_primary('pokemans_hoopa', 'faint', q.curve('one'))",
    "cry": "q.bedrock_stateful('pokemans_hoopa', 'cry')",
    "physical": "q.bedrock_primary('pokemans_hoopa', 'physical_attack', q.curve('symmetrical_wide'))",
    "special": "q.bedrock_primary('pokemans_hoopa', 'special_attack', q.curve('symmetrical_wide'))",
    "status": "q.bedrock_primary('pokemans_hoopa', 'cry', q.curve('symmetrical_wide'))"
  },
  "poses": {
    "battle-standing": {
      "poseTypes": ["STAND"],
      "isBattle": true,
      "animations": ["look", "q.bedrock('pokemans_hoopa', 'ground_idle')"
      ],
      "quirks": [
        {
          "name": "blink",
          "animations": ["bedrock(pokemans_hoopa, blink)"]
        },
        {
          "name": "quirk",
          "animations": ["bedrock(pokemans_hoopa, quirk)"]
        },
        {
          "name": "quirk2",
          "animations": ["bedrock(pokemans_hoopa, quirk2)"]
        }
      ]
    },
    "standing": {
      "poseTypes": ["STAND", "NONE", "PORTRAIT", "PROFILE"],
      "isBattle": false,
      "animations": ["look", "q.bedrock('pokemans_hoopa', 'ground_idle')"
      ],
      "quirks": [
        "q.bedrock_quirk('pokemans_hoopa', 'blink')",
        "q.bedrock_quirk('pokemans_hoopa', 'quirk')",
        "q.bedrock_quirk('pokemans_hoopa', 'quirk2')"
      ]
    },
    "walking": {
      "poseTypes": ["WALK"],
      "animations": ["look", "q.bedrock('pokemans_hoopa', 'ground_walk')"
      ],
      "quirks": ["q.bedrock_quirk('pokemans_hoopa', 'blink')"]
    },
    "float": {
      "poseTypes": ["FLOAT"],
      "animations": ["look",
        "q.bedrock('pokemans_hoopa', 'ground_idle')"
      ],
      "quirks": ["q.bedrock_quirk('pokemans_hoopa', 'blink')"]
    },
    "swim": {
      "poseTypes": ["SWIM"],
      "animations": ["look",
        "q.bedrock('pokemans_hoopa', 'ground_walk')"
      ],
      "quirks": ["q.bedrock_quirk('pokemans_hoopa', 'blink')"]
    },
    "hover": {
      "poseName": "hover",
      "poseTypes": ["HOVER"],
      "quirks": ["q.bedrock_quirk('pokemans_hoopa', 'blink')"],
      "animations": ["look", "q.bedrock('pokemans_hoopa', 'ground_idle')"]
    },
    "fly": {
      "poseName": "fly",
      "poseTypes": ["FLY"],
      "quirks": ["q.bedrock_quirk('pokemans_hoopa', 'blink')"],
      "animations": ["look", "q.bedrock('pokemans_hoopa', 'ground_walk')"]
    },
    "sleep": {
      "poseTypes": ["SLEEP"],
      "animations": ["q.bedrock('pokemans_hoopa', 'sleep')"]
    }
  }
}