{
  "portraitScale": 1,
  "portraitTranslation": [-0.5, 3.5, -10],
  "profileScale": 0.35,
  "profileTranslation": [0, 1.3, -10],
  "animations": {
    "faint": "q.bedrock_primary('pokemans_kyurem_white', 'special_attack', q.curve('one'))",
    "cry": "q.bedrock_primary('pokemans_kyurem_white', 'cry', q.curve('symmetrical_wide'))",
    "recoil": "q.bedrock_stateful('pokemans_kyurem_white', 'recoil')",
    "physical": "q.bedrock_primary('pokemans_kyurem_white', 'physical_attack', q.curve('symmetrical_wide'))",
    "special": "q.bedrock_primary('pokemans_kyurem_white', 'special_attack', q.curve('symmetrical_wide'))",
    "status": "q.bedrock_primary('pokemans_kyurem_white', 'special_attack', q.curve('symmetrical_wide'))"
  },
  "poses": {
    "battle-standing": {
      "poseTypes": ["STAND"],
      "isBattle": true,
      "animations": ["q.look('neck2', 1, 1, 45, -20, 45)",
        "q.bedrock('pokemans_kyurem_white', 'battle_idle')"
      ]
    },
    "standing": {
      "poseTypes": ["STAND", "NONE", "PORTRAIT", "PROFILE"],
      "isBattle": false,
      "animations": [ 
        "q.bedrock('pokemans_kyurem_white', 'ground_idle')"
      ]
    },
    "walking": {
      "poseTypes": ["WALK"],
      "animations": ["q.look('neck2', 1, 1, 45, -20, 45)",
        "q.bedrock('pokemans_kyurem_white', 'ground_walk')"
      ],
"transformedParts": [
         {
           "part": "wires_right",
           "position": [0, 0, 0],
           "rotation": [0, 0, 0],
           "isVisible": false
         },
         {
           "part": "wires_left",
           "position": [0, 0, 0],
           "rotation": [0, 0, 0],
           "isVisible": false
         },
         {
           "part": "fire_crest_end_fire",
           "position": [0, 0, 0],
           "rotation": [0, 0, 0],
           "isVisible": false
         },
         {
           "part": "wing_fire",
           "position": [0, 0, 0],
           "rotation": [0, 0, 0],
           "isVisible": false
         },
         {
           "part": "tailring_fire",
           "position": [0, 0, 0],
           "rotation": [0, 0, 0],
           "isVisible": false
         },
         {
           "part": "tail_flash2",
           "position": [0, 0, 0],
           "rotation": [0, 0, 0],
           "isVisible": false
         },
         {
           "part": "tail_flash_dim2",
           "position": [0, 0, 0],
           "rotation": [0, 0, 0],
           "isVisible": false
         },
         {
           "part": "tail_fire1",
           "position": [0, 0, 0],
           "rotation": [0, 0, 0],
           "isVisible": false
         },
         {
           "part": "tail_fire2",
           "position": [0, 0, 0],
           "rotation": [0, 0, 0],
           "isVisible": false
         },
         {
           "part": "tail_fire3",
           "position": [0, 0, 0],
           "rotation": [0, 0, 0],
           "isVisible": false
         },
         {
           "part": "tail_fire4",
           "position": [0, 0, 0],
           "rotation": [0, 0, 0],
           "isVisible": false
         }
      ]
    },
    "float": {
      "poseTypes": ["FLOAT"],
      "animations": ["q.look('neck2', 1, 1, 45, -20, 45)",
        "q.bedrock('pokemans_kyurem_white', 'ground_walk')"
      ],
"transformedParts": [
         {
           "part": "wires_right",
           "position": [0, 0, 0],
           "rotation": [0, 0, 0],
           "isVisible": false
         },
         {
           "part": "wires_left",
           "position": [0, 0, 0],
           "rotation": [0, 0, 0],
           "isVisible": false
         },
         {
           "part": "fire_crest_end_fire",
           "position": [0, 0, 0],
           "rotation": [0, 0, 0],
           "isVisible": false
         },
         {
           "part": "wing_fire",
           "position": [0, 0, 0],
           "rotation": [0, 0, 0],
           "isVisible": false
         },
         {
           "part": "tailring_fire",
           "position": [0, 0, 0],
           "rotation": [0, 0, 0],
           "isVisible": false
         },
         {
           "part": "tail_flash2",
           "position": [0, 0, 0],
           "rotation": [0, 0, 0],
           "isVisible": false
         },
         {
           "part": "tail_flash_dim2",
           "position": [0, 0, 0],
           "rotation": [0, 0, 0],
           "isVisible": false
         },
         {
           "part": "tail_fire1",
           "position": [0, 0, 0],
           "rotation": [0, 0, 0],
           "isVisible": false
         },
         {
           "part": "tail_fire2",
           "position": [0, 0, 0],
           "rotation": [0, 0, 0],
           "isVisible": false
         },
         {
           "part": "tail_fire3",
           "position": [0, 0, 0],
           "rotation": [0, 0, 0],
           "isVisible": false
         },
         {
           "part": "tail_fire4",
           "position": [0, 0, 0],
           "rotation": [0, 0, 0],
           "isVisible": false
         }
      ]
    },
    "swim": {
      "poseTypes": ["SWIM"],
      "animations": ["q.look('neck2', 1, 1, 45, -20, 45)",
        "q.bedrock('pokemans_kyurem_white', 'ground_walk')"
      ],
"transformedParts": [
         {
           "part": "wires_right",
           "position": [0, 0, 0],
           "rotation": [0, 0, 0],
           "isVisible": false
         },
         {
           "part": "wires_left",
           "position": [0, 0, 0],
           "rotation": [0, 0, 0],
           "isVisible": false
         },
         {
           "part": "fire_crest_end_fire",
           "position": [0, 0, 0],
           "rotation": [0, 0, 0],
           "isVisible": false
         },
         {
           "part": "wing_fire",
           "position": [0, 0, 0],
           "rotation": [0, 0, 0],
           "isVisible": false
         },
         {
           "part": "tailring_fire",
           "position": [0, 0, 0],
           "rotation": [0, 0, 0],
           "isVisible": false
         },
         {
           "part": "tail_flash2",
           "position": [0, 0, 0],
           "rotation": [0, 0, 0],
           "isVisible": false
         },
         {
           "part": "tail_flash_dim2",
           "position": [0, 0, 0],
           "rotation": [0, 0, 0],
           "isVisible": false
         },
         {
           "part": "tail_fire1",
           "position": [0, 0, 0],
           "rotation": [0, 0, 0],
           "isVisible": false
         },
         {
           "part": "tail_fire2",
           "position": [0, 0, 0],
           "rotation": [0, 0, 0],
           "isVisible": false
         },
         {
           "part": "tail_fire3",
           "position": [0, 0, 0],
           "rotation": [0, 0, 0],
           "isVisible": false
         },
         {
           "part": "tail_fire4",
           "position": [0, 0, 0],
           "rotation": [0, 0, 0],
           "isVisible": false
         }
      ]
    },
    "hover": {
      "poseTypes": ["HOVER"],
      "animations": ["q.look('neck2', 1, 1, 45, -20, 45)",
        "q.bedrock('pokemans_kyurem_white', 'ground_walk')"
      ],
"transformedParts": [
         {
           "part": "wires_right",
           "position": [0, 0, 0],
           "rotation": [0, 0, 0],
           "isVisible": false
         },
         {
           "part": "wires_left",
           "position": [0, 0, 0],
           "rotation": [0, 0, 0],
           "isVisible": false
         },
         {
           "part": "fire_crest_end_fire",
           "position": [0, 0, 0],
           "rotation": [0, 0, 0],
           "isVisible": false
         },
         {
           "part": "wing_fire",
           "position": [0, 0, 0],
           "rotation": [0, 0, 0],
           "isVisible": false
         },
         {
           "part": "tailring_fire",
           "position": [0, 0, 0],
           "rotation": [0, 0, 0],
           "isVisible": false
         },
         {
           "part": "tail_flash2",
           "position": [0, 0, 0],
           "rotation": [0, 0, 0],
           "isVisible": false
         },
         {
           "part": "tail_flash_dim2",
           "position": [0, 0, 0],
           "rotation": [0, 0, 0],
           "isVisible": false
         },
         {
           "part": "tail_fire1",
           "position": [0, 0, 0],
           "rotation": [0, 0, 0],
           "isVisible": false
         },
         {
           "part": "tail_fire2",
           "position": [0, 0, 0],
           "rotation": [0, 0, 0],
           "isVisible": false
         },
         {
           "part": "tail_fire3",
           "position": [0, 0, 0],
           "rotation": [0, 0, 0],
           "isVisible": false
         },
         {
           "part": "tail_fire4",
           "position": [0, 0, 0],
           "rotation": [0, 0, 0],
           "isVisible": false
         }
      ]
    },
    "fly": {
      "poseTypes": ["FLY"],
      "animations": ["q.look('neck2', 1, 1, 45, -20, 45)",
        "q.bedrock('pokemans_kyurem_white', 'ground_walk')"
      ],
"transformedParts": [
         {
           "part": "wires_right",
           "position": [0, 0, 0],
           "rotation": [0, 0, 0],
           "isVisible": false
         },
         {
           "part": "wires_left",
           "position": [0, 0, 0],
           "rotation": [0, 0, 0],
           "isVisible": false
         },
         {
           "part": "fire_crest_end_fire",
           "position": [0, 0, 0],
           "rotation": [0, 0, 0],
           "isVisible": false
         },
         {
           "part": "wing_fire",
           "position": [0, 0, 0],
           "rotation": [0, 0, 0],
           "isVisible": false
         },
         {
           "part": "tailring_fire",
           "position": [0, 0, 0],
           "rotation": [0, 0, 0],
           "isVisible": false
         },
         {
           "part": "tail_flash2",
           "position": [0, 0, 0],
           "rotation": [0, 0, 0],
           "isVisible": false
         },
         {
           "part": "tail_flash_dim2",
           "position": [0, 0, 0],
           "rotation": [0, 0, 0],
           "isVisible": false
         },
         {
           "part": "tail_fire1",
           "position": [0, 0, 0],
           "rotation": [0, 0, 0],
           "isVisible": false
         },
         {
           "part": "tail_fire2",
           "position": [0, 0, 0],
           "rotation": [0, 0, 0],
           "isVisible": false
         },
         {
           "part": "tail_fire3",
           "position": [0, 0, 0],
           "rotation": [0, 0, 0],
           "isVisible": false
         },
         {
           "part": "tail_fire4",
           "position": [0, 0, 0],
           "rotation": [0, 0, 0],
           "isVisible": false
         }
      ]
    },
    "sleep": {
      "poseTypes": ["SLEEP"],
      "animations": ["q.bedrock('pokemans_kyurem_white', 'sleep')"]
    }
  }
}