{
  "portraitScale": 1,
  "portraitTranslation": [-2, 2.7, -10],
  "profileScale": 0.35,
  "profileTranslation": [0, 1.3, -10],
  "animations": {
    "faint": "q.bedrock_primary('pokemans_kyurem_black', 'special_attack', q.curve('one'))",
    "cry": "q.bedrock_primary('pokemans_kyurem_black', 'cry', q.curve('symmetrical_wide'))",
    "recoil": "q.bedrock_stateful('pokemans_kyurem_black', 'recoil')",
    "physical": "q.bedrock_primary('pokemans_kyurem_black', 'physical_attack', q.curve('symmetrical_wide'))",
    "special": "q.bedrock_primary('pokemans_kyurem_black', 'special_attack', q.curve('symmetrical_wide'))",
    "status": "q.bedrock_primary('pokemans_kyurem_black', 'special_attack', q.curve('symmetrical_wide'))"
  },
  "poses": {
    "battle-standing": {
      "poseTypes": ["STAND"],
      "isBattle": true,
      "animations": ["q.look('neck2', 1, 1, 52.5, -10, 45)",
        "q.bedrock('pokemans_kyurem_black', 'battle_idle')"
      ]
    },
    "standing": {
      "poseTypes": ["STAND", "NONE", "PORTRAIT", "PROFILE"],
      "isBattle": false,
      "animations": ["q.look('neck2', 1, 1, 52.5, -10, 45)",
        "q.bedrock('pokemans_kyurem_black', 'ground_idle')"
      ]
    },
    "walking": {
      "poseTypes": ["WALK"],
      "animations": ["q.look('neck2', 1, 1, 52.5, -10, 45)",
        "q.bedrock('pokemans_kyurem_black', 'ground_walk')"
      ],
"transformedParts": [
         {
           "part": "topwire_right",
           "position": [0, 0, 0],
           "rotation": [0, 0, 0],
           "isVisible": false
         },
         {
           "part": "topwire_left",
           "position": [0, 0, 0],
           "rotation": [0, 0, 0],
           "isVisible": false
         },
         {
           "part": "bottomwire_right",
           "position": [0, 0, 0],
           "rotation": [0, 0, 0],
           "isVisible": false
         },
         {
           "part": "bottomwire_left",
           "position": [0, 0, 0],
           "rotation": [0, 0, 0],
           "isVisible": false
         },
         {
           "part": "bicep_flash",
           "position": [0, 0, 0],
           "rotation": [0, 0, 0],
           "isVisible": false
         },
         {
           "part": "bicep_on",
           "position": [0, 0, 0],
           "rotation": [0, 0, 0],
           "isVisible": false
         },
         {
           "part": "forearm_flash",
           "position": [0, 0, 0],
           "rotation": [0, 0, 0],
           "isVisible": false
         },
         {
           "part": "forearm_on",
           "position": [0, 0, 0],
           "rotation": [0, 0, 0],
           "isVisible": false
         },
         {
           "part": "hand_flash",
           "position": [0, 0, 0],
           "rotation": [0, 0, 0],
           "isVisible": false
         },
         {
           "part": "hand_on",
           "position": [0, 0, 0],
           "rotation": [0, 0, 0],
           "isVisible": false
         },
         {
           "part": "bumble_flash",
           "position": [0, 0, 0],
           "rotation": [0, 0, 0],
           "isVisible": false
         },
         {
           "part": "bumble_on",
           "position": [0, 0, 0],
           "rotation": [0, 0, 0],
           "isVisible": false
         },
         {
           "part": "bumble_flash2",
           "position": [0, 0, 0],
           "rotation": [0, 0, 0],
           "isVisible": false
         },
         {
           "part": "bumble_on2",
           "position": [0, 0, 0],
           "rotation": [0, 0, 0],
           "isVisible": false
         },
         {
           "part": "bumble_flash3",
           "position": [0, 0, 0],
           "rotation": [0, 0, 0],
           "isVisible": false
         },
         {
           "part": "bumble_on3",
           "position": [0, 0, 0],
           "rotation": [0, 0, 0],
           "isVisible": false
         },
         {
           "part": "crest_zek_flash",
           "position": [0, 0, 0],
           "rotation": [0, 0, 0],
           "isVisible": false
         },
         {
           "part": "tail_flash",
           "position": [0, 0, 0],
           "rotation": [0, 0, 0],
           "isVisible": false
         },
         {
           "part": "shoulder_flash",
           "position": [0, 0, 0],
           "rotation": [0, 0, 0],
           "isVisible": false
         },
         {
           "part": "bumble_flash4",
           "position": [0, 0, 0],
           "rotation": [0, 0, 0],
           "isVisible": false
         },
         {
           "part": "bumble_on4",
           "position": [0, 0, 0],
           "rotation": [0, 0, 0],
           "isVisible": false
         }
        ]
    },
    "float": {
      "poseTypes": ["FLOAT"],
      "animations": ["q.look('neck2', 1, 1, 52.5, -10, 45)",
        "q.bedrock('pokemans_kyurem_black', 'ground_walk')"
      ],
"transformedParts": [
         {
           "part": "topwire_right",
           "position": [0, 0, 0],
           "rotation": [0, 0, 0],
           "isVisible": false
         },
         {
           "part": "topwire_left",
           "position": [0, 0, 0],
           "rotation": [0, 0, 0],
           "isVisible": false
         },
         {
           "part": "bottomwire_right",
           "position": [0, 0, 0],
           "rotation": [0, 0, 0],
           "isVisible": false
         },
         {
           "part": "bottomwire_left",
           "position": [0, 0, 0],
           "rotation": [0, 0, 0],
           "isVisible": false
         },
         {
           "part": "bicep_flash",
           "position": [0, 0, 0],
           "rotation": [0, 0, 0],
           "isVisible": false
         },
         {
           "part": "bicep_on",
           "position": [0, 0, 0],
           "rotation": [0, 0, 0],
           "isVisible": false
         },
         {
           "part": "forearm_flash",
           "position": [0, 0, 0],
           "rotation": [0, 0, 0],
           "isVisible": false
         },
         {
           "part": "forearm_on",
           "position": [0, 0, 0],
           "rotation": [0, 0, 0],
           "isVisible": false
         },
         {
           "part": "hand_flash",
           "position": [0, 0, 0],
           "rotation": [0, 0, 0],
           "isVisible": false
         },
         {
           "part": "hand_on",
           "position": [0, 0, 0],
           "rotation": [0, 0, 0],
           "isVisible": false
         },
         {
           "part": "bumble_flash",
           "position": [0, 0, 0],
           "rotation": [0, 0, 0],
           "isVisible": false
         },
         {
           "part": "bumble_on",
           "position": [0, 0, 0],
           "rotation": [0, 0, 0],
           "isVisible": false
         },
         {
           "part": "bumble_flash2",
           "position": [0, 0, 0],
           "rotation": [0, 0, 0],
           "isVisible": false
         },
         {
           "part": "bumble_on2",
           "position": [0, 0, 0],
           "rotation": [0, 0, 0],
           "isVisible": false
         },
         {
           "part": "bumble_flash3",
           "position": [0, 0, 0],
           "rotation": [0, 0, 0],
           "isVisible": false
         },
         {
           "part": "bumble_on3",
           "position": [0, 0, 0],
           "rotation": [0, 0, 0],
           "isVisible": false
         },
         {
           "part": "crest_zek_flash",
           "position": [0, 0, 0],
           "rotation": [0, 0, 0],
           "isVisible": false
         },
         {
           "part": "tail_flash",
           "position": [0, 0, 0],
           "rotation": [0, 0, 0],
           "isVisible": false
         },
         {
           "part": "shoulder_flash",
           "position": [0, 0, 0],
           "rotation": [0, 0, 0],
           "isVisible": false
         },
         {
           "part": "bumble_flash4",
           "position": [0, 0, 0],
           "rotation": [0, 0, 0],
           "isVisible": false
         },
         {
           "part": "bumble_on4",
           "position": [0, 0, 0],
           "rotation": [0, 0, 0],
           "isVisible": false
         }
        ]
    },
    "swim": {
      "poseTypes": ["SWIM"],
      "animations": ["q.look('neck2', 1, 1, 52.5, -10, 45)",
        "q.bedrock('pokemans_kyurem_black', 'ground_walk')"
      ],
"transformedParts": [
         {
           "part": "topwire_right",
           "position": [0, 0, 0],
           "rotation": [0, 0, 0],
           "isVisible": false
         },
         {
           "part": "topwire_left",
           "position": [0, 0, 0],
           "rotation": [0, 0, 0],
           "isVisible": false
         },
         {
           "part": "bottomwire_right",
           "position": [0, 0, 0],
           "rotation": [0, 0, 0],
           "isVisible": false
         },
         {
           "part": "bottomwire_left",
           "position": [0, 0, 0],
           "rotation": [0, 0, 0],
           "isVisible": false
         },
         {
           "part": "bicep_flash",
           "position": [0, 0, 0],
           "rotation": [0, 0, 0],
           "isVisible": false
         },
         {
           "part": "bicep_on",
           "position": [0, 0, 0],
           "rotation": [0, 0, 0],
           "isVisible": false
         },
         {
           "part": "forearm_flash",
           "position": [0, 0, 0],
           "rotation": [0, 0, 0],
           "isVisible": false
         },
         {
           "part": "forearm_on",
           "position": [0, 0, 0],
           "rotation": [0, 0, 0],
           "isVisible": false
         },
         {
           "part": "hand_flash",
           "position": [0, 0, 0],
           "rotation": [0, 0, 0],
           "isVisible": false
         },
         {
           "part": "hand_on",
           "position": [0, 0, 0],
           "rotation": [0, 0, 0],
           "isVisible": false
         },
         {
           "part": "bumble_flash",
           "position": [0, 0, 0],
           "rotation": [0, 0, 0],
           "isVisible": false
         },
         {
           "part": "bumble_on",
           "position": [0, 0, 0],
           "rotation": [0, 0, 0],
           "isVisible": false
         },
         {
           "part": "bumble_flash2",
           "position": [0, 0, 0],
           "rotation": [0, 0, 0],
           "isVisible": false
         },
         {
           "part": "bumble_on2",
           "position": [0, 0, 0],
           "rotation": [0, 0, 0],
           "isVisible": false
         },
         {
           "part": "bumble_flash3",
           "position": [0, 0, 0],
           "rotation": [0, 0, 0],
           "isVisible": false
         },
         {
           "part": "bumble_on3",
           "position": [0, 0, 0],
           "rotation": [0, 0, 0],
           "isVisible": false
         },
         {
           "part": "crest_zek_flash",
           "position": [0, 0, 0],
           "rotation": [0, 0, 0],
           "isVisible": false
         },
         {
           "part": "tail_flash",
           "position": [0, 0, 0],
           "rotation": [0, 0, 0],
           "isVisible": false
         },
         {
           "part": "shoulder_flash",
           "position": [0, 0, 0],
           "rotation": [0, 0, 0],
           "isVisible": false
         },
         {
           "part": "bumble_flash4",
           "position": [0, 0, 0],
           "rotation": [0, 0, 0],
           "isVisible": false
         },
         {
           "part": "bumble_on4",
           "position": [0, 0, 0],
           "rotation": [0, 0, 0],
           "isVisible": false
         }
        ]
    },
    "hover": {
      "poseTypes": ["HOVER"],
      "animations": ["q.look('neck2', 1, 1, 52.5, -10, 45)",
        "q.bedrock('pokemans_kyurem_black', 'ground_walk')"
      ],
"transformedParts": [
         {
           "part": "topwire_right",
           "position": [0, 0, 0],
           "rotation": [0, 0, 0],
           "isVisible": false
         },
         {
           "part": "topwire_left",
           "position": [0, 0, 0],
           "rotation": [0, 0, 0],
           "isVisible": false
         },
         {
           "part": "bottomwire_right",
           "position": [0, 0, 0],
           "rotation": [0, 0, 0],
           "isVisible": false
         },
         {
           "part": "bottomwire_left",
           "position": [0, 0, 0],
           "rotation": [0, 0, 0],
           "isVisible": false
         },
         {
           "part": "bicep_flash",
           "position": [0, 0, 0],
           "rotation": [0, 0, 0],
           "isVisible": false
         },
         {
           "part": "bicep_on",
           "position": [0, 0, 0],
           "rotation": [0, 0, 0],
           "isVisible": false
         },
         {
           "part": "forearm_flash",
           "position": [0, 0, 0],
           "rotation": [0, 0, 0],
           "isVisible": false
         },
         {
           "part": "forearm_on",
           "position": [0, 0, 0],
           "rotation": [0, 0, 0],
           "isVisible": false
         },
         {
           "part": "hand_flash",
           "position": [0, 0, 0],
           "rotation": [0, 0, 0],
           "isVisible": false
         },
         {
           "part": "hand_on",
           "position": [0, 0, 0],
           "rotation": [0, 0, 0],
           "isVisible": false
         },
         {
           "part": "bumble_flash",
           "position": [0, 0, 0],
           "rotation": [0, 0, 0],
           "isVisible": false
         },
         {
           "part": "bumble_on",
           "position": [0, 0, 0],
           "rotation": [0, 0, 0],
           "isVisible": false
         },
         {
           "part": "bumble_flash2",
           "position": [0, 0, 0],
           "rotation": [0, 0, 0],
           "isVisible": false
         },
         {
           "part": "bumble_on2",
           "position": [0, 0, 0],
           "rotation": [0, 0, 0],
           "isVisible": false
         },
         {
           "part": "bumble_flash3",
           "position": [0, 0, 0],
           "rotation": [0, 0, 0],
           "isVisible": false
         },
         {
           "part": "bumble_on3",
           "position": [0, 0, 0],
           "rotation": [0, 0, 0],
           "isVisible": false
         },
         {
           "part": "crest_zek_flash",
           "position": [0, 0, 0],
           "rotation": [0, 0, 0],
           "isVisible": false
         },
         {
           "part": "tail_flash",
           "position": [0, 0, 0],
           "rotation": [0, 0, 0],
           "isVisible": false
         },
         {
           "part": "shoulder_flash",
           "position": [0, 0, 0],
           "rotation": [0, 0, 0],
           "isVisible": false
         },
         {
           "part": "bumble_flash4",
           "position": [0, 0, 0],
           "rotation": [0, 0, 0],
           "isVisible": false
         },
         {
           "part": "bumble_on4",
           "position": [0, 0, 0],
           "rotation": [0, 0, 0],
           "isVisible": false
         }
        ]
    },
    "fly": {
      "poseTypes": ["FLY"],
      "animations": ["q.look('neck2', 1, 1, 52.5, -10, 45)",
        "q.bedrock('pokemans_kyurem_black', 'ground_walk')"
      ],
"transformedParts": [
         {
           "part": "topwire_right",
           "position": [0, 0, 0],
           "rotation": [0, 0, 0],
           "isVisible": false
         },
         {
           "part": "topwire_left",
           "position": [0, 0, 0],
           "rotation": [0, 0, 0],
           "isVisible": false
         },
         {
           "part": "bottomwire_right",
           "position": [0, 0, 0],
           "rotation": [0, 0, 0],
           "isVisible": false
         },
         {
           "part": "bottomwire_left",
           "position": [0, 0, 0],
           "rotation": [0, 0, 0],
           "isVisible": false
         },
         {
           "part": "bicep_flash",
           "position": [0, 0, 0],
           "rotation": [0, 0, 0],
           "isVisible": false
         },
         {
           "part": "bicep_on",
           "position": [0, 0, 0],
           "rotation": [0, 0, 0],
           "isVisible": false
         },
         {
           "part": "forearm_flash",
           "position": [0, 0, 0],
           "rotation": [0, 0, 0],
           "isVisible": false
         },
         {
           "part": "forearm_on",
           "position": [0, 0, 0],
           "rotation": [0, 0, 0],
           "isVisible": false
         },
         {
           "part": "hand_flash",
           "position": [0, 0, 0],
           "rotation": [0, 0, 0],
           "isVisible": false
         },
         {
           "part": "hand_on",
           "position": [0, 0, 0],
           "rotation": [0, 0, 0],
           "isVisible": false
         },
         {
           "part": "bumble_flash",
           "position": [0, 0, 0],
           "rotation": [0, 0, 0],
           "isVisible": false
         },
         {
           "part": "bumble_on",
           "position": [0, 0, 0],
           "rotation": [0, 0, 0],
           "isVisible": false
         },
         {
           "part": "bumble_flash2",
           "position": [0, 0, 0],
           "rotation": [0, 0, 0],
           "isVisible": false
         },
         {
           "part": "bumble_on2",
           "position": [0, 0, 0],
           "rotation": [0, 0, 0],
           "isVisible": false
         },
         {
           "part": "bumble_flash3",
           "position": [0, 0, 0],
           "rotation": [0, 0, 0],
           "isVisible": false
         },
         {
           "part": "bumble_on3",
           "position": [0, 0, 0],
           "rotation": [0, 0, 0],
           "isVisible": false
         },
         {
           "part": "crest_zek_flash",
           "position": [0, 0, 0],
           "rotation": [0, 0, 0],
           "isVisible": false
         },
         {
           "part": "tail_flash",
           "position": [0, 0, 0],
           "rotation": [0, 0, 0],
           "isVisible": false
         },
         {
           "part": "shoulder_flash",
           "position": [0, 0, 0],
           "rotation": [0, 0, 0],
           "isVisible": false
         },
         {
           "part": "bumble_flash4",
           "position": [0, 0, 0],
           "rotation": [0, 0, 0],
           "isVisible": false
         },
         {
           "part": "bumble_on4",
           "position": [0, 0, 0],
           "rotation": [0, 0, 0],
           "isVisible": false
         },
         {
           "part": "bumble_flash4",
           "position": [0, 0, 0],
           "rotation": [0, 0, 0],
           "isVisible": false
         },
         {
           "part": "bumble_on4",
           "position": [0, 0, 0],
           "rotation": [0, 0, 0],
           "isVisible": false
         }
        ]
    },
    "sleep": {
      "poseTypes": ["SLEEP"],
      "animations": ["q.bedrock('pokemans_kyurem_black', 'sleep')"]
    }
  }
}