{
  "portraitScale": 1,
  "portraitTranslation": [0, 2.3, 0],
  "profileScale": 0.5,
  "profileTranslation": [0, 1.4, 0],
  "animations": {
    "cry": "q.bedrock_stateful('pokemans_thundurus_therian', 'cry', q.curve('symmetrical_wide'))",
    "physical": "q.bedrock_stateful('pokemans_thundurus_therian', 'physical_attack', q.curve('symmetrical_wide'))",
    "special": "q.bedrock_stateful('pokemans_thundurus_therian', 'physical_attack', q.curve('symmetrical_wide'))",
    "status": "q.bedrock_stateful('pokemans_thundurus_therian', 'cry', q.curve('symmetrical_wide'))"
  },
  "poses": {
    "battle-standing": {
      "poseTypes": ["STAND", "PORTRAIT", "PROFILE"],
      "isBattle": true,
      "animations": ["look",
        "q.bedrock('pokemans_thundurus_therian', 'battle_idle')"
      ],
      "quirks": [
        "q.bedrock_quirk('pokemans_thundurus_therian', 'blink')"
      ]
    },
    "standing": {
      "poseTypes": ["STAND", "NONE"],
      "isBattle": false,
      "animations": ["look",
        "q.bedrock('pokemans_thundurus_therian', 'ground_idle')"
      ],
      "quirks": [
        "q.bedrock_quirk('pokemans_thundurus_therian', 'blink')"
      ]
    },
    "walking": {
      "poseTypes": ["WALK"],
      "animations": ["look",
        "q.bedrock('pokemans_thundurus_therian', 'ground_walk')"
      ],
      "quirks": ["q.bedrock_quirk('pokemans_thundurus_therian', 'blink')"]
    },
    "float": {
      "poseTypes": ["FLOAT"],
      "animations": [
        "q.bedrock('pokemans_thundurus_therian', 'ground_idle')"
      ],
      "quirks": ["q.bedrock_quirk('pokemans_thundurus_therian', 'blink')"]
    },
    "swim": {
      "poseTypes": ["SWIM"],
      "animations": [
        "q.bedrock('pokemans_thundurus_therian', 'ground_walk')"
      ],
      "quirks": ["q.bedrock_quirk('pokemans_thundurus_therian', 'blink')"]
    },
      "hovering": {
        "poseName": "hovering",
        "transformTicks": 10,
        "poseTypes": [
          "HOVER"
        ],
        "animations": [
          "bedrock(pokemans_thundurus_therian, ground_idle)"
        ],
        "quirks": [
          {
            "name": "blink",
            "animations": [
              "bedrock(pokemans_thundurus_therian, blink)"
            ]
          }
        ]
      },
      "flying": {
        "poseName": "flying",
        "transformTicks": 10,
        "poseTypes": [
          "FLY"
        ],
        "animations": [
          "bedrock(pokemans_thundurus_therian, ground_walk)"
        ],
        "quirks": [
          {
            "name": "blink",
            "animations": [
              "bedrock(pokemans_thundurus_therian, blink)"
            ]
          }
        ]
      }
  }
}