{
 "head": "head",
 "portraitScale": 1,
 "portraitTranslation": [ 0, 1, 0 ],
 "profileScale": 0.7,
 "profileTranslation": [ 0, 1, 0 ],
 "animations": {
  "cry": "q.bedrock_stateful('pokemans_typenull', 'cry')"
},
 "poses": {
  "battle-standing": {
    "poseTypes": ["STAND"],
    "isBattle": true,
    "animations": [
     "q.look('head', 1, 1, 45, -45, 70, -70)",
      "q.bedrock('pokemans_typenull', 'battle_idle')"
    ]
  },
  "standing": {
    "poseTypes": ["STAND", "NONE", "PORTRAIT", "PROFILE"],
    "isBattle": false,
    "animations": ["look",
      "q.bedrock('pokemans_typenull', 'ground_idle')"
    ],
    "quirks": [
      "q.bedrock_quirk('pokemans_typenull', 'blink')"
    ]
  },
  "walking": {
    "poseTypes": ["WALK"],
    "animations": ["look",
      "q.bedrock('pokemans_typenull', 'ground_walk')"
    ],
    "quirks": ["q.bedrock_quirk('pokemans_typenull', 'blink')"]
  },
  "float": {
    "poseTypes": ["FLOAT"],
    "animations": [
      "q.bedrock('pokemans_typenull', 'ground_idle')"
    ],
    "quirks": ["q.bedrock_quirk('pokemans_typenull', 'blink')"]
  },
  "swim": {
    "poseTypes": ["SWIM"],
    "animations": [
      "q.bedrock('pokemans_typenull', 'ground_walk')"
    ],
    "quirks": ["q.bedrock_quirk('pokemans_typenull', 'blink')"]
  }
 }
}