{
	"format_version": "1.8.0",
	"animations": {
		"animation.pokemans_thundurus_therian.pose": {
			"loop": true,
			"bones": {
				"mask_must_right2": {
					"rotation": [0, 0, -25]
				},
				"mask_must_right3": {
					"rotation": [0, 0, 30]
				},
				"mask_must_right4": {
					"rotation": [0, 0, -17.5]
				},
				"mask_must_left2": {
					"rotation": [0, 0, 25]
				},
				"mask_must_left3": {
					"rotation": [0, 0, -30]
				},
				"mask_must_left4": {
					"rotation": [0, 0, 17.5]
				},
				"arm_right": {
					"rotation": [14.04803, -30.93394, 8.77703]
				},
				"arm_right2": {
					"rotation": [0, 15, 25]
				},
				"arm_right3": {
					"rotation": [-95.92092, 64.03369, -20.23306]
				},
				"arm_right4": {
					"rotation": [-7.5, 0, 0]
				},
				"arm_right5": {
					"rotation": [0, 0, 22.5]
				},
				"head": {
					"rotation": [-2.5, 0, 0]
				},
				"head_cloud": {
					"rotation": [2.5, 0, 0]
				},
				"arm_right_cloud": {
					"rotation": [0, 0, 12.5]
				},
				"arm_right_cloud2": {
					"rotation": [5.72511, -29.4987, -11.50839]
				},
				"arm_right_cloud3": {
					"rotation": [-11.23272, 36.01651, -18.66201]
				},
				"arm_right_cloud4": {
					"rotation": [0, -27.5, 0]
				},
				"fingers_right": {
					"rotation": [0, 0, 14]
				},
				"finger_2_1_right": {
					"rotation": [0, 0, 17.5]
				},
				"finger_3_1_right": {
					"rotation": [0, 0, 25]
				},
				"lowbody2": {
					"rotation": [32.5, 0, 0]
				},
				"lowbody3": {
					"rotation": [30, 0, 0]
				},
				"leg_right4": {
					"rotation": [-2.5, 0, 0]
				},
				"leg_right3": {
					"rotation": [-17.5, 0, 0]
				},
				"leg_right2": {
					"rotation": [30, 0, 0]
				},
				"leg_right": {
					"rotation": [-85, 0, 0]
				},
				"toe_right1": {
					"rotation": [19.9299, 1.70818, -4.69986]
				},
				"toe_right1_1": {
					"rotation": [60, 0, 0]
				},
				"toe_right1_2": {
					"rotation": [35, 0, 0]
				},
				"toe_right2": {
					"rotation": [20, 0, 0]
				},
				"toe_right2_1": {
					"rotation": [60, 0, 0]
				},
				"toe_right2_2": {
					"rotation": [35, 0, 0]
				},
				"toe_right3": {
					"rotation": [19.9299, -1.70818, 4.69986]
				},
				"toe_right3_1": {
					"rotation": [60, 0, 0]
				},
				"toe_right3_2": {
					"rotation": [35, 0, 0]
				},
				"leg_left": {
					"rotation": [-85, 0, 0]
				},
				"leg_left2": {
					"rotation": [30, 0, 0]
				},
				"leg_left3": {
					"rotation": [-17.5, 0, 0]
				},
				"leg_left4": {
					"rotation": [-2.5, 0, 0]
				},
				"toe_left1": {
					"rotation": [19.9299, 1.70818, -4.69986]
				},
				"toe_left1_1": {
					"rotation": [60, 0, 0]
				},
				"toe_left1_2": {
					"rotation": [35, 0, 0]
				},
				"toe_left2": {
					"rotation": [20, 0, 0]
				},
				"toe_left2_1": {
					"rotation": [60, 0, 0]
				},
				"toe_left2_2": {
					"rotation": [35, 0, 0]
				},
				"toe_left3": {
					"rotation": [19.9299, -1.70818, 4.69986]
				},
				"toe_left3_1": {
					"rotation": [60, 0, 0]
				},
				"toe_left3_2": {
					"rotation": [35, 0, 0]
				},
				"tail": {
					"rotation": [47.5, 0, 0]
				},
				"tail2": {
					"rotation": [-17.5, 0, 0]
				},
				"tail3": {
					"rotation": [-15, 0, 0]
				},
				"tail4": {
					"rotation": [-13.2593, -21.66818, -5.26519]
				},
				"tail6": {
					"rotation": [0.0872, -7.23017, -14.60513]
				},
				"tail14": {
					"rotation": [0, 0, -7.5]
				},
				"tail13": {
					"rotation": [2.5, 0, -27.5]
				},
				"tail12": {
					"rotation": [-37.5, 0, 0]
				},
				"tail11": {
					"rotation": [0, 0, -22.5]
				},
				"tail10": {
					"rotation": [-17.5, 0, -20]
				},
				"tail9": {
					"rotation": [-12.5, 0, -17.5]
				},
				"tail8": {
					"rotation": [-17.25002, 2.99318, -10.45411]
				},
				"tail7": {
					"rotation": [-12.31594, 2.15393, -15.23242]
				},
				"tail5": {
					"rotation": [-7.5, 0, 0]
				},
				"finger_1_1_right": {
					"rotation": [0, 0, 25]
				},
				"arm_left": {
					"rotation": [14.04803, 30.93394, -8.77703]
				},
				"arm_left2": {
					"rotation": [0, -15, -25]
				},
				"arm_left3": {
					"rotation": [-95.92092, -64.03369, 20.23306]
				},
				"arm_left4": {
					"rotation": [-7.5, 0, 0]
				},
				"arm_left5": {
					"rotation": [0, 0, -22.5]
				},
				"fingers_left": {
					"rotation": [0, 0, 14]
				},
				"finger_1_1_left": {
					"rotation": [0, 0, 25]
				},
				"finger_2_1_left": {
					"rotation": [0, 0, 17.5]
				},
				"finger_3_1_left": {
					"rotation": [0, 0, -25]
				},
				"arm_left_cloud": {
					"rotation": [0, 0, -12.5]
				},
				"arm_left_cloud2": {
					"rotation": [5.72511, 29.4987, 11.50839]
				},
				"arm_left_cloud3": {
					"rotation": [-11.23272, -36.01651, 18.66201]
				},
				"arm_left_cloud4": {
					"rotation": [0, 27.5, 0]
				}
			}
		},
		"animation.pokemans_thundurus_therian.ground_walk": {
			"loop": true,
			"bones": {
				"mask_must_right2": {
					"rotation": [0, "0+math.sin(q.anim_time*120*1-360)*14", "-25+math.cos(q.anim_time*120*1-280)*4"]
				},
				"mask_must_right3": {
					"rotation": [0, "10+math.sin(q.anim_time*120*1-400)*16", "30+math.cos(q.anim_time*120*1-320)*6"]
				},
				"mask_must_right4": {
					"rotation": [0, "0+math.sin(q.anim_time*120*1-440)*18", "-17.5+math.cos(q.anim_time*120*1-360)*8"]
				},
				"mask_must_left2": {
					"rotation": [0, "0+math.sin(q.anim_time*120*1-360)*-14", "25+math.cos(q.anim_time*120*1-280)*-4"]
				},
				"mask_must_left3": {
					"rotation": [0, "-10+math.sin(q.anim_time*120*1-400)*-16", "-30+math.cos(q.anim_time*120*1-320)*-6"]
				},
				"mask_must_left4": {
					"rotation": [0, "0+math.sin(q.anim_time*120*1-440)*-18", "17.5+math.cos(q.anim_time*120*1-360)*-8"]
				},
				"arm_right": {
					"rotation": [4.60659, -14.2906, "31.9221+math.sin(q.anim_time*120*1)*5"]
				},
				"arm_right2": {
					"rotation": [-2.00307, 14.8687, 17.2386],
					"position": [-1, 0.42, 0]
				},
				"arm_right3": {
					"rotation": [-80.91835, 27.22817, -2.48687]
				},
				"arm_right4": {
					"rotation": [7.50706, -0.32621, -2.47864]
				},
				"arm_right5": {
					"rotation": [0, 0, 40]
				},
				"head": {
					"rotation": ["math.cos(q.anim_time*120*1-160)*-5", 0, 0]
				},
				"head_cloud": {
					"rotation": ["5+math.sin(q.anim_time*120*1-320)*12", 0, 0]
				},
				"arm_right_cloud": {
					"rotation": [0, "-20+math.sin(q.anim_time*120*1-320)*12", "22.5+math.cos(q.anim_time*120*1-240)*2"]
				},
				"arm_right_cloud2": {
					"rotation": [0, "0+math.sin(q.anim_time*120*1-360)*14", "0+math.cos(q.anim_time*120*1-280)*4"]
				},
				"arm_right_cloud3": {
					"rotation": [0, "0+math.sin(q.anim_time*120*1-400)*16", "0+math.cos(q.anim_time*120*1-320)*6"]
				},
				"arm_right_cloud4": {
					"rotation": [0, "0+math.sin(q.anim_time*120*1-440)*18", "0+math.cos(q.anim_time*120*1-360)*8"]
				},
				"fingers_right": {
					"rotation": [0, 0, 14]
				},
				"finger_2_1_right": {
					"rotation": [0, 0, 17.5]
				},
				"finger_3_1_right": {
					"rotation": [0, 0, 25]
				},
				"lowbody2": {
					"rotation": [32.5, 0, 0]
				},
				"lowbody3": {
					"rotation": [30, 0, 0]
				},
				"leg_right4": {
					"rotation": ["20+math.sin(q.anim_time*120*1)*15", 0, 0]
				},
				"leg_right3": {
					"rotation": [-10, 0, 0]
				},
				"leg_right2": {
					"rotation": [7.5, 0, 0]
				},
				"leg_right": {
					"rotation": ["-100.1014910507+math.sin(q.anim_time*120*1)*5", "-11.012493687+math.sin(q.anim_time*120*1)*5", 9.56346]
				},
				"toe_right1": {
					"rotation": [19.9299, 1.70818, -4.69986]
				},
				"toe_right1_1": {
					"rotation": [60, 0, 0]
				},
				"toe_right1_2": {
					"rotation": [35, 0, 0]
				},
				"toe_right2": {
					"rotation": [20, 0, 0]
				},
				"toe_right2_1": {
					"rotation": [60, 0, 0]
				},
				"toe_right2_2": {
					"rotation": [35, 0, 0]
				},
				"toe_right3": {
					"rotation": [19.9299, -1.70818, 4.69986]
				},
				"toe_right3_1": {
					"rotation": [60, 0, 0]
				},
				"toe_right3_2": {
					"rotation": [35, 0, 0]
				},
				"leg_left": {
					"rotation": ["-100.1014910507+math.sin(q.anim_time*120*1)*5", "11.012493687+math.sin(q.anim_time*120*1)*5", -9.56346]
				},
				"leg_left2": {
					"rotation": [7.5, 0, 0]
				},
				"leg_left3": {
					"rotation": [-10, 0, 0]
				},
				"leg_left4": {
					"rotation": ["20+math.sin(q.anim_time*120*1)*15", 0, 0]
				},
				"toe_left1": {
					"rotation": [19.9299, 1.70818, -4.69986]
				},
				"toe_left1_1": {
					"rotation": [60, 0, 0]
				},
				"toe_left1_2": {
					"rotation": [35, 0, 0]
				},
				"toe_left2": {
					"rotation": [20, 0, 0]
				},
				"toe_left2_1": {
					"rotation": [60, 0, 0]
				},
				"toe_left2_2": {
					"rotation": [35, 0, 0]
				},
				"toe_left3": {
					"rotation": [19.9299, -1.70818, 4.69986]
				},
				"toe_left3_1": {
					"rotation": [60, 0, 0]
				},
				"toe_left3_2": {
					"rotation": [35, 0, 0]
				},
				"tail": {
					"rotation": [15, 0, "0+math.sin(q.anim_time*120*1-200)*6"]
				},
				"tail2": {
					"rotation": ["2.5+math.sin(q.anim_time*90*1-280)*4", 0, "math.sin(q.anim_time*120*1-240)*8"]
				},
				"tail3": {
					"rotation": [0, 0, "0+math.sin(q.anim_time*120*1-280)*10"]
				},
				"tail4": {
					"rotation": [0, 0, "0+math.sin(q.anim_time*120*1-320)*12"]
				},
				"tail6": {
					"rotation": [0, 0, "0+math.sin(q.anim_time*120*1-400)*16"]
				},
				"tail14": {
					"rotation": [0, 0, "0+math.sin(q.anim_time*120*1-720)*32"]
				},
				"tail13": {
					"rotation": [0, 0, "0+math.sin(q.anim_time*120*1-680)*30"]
				},
				"tail12": {
					"rotation": [0, 0, "0+math.sin(q.anim_time*120*1-640)*28"]
				},
				"tail11": {
					"rotation": [0, 0, "0+math.sin(q.anim_time*120*1-600)*26"]
				},
				"tail10": {
					"rotation": [0, 0, "0+math.sin(q.anim_time*120*1-560)*24"]
				},
				"tail9": {
					"rotation": [0, 0, "0+math.sin(q.anim_time*120*1-520)*22"]
				},
				"tail8": {
					"rotation": [0, 0, "0+math.sin(q.anim_time*120*1-480)*20"]
				},
				"tail7": {
					"rotation": [0, 0, "0+math.sin(q.anim_time*120*1-440)*18"]
				},
				"tail5": {
					"rotation": ["0+math.sin(q.anim_time*90*1-360)*8", 0, "0+math.sin(q.anim_time*120*1-360)*14"]
				},
				"finger_1_1_right": {
					"rotation": [0, 0, 25]
				},
				"arm_left": {
					"rotation": [4.60659, 14.2906, "-31.9221+math.sin(q.anim_time*120*1)*-5"]
				},
				"arm_left2": {
					"rotation": [-2.00307, -14.8687, -17.2386],
					"position": [1, 0.42, 0]
				},
				"arm_left3": {
					"rotation": [-83.50644, -27.90627, 8.07565]
				},
				"arm_left4": {
					"rotation": [7.53915, 5.28323, 3.13385]
				},
				"arm_left5": {
					"rotation": [0, 0, -40]
				},
				"fingers_left": {
					"rotation": [0, 0, 14]
				},
				"finger_1_1_left": {
					"rotation": [0, 0, 25]
				},
				"finger_2_1_left": {
					"rotation": [0, 0, 17.5]
				},
				"finger_3_1_left": {
					"rotation": [0, 0, -25]
				},
				"arm_left_cloud": {
					"rotation": [0, "20+math.sin(q.anim_time*120*1-320)*-12", "-22.5+math.cos(q.anim_time*120*1-240)*-2"]
				},
				"arm_left_cloud2": {
					"rotation": [0, "0+math.sin(q.anim_time*120*1-360)*-14", "0+math.cos(q.anim_time*120*1-280)*-4"]
				},
				"arm_left_cloud3": {
					"rotation": [0, "0+math.sin(q.anim_time*120*1-400)*-16", "0+math.cos(q.anim_time*120*1-320)*-6"]
				},
				"arm_left_cloud4": {
					"rotation": [0, "0+math.sin(q.anim_time*120*1-440)*-18", "0+math.cos(q.anim_time*120*1-360)*-8"]
				},
				"body": {
					"rotation": ["12.5+math.sin(q.anim_time*120*1-160)*4", 0, 0],
					"position": [0, "0+math.sin(q.anim_time*120*1-40)*5", 0]
				},
				"chest": {
					"rotation": ["5+math.sin(q.anim_time*120*1-160)*2", 0, 0],
					"position": [0, "0+math.sin(q.anim_time*120*1-40)*0.3", 0]
				},
				"head_cloud2": {
					"rotation": ["math.sin(q.anim_time*120*1-360)*2", 0, 0]
				},
				"head_cloud3": {
					"rotation": ["math.sin(q.anim_time*120*1-400)*4", 0, 0]
				},
				"head_cloud4": {
					"rotation": ["-2.5+math.sin(q.anim_time*120*1-440)*6", 0, 0]
				},
				"head_cloud5": {
					"rotation": ["2.5+math.sin(q.anim_time*120*1-480)*8", 0, 0]
				},
				"head_cloud6": {
					"rotation": ["5+math.sin(q.anim_time*120*1-520)*10", 0, 0]
				},
				"head_cloud7": {
					"rotation": ["-10+math.sin(q.anim_time*120*1-560)*8", 0, 0]
				},
				"head_cloud8": {
					"rotation": ["-15+math.sin(q.anim_time*120*1-600)*10", 0, 0]
				},
				"mask_must_right": {
					"rotation": [-1.78108, "6.6+math.sin(q.anim_time*120*1-360)*4", "-7.7246+math.cos(q.anim_time*120*1-240)*2"]
				},
				"mask_must_left": {
					"rotation": [1.78108, "-6.6+math.sin(q.anim_time*120*1-360)*-4", "7.7246+math.cos(q.anim_time*120*1-240)*-2"]
				}
			}
		},
		"animation.pokemans_thundurus_therian.ground_idle": {
			"loop": true,
			"bones": {
				"mask_must_right2": {
					"rotation": [0, "0+math.sin(q.anim_time*120*1-360)*14", "-25+math.cos(q.anim_time*120*1-280)*4"]
				},
				"mask_must_right3": {
					"rotation": [0, "10+math.sin(q.anim_time*120*1-400)*16", "30+math.cos(q.anim_time*120*1-320)*6"]
				},
				"mask_must_right4": {
					"rotation": [0, "0+math.sin(q.anim_time*120*1-440)*18", "-17.5+math.cos(q.anim_time*120*1-360)*8"]
				},
				"mask_must_left2": {
					"rotation": [0, "0+math.sin(q.anim_time*120*1-360)*-14", "25+math.cos(q.anim_time*120*1-280)*-4"]
				},
				"mask_must_left3": {
					"rotation": [0, "-10+math.sin(q.anim_time*120*1-400)*-16", "-30+math.cos(q.anim_time*120*1-320)*-6"]
				},
				"mask_must_left4": {
					"rotation": [0, "0+math.sin(q.anim_time*120*1-440)*-18", "17.5+math.cos(q.anim_time*120*1-360)*-8"]
				},
				"arm_right": {
					"rotation": [4.60659, -14.2906, "31.9221+math.sin(q.anim_time*120*1)*5"]
				},
				"arm_right2": {
					"rotation": [-4.60659, 14.2906, 6.92221],
					"position": [-1, 0.42, 0]
				},
				"arm_right3": {
					"rotation": [-80.91835, 27.22817, -2.48687]
				},
				"arm_right4": {
					"rotation": [7.50706, -0.32621, -2.47864]
				},
				"arm_right5": {
					"rotation": [0, 0, 40]
				},
				"head": {
					"rotation": ["7+math.cos(q.anim_time*120*1-160)*2", 0, 0]
				},
				"head_cloud": {
					"rotation": ["5+math.sin(q.anim_time*120*1-320)*12", 0, 0]
				},
				"arm_right_cloud": {
					"rotation": [0, "-20+math.sin(q.anim_time*120*1-320)*12", "22.5+math.cos(q.anim_time*120*1-240)*2"]
				},
				"arm_right_cloud2": {
					"rotation": [0, "0+math.sin(q.anim_time*120*1-360)*14", "0+math.cos(q.anim_time*120*1-280)*4"]
				},
				"arm_right_cloud3": {
					"rotation": [0, "0+math.sin(q.anim_time*120*1-400)*16", "0+math.cos(q.anim_time*120*1-320)*6"]
				},
				"arm_right_cloud4": {
					"rotation": [0, "0+math.sin(q.anim_time*120*1-440)*18", "0+math.cos(q.anim_time*120*1-360)*8"]
				},
				"fingers_right": {
					"rotation": [0, 0, 14]
				},
				"finger_2_1_right": {
					"rotation": [0, 0, 17.5]
				},
				"finger_3_1_right": {
					"rotation": [0, 0, 25]
				},
				"lowbody2": {
					"rotation": [32.5, 0, 0]
				},
				"lowbody3": {
					"rotation": [30, 0, 0]
				},
				"leg_right4": {
					"rotation": ["20+math.sin(q.anim_time*120*1)*15", 0, 0]
				},
				"leg_right3": {
					"rotation": [0, 0, 0]
				},
				"leg_right2": {
					"rotation": [-15, 0, 0]
				},
				"leg_right": {
					"rotation": ["-122.6015+math.sin(q.anim_time*120*1)*5", "-11.0125+math.sin(q.anim_time*120*1)*5", 9.56346]
				},
				"toe_right1": {
					"rotation": [19.9299, 1.70818, -4.69986]
				},
				"toe_right1_1": {
					"rotation": [60, 0, 0]
				},
				"toe_right1_2": {
					"rotation": [35, 0, 0]
				},
				"toe_right2": {
					"rotation": [20, 0, 0]
				},
				"toe_right2_1": {
					"rotation": [60, 0, 0]
				},
				"toe_right2_2": {
					"rotation": [35, 0, 0]
				},
				"toe_right3": {
					"rotation": [19.9299, -1.70818, 4.69986]
				},
				"toe_right3_1": {
					"rotation": [60, 0, 0]
				},
				"toe_right3_2": {
					"rotation": [35, 0, 0]
				},
				"leg_left": {
					"rotation": ["-112.6015+math.sin(q.anim_time*120*1)*5", "11.0125+math.sin(q.anim_time*120*1)*5", -9.56346]
				},
				"leg_left2": {
					"rotation": [7.5, 0, 0]
				},
				"leg_left3": {
					"rotation": [-10, 0, 0]
				},
				"leg_left4": {
					"rotation": ["20+math.sin(q.anim_time*120*1)*15", 0, 0]
				},
				"toe_left1": {
					"rotation": [19.9299, 1.70818, -4.69986]
				},
				"toe_left1_1": {
					"rotation": [60, 0, 0]
				},
				"toe_left1_2": {
					"rotation": [35, 0, 0]
				},
				"toe_left2": {
					"rotation": [20, 0, 0]
				},
				"toe_left2_1": {
					"rotation": [60, 0, 0]
				},
				"toe_left2_2": {
					"rotation": [35, 0, 0]
				},
				"toe_left3": {
					"rotation": [19.9299, -1.70818, 4.69986]
				},
				"toe_left3_1": {
					"rotation": [60, 0, 0]
				},
				"toe_left3_2": {
					"rotation": [35, 0, 0]
				},
				"tail": {
					"rotation": [15, 0, "0+math.sin(q.anim_time*120*1-200)*6"]
				},
				"tail2": {
					"rotation": ["12.5+math.sin(q.anim_time*90*1-280)*4", 0, "0+math.sin(q.anim_time*120*1-240)*8"]
				},
				"tail3": {
					"rotation": [0, 0, "-15+math.sin(q.anim_time*120*1-280)*6"]
				},
				"tail4": {
					"rotation": ["-0.3328+math.sin(q.anim_time*120*1-320)*12", -0.65052, 4.9771]
				},
				"tail6": {
					"rotation": ["0+math.sin(q.anim_time*120*1-400)*16", 0, -10]
				},
				"tail14": {
					"rotation": ["0+math.sin(q.anim_time*120*1-720)*14", 0, 0]
				},
				"tail13": {
					"rotation": ["-20+math.sin(q.anim_time*120*1-680)*12", 0, -25]
				},
				"tail12": {
					"rotation": ["-42.4687+math.sin(q.anim_time*120*1-640)*10", -27.46078, 19.36316]
				},
				"tail11": {
					"rotation": ["-2.7678+math.sin(q.anim_time*120*1-600)*26", -11.03893, -24.42731]
				},
				"tail10": {
					"rotation": ["-17.5+math.sin(q.anim_time*120*1-560)*24", 0, -25]
				},
				"tail9": {
					"rotation": ["0+math.sin(q.anim_time*120*1-520)*22", 0, 0]
				},
				"tail8": {
					"rotation": ["-10+math.sin(q.anim_time*120*1-480)*20", 0, -20]
				},
				"tail7": {
					"rotation": ["0.0158+math.sin(q.anim_time*120*1-440)*18", -0.76096, -2.38144]
				},
				"tail5": {
					"rotation": ["0+math.sin(q.anim_time*120*1-360)*14", 0, -15]
				},
				"finger_1_1_right": {
					"rotation": [0, 0, 25]
				},
				"arm_left": {
					"rotation": [4.60659, 14.2906, "-31.9221+math.sin(q.anim_time*120*1)*-5"]
				},
				"arm_left2": {
					"rotation": [-4.60659, -14.2906, -6.92221],
					"position": [1, 0.42, 0]
				},
				"arm_left3": {
					"rotation": [-83.50644, -27.90627, 8.07565]
				},
				"arm_left4": {
					"rotation": [7.53915, 5.28323, 3.13385]
				},
				"arm_left5": {
					"rotation": [0, 0, -40]
				},
				"fingers_left": {
					"rotation": [0, 0, 14]
				},
				"finger_1_1_left": {
					"rotation": [0, 0, 25]
				},
				"finger_2_1_left": {
					"rotation": [0, 0, 17.5]
				},
				"finger_3_1_left": {
					"rotation": [0, 0, -25]
				},
				"arm_left_cloud": {
					"rotation": [0, "20+math.sin(q.anim_time*120*1-320)*-12", "-22.5+math.cos(q.anim_time*120*1-240)*-2"]
				},
				"arm_left_cloud2": {
					"rotation": [0, "0+math.sin(q.anim_time*120*1-360)*-14", "0+math.cos(q.anim_time*120*1-280)*-4"]
				},
				"arm_left_cloud3": {
					"rotation": [0, "0+math.sin(q.anim_time*120*1-400)*-16", "0+math.cos(q.anim_time*120*1-320)*-6"]
				},
				"arm_left_cloud4": {
					"rotation": [0, "0+math.sin(q.anim_time*120*1-440)*-18", "0+math.cos(q.anim_time*120*1-360)*-8"]
				},
				"body": {
					"rotation": ["0+math.sin(q.anim_time*120*1-160)*1", 0, 0],
					"position": [0, "0+math.sin(q.anim_time*120*1-40)*1.5", 0]
				},
				"chest": {
					"rotation": ["math.sin(q.anim_time*120*1-160)*1", 0, 0],
					"position": [0, "0+math.sin(q.anim_time*120*1-40)*0.3", 0]
				},
				"head_cloud2": {
					"rotation": ["math.sin(q.anim_time*120*1-360)*2", 0, 0]
				},
				"head_cloud3": {
					"rotation": ["math.sin(q.anim_time*120*1-400)*4", 0, 0]
				},
				"head_cloud4": {
					"rotation": ["-2.5+math.sin(q.anim_time*120*1-440)*6", 0, 0]
				},
				"head_cloud5": {
					"rotation": ["2.5+math.sin(q.anim_time*120*1-480)*8", 0, 0]
				},
				"head_cloud6": {
					"rotation": ["5+math.sin(q.anim_time*120*1-520)*10", 0, 0]
				},
				"head_cloud7": {
					"rotation": ["-10+math.sin(q.anim_time*120*1-560)*8", 0, 0]
				},
				"head_cloud8": {
					"rotation": ["-15+math.sin(q.anim_time*120*1-600)*10", 0, 0]
				},
				"mask_must_right": {
					"rotation": [-1.78108, "6.6+math.sin(q.anim_time*120*1-360)*4", "-7.7246+math.cos(q.anim_time*120*1-240)*2"]
				},
				"mask_must_left": {
					"rotation": [1.78108, "-6.6+math.sin(q.anim_time*120*1-360)*-4", "7.7246+math.cos(q.anim_time*120*1-240)*-2"]
				},
				"chest2": {
					"rotation": [5, 0, 0]
				},
				"neck": {
					"rotation": [-2.5, 0, 0]
				}
			}
		},
		"animation.pokemans_thundurus_therian.battle_idle": {
			"loop": true,
			"bones": {
				"mask_must_right2": {
					"rotation": [0, "0+math.sin(q.anim_time*120*1-360)*14", "-25+math.cos(q.anim_time*120*1-280)*4"]
				},
				"mask_must_right3": {
					"rotation": [0, "10+math.sin(q.anim_time*120*1-400)*16", "30+math.cos(q.anim_time*120*1-320)*6"]
				},
				"mask_must_right4": {
					"rotation": [0, "0+math.sin(q.anim_time*120*1-440)*18", "-17.5+math.cos(q.anim_time*120*1-360)*8"]
				},
				"mask_must_left2": {
					"rotation": [0, "0+math.sin(q.anim_time*120*1-360)*-14", "25+math.cos(q.anim_time*120*1-280)*-4"]
				},
				"mask_must_left3": {
					"rotation": [0, "-10+math.sin(q.anim_time*120*1-400)*-16", "-30+math.cos(q.anim_time*120*1-320)*-6"]
				},
				"mask_must_left4": {
					"rotation": [0, "0+math.sin(q.anim_time*120*1-440)*-18", "17.5+math.cos(q.anim_time*120*1-360)*-8"]
				},
				"arm_right": {
					"rotation": [6.31001, "-33.1565811158+math.sin(q.anim_time*120*1)*5", "23.3020303924+math.sin(q.anim_time*120*1)*5"]
				},
				"arm_right2": {
					"rotation": [0, 15, 25]
				},
				"arm_right3": {
					"rotation": [-95.92092, 64.03369, -20.23306]
				},
				"arm_right4": {
					"rotation": [-7.5, 0, 0]
				},
				"arm_right5": {
					"rotation": [0, 0, 27.5]
				},
				"head": {
					"rotation": ["12+math.cos(q.anim_time*120*1-160)*2", 0, 0]
				},
				"head_cloud": {
					"rotation": ["-10+math.sin(q.anim_time*120*1-320)*12", 0, 0]
				},
				"arm_right_cloud": {
					"rotation": [0, "-20+math.sin(q.anim_time*120*1-320)*12", "22.5+math.cos(q.anim_time*120*1-240)*2"]
				},
				"arm_right_cloud2": {
					"rotation": [0, "0+math.sin(q.anim_time*120*1-360)*14", "0+math.cos(q.anim_time*120*1-280)*4"]
				},
				"arm_right_cloud3": {
					"rotation": [0, "0+math.sin(q.anim_time*120*1-400)*16", "0+math.cos(q.anim_time*120*1-320)*6"]
				},
				"arm_right_cloud4": {
					"rotation": [0, "0+math.sin(q.anim_time*120*1-440)*18", "0+math.cos(q.anim_time*120*1-360)*8"]
				},
				"fingers_right": {
					"rotation": [0, 0, 4]
				},
				"finger_2_1_right": {
					"rotation": [0, 0, 17.5]
				},
				"finger_3_1_right": {
					"rotation": [0, 0, 25]
				},
				"lowbody2": {
					"rotation": [32.5, 0, 0]
				},
				"lowbody3": {
					"rotation": [30, 0, 0]
				},
				"leg_right4": {
					"rotation": ["20+math.sin(q.anim_time*120*1)*15", 0, 0]
				},
				"leg_right3": {
					"rotation": [0, 0, 0]
				},
				"leg_right2": {
					"rotation": [-15, 0, 0]
				},
				"leg_right": {
					"rotation": ["-122.6015+math.sin(q.anim_time*120*1)*5", "-11.0125+math.sin(q.anim_time*120*1)*5", 9.56346]
				},
				"toe_right1": {
					"rotation": [19.9299, 1.70818, -4.69986]
				},
				"toe_right1_1": {
					"rotation": [60, 0, 0]
				},
				"toe_right1_2": {
					"rotation": [35, 0, 0]
				},
				"toe_right2": {
					"rotation": [20, 0, 0]
				},
				"toe_right2_1": {
					"rotation": [60, 0, 0]
				},
				"toe_right2_2": {
					"rotation": [35, 0, 0]
				},
				"toe_right3": {
					"rotation": [19.9299, -1.70818, 4.69986]
				},
				"toe_right3_1": {
					"rotation": [60, 0, 0]
				},
				"toe_right3_2": {
					"rotation": [35, 0, 0]
				},
				"leg_left": {
					"rotation": ["-112.6015+math.sin(q.anim_time*120*1)*5", "11.0125+math.sin(q.anim_time*120*1)*5", -9.56346]
				},
				"leg_left2": {
					"rotation": [7.5, 0, 0]
				},
				"leg_left3": {
					"rotation": [-10, 0, 0]
				},
				"leg_left4": {
					"rotation": ["20+math.sin(q.anim_time*120*1)*15", 0, 0]
				},
				"toe_left1": {
					"rotation": [19.9299, 1.70818, -4.69986]
				},
				"toe_left1_1": {
					"rotation": [60, 0, 0]
				},
				"toe_left1_2": {
					"rotation": [35, 0, 0]
				},
				"toe_left2": {
					"rotation": [20, 0, 0]
				},
				"toe_left2_1": {
					"rotation": [60, 0, 0]
				},
				"toe_left2_2": {
					"rotation": [35, 0, 0]
				},
				"toe_left3": {
					"rotation": [19.9299, -1.70818, 4.69986]
				},
				"toe_left3_1": {
					"rotation": [60, 0, 0]
				},
				"toe_left3_2": {
					"rotation": [35, 0, 0]
				},
				"tail": {
					"rotation": [25, 0, "math.sin(q.anim_time*120*1-200)*6"]
				},
				"tail2": {
					"rotation": ["12.5+math.sin(q.anim_time*90*1-280)*4", 0, "0+math.sin(q.anim_time*120*1-240)*8"]
				},
				"tail3": {
					"rotation": [12.5, 0, "-15+math.sin(q.anim_time*120*1-280)*6"]
				},
				"tail4": {
					"rotation": ["-0.3328+math.sin(q.anim_time*120*1-320)*12", -0.65052, 4.9771]
				},
				"tail6": {
					"rotation": ["0+math.sin(q.anim_time*120*1-400)*16", 0, -10]
				},
				"tail14": {
					"rotation": ["0+math.sin(q.anim_time*120*1-720)*14", 0, 0]
				},
				"tail13": {
					"rotation": ["-20+math.sin(q.anim_time*120*1-680)*12", 0, -25]
				},
				"tail12": {
					"rotation": ["-42.4687+math.sin(q.anim_time*120*1-640)*10", -27.46078, 19.36316]
				},
				"tail11": {
					"rotation": ["-2.7678+math.sin(q.anim_time*120*1-600)*26", -11.03893, -24.42731]
				},
				"tail10": {
					"rotation": ["-17.5+math.sin(q.anim_time*120*1-560)*24", 0, -25]
				},
				"tail9": {
					"rotation": ["0+math.sin(q.anim_time*120*1-520)*22", 0, 0]
				},
				"tail8": {
					"rotation": ["-10+math.sin(q.anim_time*120*1-480)*20", 0, -20]
				},
				"tail7": {
					"rotation": ["0.0158+math.sin(q.anim_time*120*1-440)*18", -0.76096, -2.38144]
				},
				"tail5": {
					"rotation": ["0+math.sin(q.anim_time*120*1-360)*14", 0, -15]
				},
				"finger_1_1_right": {
					"rotation": [0, 0, 25]
				},
				"arm_left": {
					"rotation": [6.31001, "33.1565811158+math.sin(q.anim_time*120*1)*-5", "-23.3020303924+math.sin(q.anim_time*120*1)*-5"]
				},
				"arm_left2": {
					"rotation": [0, -15, -25]
				},
				"arm_left3": {
					"rotation": [-95.92092, -64.03369, 20.23306]
				},
				"arm_left4": {
					"rotation": [-7.5, 0, 0]
				},
				"arm_left5": {
					"rotation": [0, 0, -27.5]
				},
				"fingers_left": {
					"rotation": [0, 0, -4]
				},
				"finger_1_1_left": {
					"rotation": [0, 0, 25]
				},
				"finger_2_1_left": {
					"rotation": [0, 0, 17.5]
				},
				"finger_3_1_left": {
					"rotation": [0, 0, -25]
				},
				"arm_left_cloud": {
					"rotation": [0, "20+math.sin(q.anim_time*120*1-320)*-12", "-22.5+math.cos(q.anim_time*120*1-240)*-2"]
				},
				"arm_left_cloud2": {
					"rotation": [0, "0+math.sin(q.anim_time*120*1-360)*-14", "0+math.cos(q.anim_time*120*1-280)*-4"]
				},
				"arm_left_cloud3": {
					"rotation": [0, "0+math.sin(q.anim_time*120*1-400)*-16", "0+math.cos(q.anim_time*120*1-320)*-6"]
				},
				"arm_left_cloud4": {
					"rotation": [0, "0+math.sin(q.anim_time*120*1-440)*-18", "0+math.cos(q.anim_time*120*1-360)*-8"]
				},
				"body": {
					"rotation": ["0+math.sin(q.anim_time*120*1-160)*1", 0, 0],
					"position": [0, "0+math.sin(q.anim_time*120*1-40)*1.5", 0]
				},
				"chest": {
					"rotation": ["math.sin(q.anim_time*120*1-160)*1", 0, 0],
					"position": [0, "0+math.sin(q.anim_time*120*1-40)*0.3", 0]
				},
				"head_cloud2": {
					"rotation": ["math.sin(q.anim_time*120*1-360)*2", 0, 0]
				},
				"head_cloud3": {
					"rotation": ["math.sin(q.anim_time*120*1-400)*4", 0, 0]
				},
				"head_cloud4": {
					"rotation": ["-2.5+math.sin(q.anim_time*120*1-440)*6", 0, 0]
				},
				"head_cloud5": {
					"rotation": ["2.5+math.sin(q.anim_time*120*1-480)*8", 0, 0]
				},
				"head_cloud6": {
					"rotation": ["5+math.sin(q.anim_time*120*1-520)*10", 0, 0]
				},
				"head_cloud7": {
					"rotation": ["-10+math.sin(q.anim_time*120*1-560)*8", 0, 0]
				},
				"head_cloud8": {
					"rotation": ["-15+math.sin(q.anim_time*120*1-600)*10", 0, 0]
				},
				"mask_must_right": {
					"rotation": [-1.78108, "6.6+math.sin(q.anim_time*120*1-360)*4", "-7.7246+math.cos(q.anim_time*120*1-240)*2"]
				},
				"mask_must_left": {
					"rotation": [1.78108, "-6.6+math.sin(q.anim_time*120*1-360)*-4", "7.7246+math.cos(q.anim_time*120*1-240)*-2"]
				},
				"chest2": {
					"rotation": [7.5, 0, 0]
				},
				"neck": {
					"rotation": [-5, 0, 0]
				},
				"chest_back_rotate": {
					"rotation": [2.5, 0, 0]
				}
			}
		},
		"animation.pokemans_thundurus_therian.blink": {
			"animation_length": 0.2083,
			"bones": {
				"eye_left_lid": {
					"position": {
						"0.0": [0, 0, -0.23],
						"0.2083": [0, 0, 0]
					}
				},
				"eye_right_lid": {
					"position": {
						"0.0": [0, 0, -0.23],
						"0.2083": [0, 0, 0]
					}
				}
			}
		},
		"animation.pokemans_thundurus_therian.cry": {
			"animation_length": 1.75,
			"bones": {
				"body": {
					"rotation": {
						"0.0": {
							"post": [0, 0, 0],
							"lerp_mode": "catmullrom"
						},
						"0.25": {
							"post": [12.5, 0, 0],
							"lerp_mode": "catmullrom"
						},
						"0.5": {
							"post": [12.5, 0, 0],
							"lerp_mode": "catmullrom"
						},
						"0.75": {
							"post": [0, 0, 0],
							"lerp_mode": "catmullrom"
						},
						"0.9583": {
							"post": [-5, 0, 0],
							"lerp_mode": "catmullrom"
						},
						"1.375": {
							"post": [-10, 0, 0],
							"lerp_mode": "catmullrom"
						},
						"1.75": {
							"post": [0, 0, 0],
							"lerp_mode": "catmullrom"
						}
					},
					"position": {
						"0.0": {
							"post": [0, 0, 0],
							"lerp_mode": "catmullrom"
						},
						"0.25": {
							"post": [0, 0, 0],
							"lerp_mode": "catmullrom"
						},
						"0.5": {
							"post": [0, 0, 0],
							"lerp_mode": "catmullrom"
						},
						"0.75": {
							"post": [0, 9, 0],
							"lerp_mode": "catmullrom"
						},
						"0.7917": {
							"post": [0, 10.5, 0],
							"lerp_mode": "catmullrom"
						},
						"0.8333": {
							"post": [0, 9, 0],
							"lerp_mode": "catmullrom"
						},
						"0.875": {
							"post": [0, 10.5, 0],
							"lerp_mode": "catmullrom"
						},
						"0.9167": {
							"post": [0, 9, 0],
							"lerp_mode": "catmullrom"
						},
						"0.9583": {
							"post": [0, 10.5, 0],
							"lerp_mode": "catmullrom"
						},
						"1.0": {
							"post": [0, 9, 0],
							"lerp_mode": "catmullrom"
						},
						"1.0417": {
							"post": [0, 10.5, 0],
							"lerp_mode": "catmullrom"
						},
						"1.0833": {
							"post": [0, 9, 0],
							"lerp_mode": "catmullrom"
						},
						"1.125": {
							"post": [0, 10.5, 0],
							"lerp_mode": "catmullrom"
						},
						"1.1667": {
							"post": [0, 9, 0],
							"lerp_mode": "catmullrom"
						},
						"1.2083": {
							"post": [0, 10.5, 0],
							"lerp_mode": "catmullrom"
						},
						"1.25": {
							"post": [0, 9, 0],
							"lerp_mode": "catmullrom"
						},
						"1.2917": {
							"post": [0, 10.5, 0],
							"lerp_mode": "catmullrom"
						},
						"1.3333": {
							"post": [0, 9, 0],
							"lerp_mode": "catmullrom"
						},
						"1.375": {
							"post": [0, 10.5, 0],
							"lerp_mode": "catmullrom"
						},
						"1.75": {
							"post": [0, 0, 0],
							"lerp_mode": "catmullrom"
						}
					}
				},
				"chest": {
					"rotation": {
						"0.0": {
							"post": [0, 0, 0],
							"lerp_mode": "catmullrom"
						},
						"0.25": {
							"post": [0, 0, 0],
							"lerp_mode": "catmullrom"
						},
						"0.5": {
							"post": [0, 0, 0],
							"lerp_mode": "catmullrom"
						},
						"0.75": {
							"post": [-17.5, 0, 0],
							"lerp_mode": "catmullrom"
						},
						"1.375": {
							"post": [-17.5, 0, 0],
							"lerp_mode": "catmullrom"
						},
						"1.75": {
							"post": [0, 0, 0],
							"lerp_mode": "catmullrom"
						}
					}
				},
				"chest2": {
					"rotation": {
						"0.0": {
							"post": [0, 0, 0],
							"lerp_mode": "catmullrom"
						},
						"0.25": {
							"post": [10, 0, 0],
							"lerp_mode": "catmullrom"
						},
						"0.5": {
							"post": [10, 0, 0],
							"lerp_mode": "catmullrom"
						},
						"0.75": {
							"post": [0, 0, 0],
							"lerp_mode": "catmullrom"
						},
						"1.375": {
							"post": [0, 0, 0],
							"lerp_mode": "catmullrom"
						},
						"1.75": {
							"post": [0, 0, 0],
							"lerp_mode": "catmullrom"
						}
					}
				},
				"arm_right": {
					"rotation": {
						"0.0": {
							"post": [0, 0, 0],
							"lerp_mode": "catmullrom"
						},
						"0.25": {
							"post": [0, 27.5, 0],
							"lerp_mode": "catmullrom"
						},
						"0.5": {
							"post": [0, 45, 0],
							"lerp_mode": "catmullrom"
						},
						"0.75": {
							"post": [0, -15, 0],
							"lerp_mode": "catmullrom"
						},
						"1.375": {
							"post": [0, -15, 0],
							"lerp_mode": "catmullrom"
						},
						"1.75": {
							"post": [0, 0, 0],
							"lerp_mode": "catmullrom"
						}
					}
				},
				"arm_right2": {
					"rotation": {
						"0.0": {
							"post": [0, 0, 0],
							"lerp_mode": "catmullrom"
						},
						"0.25": {
							"post": [0, 12.5, 0],
							"lerp_mode": "catmullrom"
						},
						"0.5": {
							"post": [0, 12.5, 0],
							"lerp_mode": "catmullrom"
						},
						"0.75": {
							"post": [0, -35, 0],
							"lerp_mode": "catmullrom"
						},
						"1.375": {
							"post": [0, -35, 0],
							"lerp_mode": "catmullrom"
						},
						"1.75": {
							"post": [0, 0, 0],
							"lerp_mode": "catmullrom"
						}
					}
				},
				"arm_right3": {
					"rotation": {
						"0.0": {
							"post": [0, 0, 0],
							"lerp_mode": "catmullrom"
						},
						"0.25": {
							"post": [0.88473, -2.86417, 4.58906],
							"lerp_mode": "catmullrom"
						},
						"0.5": {
							"post": [0.88473, -2.86417, 4.58906],
							"lerp_mode": "catmullrom"
						},
						"0.75": {
							"post": [0, 0, 0],
							"lerp_mode": "catmullrom"
						},
						"1.375": {
							"post": [0, 0, 0],
							"lerp_mode": "catmullrom"
						},
						"1.75": {
							"post": [0, 0, 0],
							"lerp_mode": "catmullrom"
						}
					}
				},
				"arm_right4": {
					"rotation": {
						"0.0": {
							"post": [0, 0, 0],
							"lerp_mode": "catmullrom"
						},
						"0.25": {
							"post": [0, 0, 15],
							"lerp_mode": "catmullrom"
						},
						"0.5": {
							"post": [0, 0, 32.5],
							"lerp_mode": "catmullrom"
						},
						"0.75": {
							"post": [0, 0, 0],
							"lerp_mode": "catmullrom"
						},
						"1.375": {
							"post": [0, 0, 0],
							"lerp_mode": "catmullrom"
						},
						"1.75": {
							"post": [0, 0, 0],
							"lerp_mode": "catmullrom"
						}
					}
				},
				"arm_right5": {
					"rotation": {
						"0.0": {
							"post": [0, 0, 0],
							"lerp_mode": "catmullrom"
						},
						"0.25": {
							"post": [0, 0, 2.5],
							"lerp_mode": "catmullrom"
						},
						"0.5": {
							"post": [0, 0, 2.5],
							"lerp_mode": "catmullrom"
						},
						"0.75": {
							"post": [0, 0, 0],
							"lerp_mode": "catmullrom"
						},
						"1.375": {
							"post": [0, 0, 0],
							"lerp_mode": "catmullrom"
						},
						"1.75": {
							"post": [0, 0, 0],
							"lerp_mode": "catmullrom"
						}
					}
				},
				"arm_left": {
					"rotation": {
						"0.0": {
							"post": [0, 0, 0],
							"lerp_mode": "catmullrom"
						},
						"0.25": {
							"post": [0, -27.5, 0],
							"lerp_mode": "catmullrom"
						},
						"0.5": {
							"post": [0, -42.5, 0],
							"lerp_mode": "catmullrom"
						},
						"0.75": {
							"post": [0, 17.5, 0],
							"lerp_mode": "catmullrom"
						},
						"1.375": {
							"post": [0, 17.5, 0],
							"lerp_mode": "catmullrom"
						},
						"1.75": {
							"post": [0, 0, 0],
							"lerp_mode": "catmullrom"
						}
					}
				},
				"arm_left2": {
					"rotation": {
						"0.0": {
							"post": [0, 0, 0],
							"lerp_mode": "catmullrom"
						},
						"0.25": {
							"post": [0, 0, 0],
							"lerp_mode": "catmullrom"
						},
						"0.5": {
							"post": [0, 0, 0],
							"lerp_mode": "catmullrom"
						},
						"0.75": {
							"post": [0, 35, 0],
							"lerp_mode": "catmullrom"
						},
						"1.375": {
							"post": [0, 35, 0],
							"lerp_mode": "catmullrom"
						},
						"1.75": {
							"post": [0, 0, 0],
							"lerp_mode": "catmullrom"
						}
					}
				},
				"arm_left3": {
					"rotation": {
						"0.0": {
							"post": [0, 0, 0],
							"lerp_mode": "catmullrom"
						},
						"0.25": {
							"post": [-6.56974, -24.99737, 6.55416],
							"lerp_mode": "catmullrom"
						},
						"0.5": {
							"post": [-6.56974, -24.99737, 6.55416],
							"lerp_mode": "catmullrom"
						},
						"0.75": {
							"post": [0, 0, 0],
							"lerp_mode": "catmullrom"
						},
						"1.375": {
							"post": [0, 0, 0],
							"lerp_mode": "catmullrom"
						},
						"1.75": {
							"post": [0, 0, 0],
							"lerp_mode": "catmullrom"
						}
					}
				},
				"arm_left4": {
					"rotation": {
						"0.0": {
							"post": [0, 0, 0],
							"lerp_mode": "catmullrom"
						},
						"0.25": {
							"post": [0, 0, -7.5],
							"lerp_mode": "catmullrom"
						},
						"0.5": {
							"post": [0, 0, -22.5],
							"lerp_mode": "catmullrom"
						},
						"0.75": {
							"post": [0, 0, 0],
							"lerp_mode": "catmullrom"
						},
						"1.375": {
							"post": [0, 0, 0],
							"lerp_mode": "catmullrom"
						},
						"1.75": {
							"post": [0, 0, 0],
							"lerp_mode": "catmullrom"
						}
					}
				},
				"arm_left5": {
					"rotation": {
						"0.0": {
							"post": [0, 0, 0],
							"lerp_mode": "catmullrom"
						},
						"0.25": {
							"post": [0, 0, -5],
							"lerp_mode": "catmullrom"
						},
						"0.5": {
							"post": [0, 0, -5],
							"lerp_mode": "catmullrom"
						},
						"0.75": {
							"post": [0, 0, 0],
							"lerp_mode": "catmullrom"
						},
						"1.375": {
							"post": [0, 0, 0],
							"lerp_mode": "catmullrom"
						},
						"1.75": {
							"post": [0, 0, 0],
							"lerp_mode": "catmullrom"
						}
					}
				},
				"neck": {
					"rotation": {
						"0.0": {
							"post": [0, 0, 0],
							"lerp_mode": "catmullrom"
						},
						"0.25": {
							"post": [0, 0, 0],
							"lerp_mode": "catmullrom"
						},
						"0.5": {
							"post": [0, 0, 0],
							"lerp_mode": "catmullrom"
						},
						"0.75": {
							"post": [0, 15, 0],
							"lerp_mode": "catmullrom"
						},
						"1.375": {
							"post": [9.76574, -17.54139, 0.68361],
							"lerp_mode": "catmullrom"
						},
						"1.75": {
							"post": [0, 0, 0],
							"lerp_mode": "catmullrom"
						}
					},
					"position": {
						"0.0": [0, 0, 0],
						"1.375": [0, -1, 0],
						"1.75": [0, 0, 0]
					}
				},
				"neck2": {
					"rotation": {
						"0.0": {
							"post": [0, 0, 0],
							"lerp_mode": "catmullrom"
						},
						"0.25": {
							"post": [7.5, 0, 0],
							"lerp_mode": "catmullrom"
						},
						"0.5": {
							"post": [7.5, 0, 0],
							"lerp_mode": "catmullrom"
						},
						"0.75": {
							"post": [0, 0, 0],
							"lerp_mode": "catmullrom"
						},
						"1.375": {
							"post": [0, 0, 0],
							"lerp_mode": "catmullrom"
						},
						"1.75": {
							"post": [0, 0, 0],
							"lerp_mode": "catmullrom"
						}
					}
				},
				"head": {
					"rotation": {
						"0.0": {
							"post": [0, 0, 0],
							"lerp_mode": "catmullrom"
						},
						"0.25": {
							"post": [5, 0, 0],
							"lerp_mode": "catmullrom"
						},
						"0.5": {
							"post": [5, 0, 0],
							"lerp_mode": "catmullrom"
						},
						"0.75": {
							"post": [-22.5, 0, 0],
							"lerp_mode": "catmullrom"
						},
						"1.375": {
							"post": [-37.5, 0, 0],
							"lerp_mode": "catmullrom"
						},
						"1.75": {
							"post": [0, 0, 0],
							"lerp_mode": "catmullrom"
						}
					}
				},
				"jaw": {
					"rotation": {
						"0.0": {
							"post": [0, 0, 0],
							"lerp_mode": "catmullrom"
						},
						"0.25": {
							"post": [0, 0, 0],
							"lerp_mode": "catmullrom"
						},
						"0.5": {
							"post": [0, 0, 0],
							"lerp_mode": "catmullrom"
						},
						"0.75": {
							"post": [75, 0, 0],
							"lerp_mode": "catmullrom"
						},
						"1.375": {
							"post": [75, 0, 0],
							"lerp_mode": "catmullrom"
						},
						"1.75": {
							"post": [0, 0, 0],
							"lerp_mode": "catmullrom"
						}
					}
				},
				"lowbody2": {
					"rotation": {
						"0.0": {
							"post": [0, 0, 0],
							"lerp_mode": "catmullrom"
						},
						"0.25": {
							"post": [-7.5, 0, 0],
							"lerp_mode": "catmullrom"
						},
						"0.5": {
							"post": [-7.5, 0, 0],
							"lerp_mode": "catmullrom"
						},
						"0.75": {
							"post": [0, 0, 0],
							"lerp_mode": "catmullrom"
						},
						"1.375": {
							"post": [0, 0, 0],
							"lerp_mode": "catmullrom"
						},
						"1.75": {
							"post": [0, 0, 0],
							"lerp_mode": "catmullrom"
						}
					}
				},
				"tail": {
					"rotation": {
						"0.0": {
							"post": [0, 0, 0],
							"lerp_mode": "catmullrom"
						},
						"0.25": {
							"post": [12.5, 0, 0],
							"lerp_mode": "catmullrom"
						},
						"0.5": {
							"post": [12.5, 0, 0],
							"lerp_mode": "catmullrom"
						},
						"0.75": {
							"post": [0, 0, 0],
							"lerp_mode": "catmullrom"
						},
						"1.375": {
							"post": [0, 0, 0],
							"lerp_mode": "catmullrom"
						},
						"1.75": {
							"post": [0, 0, 0],
							"lerp_mode": "catmullrom"
						}
					}
				},
				"tail2": {
					"rotation": {
						"0.0": {
							"post": [0, 0, 0],
							"lerp_mode": "catmullrom"
						},
						"0.25": {
							"post": [15, 0, 0],
							"lerp_mode": "catmullrom"
						},
						"0.5": {
							"post": [15, 0, 0],
							"lerp_mode": "catmullrom"
						},
						"0.75": {
							"post": [0, 0, 0],
							"lerp_mode": "catmullrom"
						},
						"1.375": {
							"post": [0, 0, 0],
							"lerp_mode": "catmullrom"
						},
						"1.75": {
							"post": [0, 0, 0],
							"lerp_mode": "catmullrom"
						}
					}
				},
				"tail3": {
					"rotation": {
						"0.0": {
							"post": [0, 0, 0],
							"lerp_mode": "catmullrom"
						},
						"0.25": {
							"post": [0, 0, 0],
							"lerp_mode": "catmullrom"
						},
						"0.5": {
							"post": [0, 0, 0],
							"lerp_mode": "catmullrom"
						},
						"0.75": {
							"post": [-20, 0, 0],
							"lerp_mode": "catmullrom"
						},
						"1.375": {
							"post": [-20, 0, 0],
							"lerp_mode": "catmullrom"
						},
						"1.75": {
							"post": [0, 0, 0],
							"lerp_mode": "catmullrom"
						}
					}
				},
				"tail4": {
					"rotation": {
						"0.0": {
							"post": [0, 0, 0],
							"lerp_mode": "catmullrom"
						},
						"0.25": {
							"post": [-17.5, 0, 0],
							"lerp_mode": "catmullrom"
						},
						"0.5": {
							"post": [7.5, 0, 0],
							"lerp_mode": "catmullrom"
						},
						"0.75": {
							"post": [-20, 0, 0],
							"lerp_mode": "catmullrom"
						},
						"1.375": {
							"post": [-20, 0, 0],
							"lerp_mode": "catmullrom"
						},
						"1.75": {
							"post": [0, 0, 0],
							"lerp_mode": "catmullrom"
						}
					}
				},
				"tail5": {
					"rotation": {
						"0.0": {
							"post": [0, 0, 0],
							"lerp_mode": "catmullrom"
						},
						"0.25": {
							"post": [0, 0, 0],
							"lerp_mode": "catmullrom"
						},
						"0.5": {
							"post": [12.5, 0, 0],
							"lerp_mode": "catmullrom"
						},
						"0.75": {
							"post": [-17.70111, 11.63381, 22.28378],
							"lerp_mode": "catmullrom"
						},
						"1.375": {
							"post": [-17.70111, 11.63381, 22.28378],
							"lerp_mode": "catmullrom"
						},
						"1.75": {
							"post": [0, 0, 0],
							"lerp_mode": "catmullrom"
						}
					}
				},
				"tail6": {
					"rotation": {
						"0.0": {
							"post": [0, 0, 0],
							"lerp_mode": "catmullrom"
						},
						"0.25": {
							"post": [0, 0, 0],
							"lerp_mode": "catmullrom"
						},
						"0.5": {
							"post": [0, 0, 0],
							"lerp_mode": "catmullrom"
						},
						"0.75": {
							"post": [-10, 0, 0],
							"lerp_mode": "catmullrom"
						},
						"1.375": {
							"post": [-10, 0, 0],
							"lerp_mode": "catmullrom"
						},
						"1.75": {
							"post": [0, 0, 0],
							"lerp_mode": "catmullrom"
						}
					}
				},
				"tail7": {
					"rotation": {
						"0.0": {
							"post": [0, 0, 0],
							"lerp_mode": "catmullrom"
						},
						"0.25": {
							"post": [0, 0, 0],
							"lerp_mode": "catmullrom"
						},
						"0.5": {
							"post": [0, 0, 0],
							"lerp_mode": "catmullrom"
						},
						"0.75": {
							"post": [20, 0, 0],
							"lerp_mode": "catmullrom"
						},
						"1.375": {
							"post": [20, 0, 0],
							"lerp_mode": "catmullrom"
						},
						"1.75": {
							"post": [0, 0, 0],
							"lerp_mode": "catmullrom"
						}
					}
				},
				"tail8": {
					"rotation": {
						"0.0": {
							"post": [0, 0, 0],
							"lerp_mode": "catmullrom"
						},
						"0.25": {
							"post": [0, 0, 0],
							"lerp_mode": "catmullrom"
						},
						"0.5": {
							"post": [5, 0, 0],
							"lerp_mode": "catmullrom"
						},
						"0.75": {
							"post": [25, 0, 0],
							"lerp_mode": "catmullrom"
						},
						"1.375": {
							"post": [25, 0, 0],
							"lerp_mode": "catmullrom"
						},
						"1.75": {
							"post": [0, 0, 0],
							"lerp_mode": "catmullrom"
						}
					}
				},
				"tail9": {
					"rotation": {
						"0.0": {
							"post": [0, 0, 0],
							"lerp_mode": "catmullrom"
						},
						"0.25": {
							"post": [0, 0, 0],
							"lerp_mode": "catmullrom"
						},
						"0.5": {
							"post": [0, 0, 0],
							"lerp_mode": "catmullrom"
						},
						"0.75": {
							"post": [42.5, 0, 0],
							"lerp_mode": "catmullrom"
						},
						"1.375": {
							"post": [42.5, 0, 0],
							"lerp_mode": "catmullrom"
						},
						"1.75": {
							"post": [0, 0, 0],
							"lerp_mode": "catmullrom"
						}
					}
				},
				"tail10": {
					"rotation": {
						"0.0": {
							"post": [0, 0, 0],
							"lerp_mode": "catmullrom"
						},
						"0.25": {
							"post": [0, 0, 0],
							"lerp_mode": "catmullrom"
						},
						"0.5": {
							"post": [0, 0, 0],
							"lerp_mode": "catmullrom"
						},
						"0.75": {
							"post": [42.5, 0, 0],
							"lerp_mode": "catmullrom"
						},
						"1.375": {
							"post": [42.5, 0, 0],
							"lerp_mode": "catmullrom"
						},
						"1.75": {
							"post": [0, 0, 0],
							"lerp_mode": "catmullrom"
						}
					}
				},
				"tail11": {
					"rotation": {
						"0.0": {
							"post": [0, 0, 0],
							"lerp_mode": "catmullrom"
						},
						"0.25": {
							"post": [0, 0, 0],
							"lerp_mode": "catmullrom"
						},
						"0.5": {
							"post": [-7.5, 0, 0],
							"lerp_mode": "catmullrom"
						},
						"0.75": {
							"post": [47.5, 0, 0],
							"lerp_mode": "catmullrom"
						},
						"1.375": {
							"post": [47.5, 0, 0],
							"lerp_mode": "catmullrom"
						},
						"1.75": {
							"post": [0, 0, 0],
							"lerp_mode": "catmullrom"
						}
					}
				},
				"tail13": {
					"rotation": {
						"0.0": {
							"post": [0, 0, 0],
							"lerp_mode": "catmullrom"
						},
						"0.25": {
							"post": [0, 0, 0],
							"lerp_mode": "catmullrom"
						},
						"0.5": {
							"post": [-15, 0, 0],
							"lerp_mode": "catmullrom"
						},
						"0.75": {
							"post": [0, 0, 0],
							"lerp_mode": "catmullrom"
						},
						"1.375": {
							"post": [0, 0, 0],
							"lerp_mode": "catmullrom"
						},
						"1.75": {
							"post": [0, 0, 0],
							"lerp_mode": "catmullrom"
						}
					}
				},
				"tail14": {
					"rotation": {
						"0.0": {
							"post": [0, 0, 0],
							"lerp_mode": "catmullrom"
						},
						"0.25": {
							"post": [0, 0, 0],
							"lerp_mode": "catmullrom"
						},
						"0.5": {
							"post": [-20, 0, 0],
							"lerp_mode": "catmullrom"
						},
						"0.75": {
							"post": [0, 0, 0],
							"lerp_mode": "catmullrom"
						},
						"1.375": {
							"post": [0, 0, 0],
							"lerp_mode": "catmullrom"
						},
						"1.75": {
							"post": [0, 0, 0],
							"lerp_mode": "catmullrom"
						}
					}
				},
				"leg_right": {
					"rotation": {
						"0.0": {
							"post": [0, 0, 0],
							"lerp_mode": "catmullrom"
						},
						"0.25": {
							"post": [-27.5, 0, 0],
							"lerp_mode": "catmullrom"
						},
						"0.5": {
							"post": [-40, 0, 0],
							"lerp_mode": "catmullrom"
						},
						"0.75": {
							"post": [20, 0, 0],
							"lerp_mode": "catmullrom"
						},
						"1.375": {
							"post": [20, 0, 0],
							"lerp_mode": "catmullrom"
						},
						"1.75": {
							"post": [0, 0, 0],
							"lerp_mode": "catmullrom"
						}
					}
				},
				"leg_right2": {
					"rotation": {
						"0.0": {
							"post": [0, 0, 0],
							"lerp_mode": "catmullrom"
						},
						"0.25": {
							"post": [52.5, 0, 0],
							"lerp_mode": "catmullrom"
						},
						"0.5": {
							"post": [60, 0, 0],
							"lerp_mode": "catmullrom"
						},
						"0.75": {
							"post": [2.5, 0, 0],
							"lerp_mode": "catmullrom"
						},
						"1.375": {
							"post": [2.5, 0, 0],
							"lerp_mode": "catmullrom"
						},
						"1.75": {
							"post": [0, 0, 0],
							"lerp_mode": "catmullrom"
						}
					}
				},
				"leg_left": {
					"rotation": {
						"0.0": {
							"post": [0, 0, 0],
							"lerp_mode": "catmullrom"
						},
						"0.25": {
							"post": [-20, 0, 0],
							"lerp_mode": "catmullrom"
						},
						"0.5": {
							"post": [-35, 0, 0],
							"lerp_mode": "catmullrom"
						},
						"0.75": {
							"post": [17.5, 0, 0],
							"lerp_mode": "catmullrom"
						},
						"1.375": {
							"post": [17.5, 0, 0],
							"lerp_mode": "catmullrom"
						},
						"1.75": {
							"post": [0, 0, 0],
							"lerp_mode": "catmullrom"
						}
					}
				},
				"leg_left2": {
					"rotation": {
						"0.0": {
							"post": [0, 0, 0],
							"lerp_mode": "catmullrom"
						},
						"0.25": {
							"post": [15, 0, 0],
							"lerp_mode": "catmullrom"
						},
						"0.5": {
							"post": [32.5, 0, 0],
							"lerp_mode": "catmullrom"
						},
						"0.75": {
							"post": [-7.5, 0, 0],
							"lerp_mode": "catmullrom"
						},
						"1.375": {
							"post": [-7.5, 0, 0],
							"lerp_mode": "catmullrom"
						},
						"1.75": {
							"post": [0, 0, 0],
							"lerp_mode": "catmullrom"
						}
					}
				},
				"chest_back_rotate": {
					"rotation": {
						"0.0": {
							"post": [0, 0, 0],
							"lerp_mode": "catmullrom"
						},
						"0.25": {
							"post": [20, 0, 0],
							"lerp_mode": "catmullrom"
						},
						"0.5": {
							"post": [20, 0, 0],
							"lerp_mode": "catmullrom"
						},
						"0.75": {
							"post": [0, 0, 0],
							"lerp_mode": "catmullrom"
						},
						"1.375": {
							"post": [0, 0, 0],
							"lerp_mode": "catmullrom"
						},
						"1.75": {
							"post": [0, 0, 0],
							"lerp_mode": "catmullrom"
						}
					}
				},
				"lowbody_rotote_back": {
					"rotation": {
						"0.0": {
							"post": [0, 0, 0],
							"lerp_mode": "catmullrom"
						},
						"0.25": {
							"post": [-17.5, 0, 0],
							"lerp_mode": "catmullrom"
						},
						"0.5": {
							"post": [-17.5, 0, 0],
							"lerp_mode": "catmullrom"
						},
						"0.75": {
							"post": [0, 0, 0],
							"lerp_mode": "catmullrom"
						},
						"1.375": {
							"post": [0, 0, 0],
							"lerp_mode": "catmullrom"
						},
						"1.75": {
							"post": [0, 0, 0],
							"lerp_mode": "catmullrom"
						}
					}
				}
			}
		},
		"animation.pokemans_thundurus_therian.physical_attack": {
			"animation_length": 1.625,
			"bones": {
				"body": {
					"rotation": {
						"0.0": {
							"post": [0, 0, 0],
							"lerp_mode": "catmullrom"
						},
						"0.2083": {
							"post": [0, 0, 0],
							"lerp_mode": "catmullrom"
						},
						"0.4167": {
							"post": [-5.0506, 7.45996, -0.77616],
							"lerp_mode": "catmullrom"
						},
						"0.625": {
							"post": [-5.0506, 7.45996, -0.77616],
							"lerp_mode": "catmullrom"
						},
						"0.8333": {
							"post": [33.74367, -18.5534, -7.6032],
							"lerp_mode": "catmullrom"
						},
						"1.0": {
							"post": [50.36903, -30.67252, -17.20735],
							"lerp_mode": "catmullrom"
						},
						"1.25": {
							"post": [42.86903, -30.67252, -17.20735],
							"lerp_mode": "catmullrom"
						},
						"1.625": {
							"post": [0, 0, 0],
							"lerp_mode": "catmullrom"
						}
					},
					"position": {
						"0.0": {
							"post": [0, 0, 0],
							"lerp_mode": "catmullrom"
						},
						"0.2083": {
							"post": [0, 5, 6],
							"lerp_mode": "catmullrom"
						},
						"0.4167": {
							"post": [0, 8, 10],
							"lerp_mode": "catmullrom"
						},
						"0.625": {
							"post": [0, 12, 15],
							"lerp_mode": "catmullrom"
						},
						"0.7917": {
							"post": [0, -3, -14],
							"lerp_mode": "catmullrom"
						},
						"0.8333": {
							"post": [0, -5, -21],
							"lerp_mode": "catmullrom"
						},
						"0.875": {
							"post": [0, -5.31, -22.55],
							"lerp_mode": "catmullrom"
						},
						"0.9167": {
							"post": [0, -5, -21],
							"lerp_mode": "catmullrom"
						},
						"0.9583": {
							"post": [0, -5.31, -22.55],
							"lerp_mode": "catmullrom"
						},
						"1.0": {
							"post": [0, -5, -21],
							"lerp_mode": "catmullrom"
						},
						"1.0417": {
							"post": [0, -5.31, -22.55],
							"lerp_mode": "catmullrom"
						},
						"1.0833": {
							"post": [0, -5, -21],
							"lerp_mode": "catmullrom"
						},
						"1.125": {
							"post": [0, -5.31, -22.55],
							"lerp_mode": "catmullrom"
						},
						"1.1667": {
							"post": [0, -5, -21],
							"lerp_mode": "catmullrom"
						},
						"1.625": {
							"post": [0, 0, 0],
							"lerp_mode": "catmullrom"
						}
					}
				},
				"chest": {
					"rotation": {
						"0.0": {
							"post": [0, 0, 0],
							"lerp_mode": "catmullrom"
						},
						"0.2083": {
							"post": [0, 0, 0],
							"lerp_mode": "catmullrom"
						},
						"0.4167": {
							"post": [-23.23272, 13.74028, -6.07583],
							"lerp_mode": "catmullrom"
						},
						"0.625": {
							"post": [-23.82886, 18.28967, -8.23469],
							"lerp_mode": "catmullrom"
						},
						"0.8333": {
							"post": [7.5, -17.5, 0],
							"lerp_mode": "catmullrom"
						},
						"1.0": {
							"post": [7.5, -17.5, 0],
							"lerp_mode": "catmullrom"
						},
						"1.25": {
							"post": [7.5, -17.5, 0],
							"lerp_mode": "catmullrom"
						},
						"1.625": {
							"post": [0, 0, 0],
							"lerp_mode": "catmullrom"
						}
					}
				},
				"chest2": {
					"rotation": {
						"0.0": {
							"post": [0, 0, 0],
							"lerp_mode": "catmullrom"
						},
						"0.2083": {
							"post": [-22.5, 0, 0],
							"lerp_mode": "catmullrom"
						},
						"0.4167": {
							"post": [-5.37341, 15.12378, 0.82041],
							"lerp_mode": "catmullrom"
						},
						"0.625": {
							"post": [-15.37341, 15.12378, 0.82041],
							"lerp_mode": "catmullrom"
						},
						"0.8333": {
							"post": [10, -12.5, 0],
							"lerp_mode": "catmullrom"
						},
						"1.0": {
							"post": [12.5, -12.5, 0],
							"lerp_mode": "catmullrom"
						},
						"1.25": {
							"post": [17.5, -12.5, 0],
							"lerp_mode": "catmullrom"
						},
						"1.625": {
							"post": [0, 0, 0],
							"lerp_mode": "catmullrom"
						}
					}
				},
				"arm_right": {
					"rotation": {
						"0.0": {
							"post": [0, 0, 0],
							"lerp_mode": "catmullrom"
						},
						"0.2083": {
							"post": [0.59119, -7.45045, -16.04466],
							"lerp_mode": "catmullrom"
						},
						"0.4167": {
							"post": [-0.72426, 38.82951, -2.9367],
							"lerp_mode": "catmullrom"
						},
						"0.625": {
							"post": [-0.72426, 38.82951, -2.9367],
							"lerp_mode": "catmullrom"
						},
						"0.8333": {
							"post": [0, 0, 0],
							"lerp_mode": "catmullrom"
						},
						"1.0": {
							"post": [0, -40, 0],
							"lerp_mode": "catmullrom"
						},
						"1.25": {
							"post": [0, -40, 0],
							"lerp_mode": "catmullrom"
						},
						"1.625": {
							"post": [0, 0, 0],
							"lerp_mode": "catmullrom"
						}
					}
				},
				"arm_right2": {
					"rotation": {
						"0.0": {
							"post": [0, 0, 0],
							"lerp_mode": "catmullrom"
						},
						"0.2083": {
							"post": [0, -15, -20],
							"lerp_mode": "catmullrom"
						},
						"0.4167": {
							"post": [-3.73485, -7.86757, -37.00399],
							"lerp_mode": "catmullrom"
						},
						"0.625": {
							"post": [-3.83003, -0.38386, -37.50743],
							"lerp_mode": "catmullrom"
						},
						"0.8333": {
							"post": [0, 0, 0],
							"lerp_mode": "catmullrom"
						},
						"1.0": {
							"post": [0, -22.5, 0],
							"lerp_mode": "catmullrom"
						},
						"1.25": {
							"post": [0, -22.5, 0],
							"lerp_mode": "catmullrom"
						},
						"1.625": {
							"post": [0, 0, 0],
							"lerp_mode": "catmullrom"
						}
					}
				},
				"arm_right3": {
					"rotation": {
						"0.0": {
							"post": [0, 0, 0],
							"lerp_mode": "catmullrom"
						},
						"0.2083": {
							"post": [0, -7.5, 0],
							"lerp_mode": "catmullrom"
						},
						"0.4167": {
							"post": [2.6241, -35.88516, 3.604],
							"lerp_mode": "catmullrom"
						},
						"0.625": {
							"post": [16.93744, -24.52359, 25.54982],
							"lerp_mode": "catmullrom"
						},
						"0.8333": {
							"post": [0, 0, 0],
							"lerp_mode": "catmullrom"
						},
						"1.0": {
							"post": [-4.53768, -0.22824, -5.66787],
							"lerp_mode": "catmullrom"
						},
						"1.25": {
							"post": [-4.53768, -0.22824, -5.66787],
							"lerp_mode": "catmullrom"
						},
						"1.625": {
							"post": [0, 0, 0],
							"lerp_mode": "catmullrom"
						}
					}
				},
				"arm_right4": {
					"rotation": {
						"0.0": {
							"post": [0, 0, 0],
							"lerp_mode": "catmullrom"
						},
						"0.2083": {
							"post": [0, 0, 0],
							"lerp_mode": "catmullrom"
						},
						"0.4167": {
							"post": [16.88259, -4.88654, -0.835],
							"lerp_mode": "catmullrom"
						},
						"0.625": {
							"post": [16.88259, -4.88654, -0.835],
							"lerp_mode": "catmullrom"
						},
						"1.0": {
							"post": [15.61369, -6.7952, 11.58374],
							"lerp_mode": "catmullrom"
						},
						"1.25": {
							"post": [15.61369, -6.7952, 11.58374],
							"lerp_mode": "catmullrom"
						},
						"1.625": {
							"post": [0, 0, 0],
							"lerp_mode": "catmullrom"
						}
					}
				},
				"arm_right5": {
					"rotation": {
						"0.0": {
							"post": [0, 0, 0],
							"lerp_mode": "catmullrom"
						},
						"0.2083": {
							"post": [0, 0, 0],
							"lerp_mode": "catmullrom"
						},
						"0.4167": {
							"post": [0, 0, 10],
							"lerp_mode": "catmullrom"
						},
						"0.625": {
							"post": [0, 0, 15],
							"lerp_mode": "catmullrom"
						},
						"1.0": {
							"post": [0, 0, 10],
							"lerp_mode": "catmullrom"
						},
						"1.25": {
							"post": [0, 0, 10],
							"lerp_mode": "catmullrom"
						},
						"1.625": {
							"post": [0, 0, 0],
							"lerp_mode": "catmullrom"
						}
					}
				},
				"fingers_right": {
					"rotation": {
						"0.0": {
							"post": [0, 0, 0],
							"lerp_mode": "catmullrom"
						},
						"0.2083": {
							"post": [0, 0, 0],
							"lerp_mode": "catmullrom"
						},
						"0.4167": {
							"post": [0, 0, -17.5],
							"lerp_mode": "catmullrom"
						},
						"0.625": {
							"post": [0, 0, -17.5],
							"lerp_mode": "catmullrom"
						},
						"1.0": {
							"post": [0, 0, -17.5],
							"lerp_mode": "catmullrom"
						},
						"1.25": {
							"post": [0, 0, -17.5],
							"lerp_mode": "catmullrom"
						},
						"1.625": {
							"post": [0, 0, 0],
							"lerp_mode": "catmullrom"
						}
					}
				},
				"arm_right_cloud": {
					"rotation": {
						"0.0": {
							"post": [0, 0, 0],
							"lerp_mode": "catmullrom"
						},
						"1.625": {
							"post": [0, 0, 0],
							"lerp_mode": "catmullrom"
						}
					}
				},
				"arm_left": {
					"rotation": {
						"0.0": {
							"post": [0, 0, 0],
							"lerp_mode": "catmullrom"
						},
						"0.2083": {
							"post": [0.59119, 7.45045, 16.04466],
							"lerp_mode": "catmullrom"
						},
						"0.4167": {
							"post": [3.26241, 18.77938, 15.57653],
							"lerp_mode": "catmullrom"
						},
						"0.625": {
							"post": [5.69189, 28.60574, 18.63478],
							"lerp_mode": "catmullrom"
						},
						"0.8333": {
							"post": [1.0388, -69.62072, -0.36833],
							"lerp_mode": "catmullrom"
						},
						"1.0": {
							"post": [1.67536, -74.57615, -1.28983],
							"lerp_mode": "catmullrom"
						},
						"1.25": {
							"post": [1.67536, -74.57615, -1.28983],
							"lerp_mode": "catmullrom"
						},
						"1.625": {
							"post": [0, 0, 0],
							"lerp_mode": "catmullrom"
						}
					}
				},
				"arm_left2": {
					"rotation": {
						"0.0": {
							"post": [0, 0, 0],
							"lerp_mode": "catmullrom"
						},
						"0.2083": {
							"post": [0, 15, 20],
							"lerp_mode": "catmullrom"
						},
						"0.4167": {
							"post": [0, 16.95335, 9.27114],
							"lerp_mode": "catmullrom"
						},
						"0.625": {
							"post": [0, 39.45335, 9.27114],
							"lerp_mode": "catmullrom"
						},
						"0.8333": {
							"post": [0, 0, 15],
							"lerp_mode": "catmullrom"
						},
						"1.0": {
							"post": [0, -2.5, 0],
							"lerp_mode": "catmullrom"
						},
						"1.25": {
							"post": [0, -15, 0],
							"lerp_mode": "catmullrom"
						},
						"1.625": {
							"post": [0, 0, 0],
							"lerp_mode": "catmullrom"
						}
					}
				},
				"arm_left3": {
					"rotation": {
						"0.0": {
							"post": [0, 0, 0],
							"lerp_mode": "catmullrom"
						},
						"0.2083": {
							"post": [0, 7.5, 0],
							"lerp_mode": "catmullrom"
						},
						"0.4167": {
							"post": [0, 7.5, 0],
							"lerp_mode": "catmullrom"
						},
						"0.625": {
							"post": [0, 7.5, 0],
							"lerp_mode": "catmullrom"
						},
						"0.8333": {
							"post": [0, 47.5, 0],
							"lerp_mode": "catmullrom"
						},
						"1.0": {
							"post": [10.33993, 22.30514, -15.36898],
							"lerp_mode": "catmullrom"
						},
						"1.25": {
							"post": [10.33993, 22.30514, -15.36898],
							"lerp_mode": "catmullrom"
						},
						"1.625": {
							"post": [0, 0, 0],
							"lerp_mode": "catmullrom"
						}
					}
				},
				"arm_left4": {
					"rotation": {
						"0.0": {
							"post": [0, 0, 0],
							"lerp_mode": "catmullrom"
						},
						"0.2083": {
							"post": [0, 0, 0],
							"lerp_mode": "catmullrom"
						},
						"0.4167": {
							"post": [-1.03936, -2.87185, -51.95762],
							"lerp_mode": "catmullrom"
						},
						"0.625": {
							"post": [-1.03936, -2.87185, -51.95762],
							"lerp_mode": "catmullrom"
						},
						"0.8333": {
							"post": [47.5, 0, 0],
							"lerp_mode": "catmullrom"
						},
						"1.0833": {
							"post": [44.75235, 15.7627, -19.65736],
							"lerp_mode": "catmullrom"
						},
						"1.2917": {
							"post": [46.82466, 7.9972, -9.63846],
							"lerp_mode": "catmullrom"
						},
						"1.625": {
							"post": [0, 0, 0],
							"lerp_mode": "catmullrom"
						}
					}
				},
				"arm_left5": {
					"rotation": {
						"0.0": {
							"post": [0, 0, 0],
							"lerp_mode": "catmullrom"
						},
						"0.2083": {
							"post": [0, 0, 0],
							"lerp_mode": "catmullrom"
						},
						"0.4167": {
							"post": [0, 0, 0],
							"lerp_mode": "catmullrom"
						},
						"0.625": {
							"post": [0, 0, 0],
							"lerp_mode": "catmullrom"
						},
						"0.8333": {
							"post": [0, 0, -2.5],
							"lerp_mode": "catmullrom"
						},
						"1.0833": {
							"post": [0, 0, 10],
							"lerp_mode": "catmullrom"
						},
						"1.2917": {
							"post": [0, 0, -5],
							"lerp_mode": "catmullrom"
						},
						"1.625": {
							"post": [0, 0, 0],
							"lerp_mode": "catmullrom"
						}
					}
				},
				"fingers_left": {
					"rotation": {
						"0.0": {
							"post": [0, 0, 0],
							"lerp_mode": "catmullrom"
						},
						"0.6667": {
							"post": [0, 0, 0],
							"lerp_mode": "catmullrom"
						},
						"1.25": {
							"post": [0, 0, -22.5],
							"lerp_mode": "catmullrom"
						},
						"1.625": {
							"post": [0, 0, 0],
							"lerp_mode": "catmullrom"
						}
					}
				},
				"neck": {
					"rotation": {
						"0.0": {
							"post": [0, 0, 0],
							"lerp_mode": "catmullrom"
						},
						"0.2083": {
							"post": [7.5, 0, 0],
							"lerp_mode": "catmullrom"
						},
						"0.4167": {
							"post": [26.4436, -11.65925, -4.53839],
							"lerp_mode": "catmullrom"
						},
						"0.625": {
							"post": [26.4436, -11.65925, -4.53839],
							"lerp_mode": "catmullrom"
						},
						"0.8333": {
							"post": [0, 5, 0],
							"lerp_mode": "catmullrom"
						},
						"1.0": {
							"post": [0, 5, 0],
							"lerp_mode": "catmullrom"
						},
						"1.25": {
							"post": [0, 5, 0],
							"lerp_mode": "catmullrom"
						},
						"1.625": {
							"post": [0, 0, 0],
							"lerp_mode": "catmullrom"
						}
					}
				},
				"neck2": {
					"rotation": {
						"0.0": {
							"post": [0, 0, 0],
							"lerp_mode": "catmullrom"
						},
						"0.2083": {
							"post": [0, 0, 0],
							"lerp_mode": "catmullrom"
						},
						"0.4167": {
							"post": [-15, 0, 0],
							"lerp_mode": "catmullrom"
						},
						"0.625": {
							"post": [-15, 0, 0],
							"lerp_mode": "catmullrom"
						},
						"1.0": {
							"post": [-27.5, 0, 0],
							"lerp_mode": "catmullrom"
						},
						"1.25": {
							"post": [-27.5, 0, 0],
							"lerp_mode": "catmullrom"
						},
						"1.625": {
							"post": [0, 0, 0],
							"lerp_mode": "catmullrom"
						}
					}
				},
				"head": {
					"rotation": {
						"0.0": {
							"post": [0, 0, 0],
							"lerp_mode": "catmullrom"
						},
						"0.2083": {
							"post": [7.5, 0, 0],
							"lerp_mode": "catmullrom"
						},
						"0.4167": {
							"post": [-14.02, 0, 0],
							"lerp_mode": "catmullrom"
						},
						"0.625": {
							"post": [-6.52, 0, 0],
							"lerp_mode": "catmullrom"
						},
						"0.8333": {
							"post": [-15.11226, 17.48524, -0.72998],
							"lerp_mode": "catmullrom"
						},
						"1.0": {
							"post": [-16.5852, 37.31487, 1.70837],
							"lerp_mode": "catmullrom"
						},
						"1.25": {
							"post": [-16.5852, 37.31487, 1.70837],
							"lerp_mode": "catmullrom"
						},
						"1.625": {
							"post": [0, 0, 0],
							"lerp_mode": "catmullrom"
						}
					}
				},
				"jaw": {
					"rotation": {
						"0.0": {
							"post": [0, 0, 0],
							"lerp_mode": "catmullrom"
						},
						"0.4167": {
							"post": [45, 0, 0],
							"lerp_mode": "catmullrom"
						},
						"0.625": {
							"post": [57.5, 0, 0],
							"lerp_mode": "catmullrom"
						},
						"0.8333": {
							"post": [7.5, 0, 0],
							"lerp_mode": "catmullrom"
						},
						"1.0": {
							"post": [7.5, 0, 0],
							"lerp_mode": "catmullrom"
						},
						"1.25": {
							"post": [7.5, 0, 0],
							"lerp_mode": "catmullrom"
						},
						"1.625": {
							"post": [0, 0, 0],
							"lerp_mode": "catmullrom"
						}
					}
				},
				"lowbody2": {
					"rotation": {
						"0.0": {
							"post": [0, 0, 0],
							"lerp_mode": "catmullrom"
						},
						"1.0": {
							"post": [-17.5, 0, 0],
							"lerp_mode": "catmullrom"
						},
						"1.25": {
							"post": [-17.5, 0, 0],
							"lerp_mode": "catmullrom"
						},
						"1.625": {
							"post": [0, 0, 0],
							"lerp_mode": "catmullrom"
						}
					}
				},
				"leg_right": {
					"rotation": {
						"0.0": {
							"post": [0, 0, 0],
							"lerp_mode": "catmullrom"
						},
						"0.2083": {
							"post": [-17.5, 0, 0],
							"lerp_mode": "catmullrom"
						},
						"0.4167": {
							"post": [-28.11, 0, 0],
							"lerp_mode": "catmullrom"
						},
						"0.625": {
							"post": [-28.11, 0, 0],
							"lerp_mode": "catmullrom"
						},
						"0.8333": {
							"post": [0, 0, 0],
							"lerp_mode": "catmullrom"
						},
						"1.0": {
							"post": [-27.5, 0, 0],
							"lerp_mode": "catmullrom"
						},
						"1.25": {
							"post": [-27.5, 0, 0],
							"lerp_mode": "catmullrom"
						},
						"1.625": {
							"post": [0, 0, 0],
							"lerp_mode": "catmullrom"
						}
					}
				},
				"leg_right2": {
					"rotation": {
						"0.0": {
							"post": [0, 0, 0],
							"lerp_mode": "catmullrom"
						},
						"0.2083": {
							"post": [22.5, 0, 0],
							"lerp_mode": "catmullrom"
						},
						"0.4167": {
							"post": [27.93, 0, 0],
							"lerp_mode": "catmullrom"
						},
						"0.625": {
							"post": [27.93, 0, 0],
							"lerp_mode": "catmullrom"
						},
						"0.8333": {
							"post": [0, 0, 0],
							"lerp_mode": "catmullrom"
						},
						"1.0": {
							"post": [0, 0, 0],
							"lerp_mode": "catmullrom"
						},
						"1.25": {
							"post": [25, 0, 0],
							"lerp_mode": "catmullrom"
						},
						"1.625": {
							"post": [0, 0, 0],
							"lerp_mode": "catmullrom"
						}
					}
				},
				"leg_right3": {
					"rotation": {
						"0.0": {
							"post": [0, 0, 0],
							"lerp_mode": "catmullrom"
						},
						"0.2083": {
							"post": [20, 0, 0],
							"lerp_mode": "catmullrom"
						},
						"0.4167": {
							"post": [20, 0, 0],
							"lerp_mode": "catmullrom"
						},
						"0.625": {
							"post": [20, 0, 0],
							"lerp_mode": "catmullrom"
						},
						"0.8333": {
							"post": [0, 0, 0],
							"lerp_mode": "catmullrom"
						},
						"1.25": {
							"post": [15, 0, 0],
							"lerp_mode": "catmullrom"
						},
						"1.625": {
							"post": [0, 0, 0],
							"lerp_mode": "catmullrom"
						}
					}
				},
				"leg_right4": {
					"rotation": {
						"0.0": {
							"post": [0, 0, 0],
							"lerp_mode": "catmullrom"
						},
						"0.2083": {
							"post": [-7.5, 0, 0],
							"lerp_mode": "catmullrom"
						},
						"0.4167": {
							"post": [-7.5, 0, 0],
							"lerp_mode": "catmullrom"
						},
						"0.625": {
							"post": [-7.5, 0, 0],
							"lerp_mode": "catmullrom"
						},
						"0.8333": {
							"post": [0, 0, 0],
							"lerp_mode": "catmullrom"
						},
						"1.0": {
							"post": [0, 0, 0],
							"lerp_mode": "catmullrom"
						},
						"1.25": {
							"post": [0, 0, 0],
							"lerp_mode": "catmullrom"
						},
						"1.625": {
							"post": [0, 0, 0],
							"lerp_mode": "catmullrom"
						}
					}
				},
				"leg_left": {
					"rotation": {
						"0.0": {
							"post": [0, 0, 0],
							"lerp_mode": "catmullrom"
						},
						"0.2083": {
							"post": [17.5, 0, 0],
							"lerp_mode": "catmullrom"
						},
						"0.4167": {
							"post": [-24.39, 0, 0],
							"lerp_mode": "catmullrom"
						},
						"0.625": {
							"post": [-24.39, 0, 0],
							"lerp_mode": "catmullrom"
						},
						"0.8333": {
							"post": [0, 0, 0],
							"lerp_mode": "catmullrom"
						},
						"1.0": {
							"post": [-27.5, 0, 0],
							"lerp_mode": "catmullrom"
						},
						"1.25": {
							"post": [-27.5, 0, 0],
							"lerp_mode": "catmullrom"
						},
						"1.625": {
							"post": [0, 0, 0],
							"lerp_mode": "catmullrom"
						}
					}
				},
				"leg_left2": {
					"rotation": {
						"0.0": {
							"post": [0, 0, 0],
							"lerp_mode": "catmullrom"
						},
						"0.2083": {
							"post": [-37.5, 0, 0],
							"lerp_mode": "catmullrom"
						},
						"0.4167": {
							"post": [22.62, 0, 0],
							"lerp_mode": "catmullrom"
						},
						"0.625": {
							"post": [22.62, 0, 0],
							"lerp_mode": "catmullrom"
						},
						"0.8333": {
							"post": [0, 0, 0],
							"lerp_mode": "catmullrom"
						},
						"1.0": {
							"post": [25, 0, 0],
							"lerp_mode": "catmullrom"
						},
						"1.25": {
							"post": [35, 0, 0],
							"lerp_mode": "catmullrom"
						},
						"1.625": {
							"post": [0, 0, 0],
							"lerp_mode": "catmullrom"
						}
					}
				},
				"leg_left3": {
					"rotation": {
						"0.0": {
							"post": [0, 0, 0],
							"lerp_mode": "catmullrom"
						},
						"0.6667": {
							"post": [0, 0, 0],
							"lerp_mode": "catmullrom"
						},
						"1.25": {
							"post": [15, 0, 0],
							"lerp_mode": "catmullrom"
						},
						"1.625": {
							"post": [0, 0, 0],
							"lerp_mode": "catmullrom"
						}
					}
				},
				"leg_left4": {
					"rotation": {
						"0.0": {
							"post": [0, 0, 0],
							"lerp_mode": "catmullrom"
						},
						"0.2083": {
							"post": [-22.5, 0, 0],
							"lerp_mode": "catmullrom"
						},
						"0.4167": {
							"post": [-22.5, 0, 0],
							"lerp_mode": "catmullrom"
						},
						"0.625": {
							"post": [-22.5, 0, 0],
							"lerp_mode": "catmullrom"
						},
						"0.8333": {
							"post": [0, 0, 0],
							"lerp_mode": "catmullrom"
						},
						"1.0": {
							"post": [0, 0, 0],
							"lerp_mode": "catmullrom"
						},
						"1.25": {
							"post": [-57.5, 0, 0],
							"lerp_mode": "catmullrom"
						},
						"1.625": {
							"post": [0, 0, 0],
							"lerp_mode": "catmullrom"
						}
					}
				}
			}
		}
	}
}