{
	"format_version": "1.8.0",
	"animations": {
		"animation.pokemans_munkidori.pose": {
			"animation_length": 7.625,
			"bones": {
				"left_arm": {
					"position": [0, 0, 0]
				},
				"left_arm2": {
					"rotation": [0.01699, -0.17307, -122.50153]
				},
				"right_arm": {
					"rotation": [20.80569, -21.38857, -72.6306],
					"position": [0, 0, 0]
				},
				"right_arm2": {
					"rotation": {
						"0.0": [176.12989, -53.70416, -133.44986],
						"7.625": [175.24529, -61.18321, -132.40259]
					}
				},
				"right_pupil": {
					"rotation": [0, 0, -50],
					"position": [0.25, 0, 0]
				},
				"left_pupil": {
					"rotation": [0, 0, -50],
					"position": [0, 0.25, 0]
				},
				"head": {
					"rotation": [0, 0, -5],
					"position": [0, -0.7, 0],
					"scale": [1, 1, 1.1]
				},
				"jaw2": {
					"position": [0, 0, 0]
				},
				"torso": {
					"position": [0, -1.7, 0]
				},
				"torso2": {
					"rotation": [0, 0, -2.5]
				},
				"left_leg": {
					"rotation": [-32.5, -55, 0],
					"position": [0.5, 1, 0]
				},
				"left_leg2": {
					"rotation": [65, 0, 0]
				},
				"left_leg3": {
					"rotation": [-32.5, 0, 0]
				},
				"right_leg": {
					"rotation": [-32.5, 55, 0],
					"position": [-0.5, 1, 0]
				},
				"right_leg2": {
					"rotation": [65, 0, 0]
				},
				"right_leg3": {
					"rotation": [-32.5, 0, 0]
				},
				"legs": {
					"position": [0, -1.5, 0]
				}
			}
		},
		"animation.pokemans_munkidori.ground_idle": {
			"loop": true,
			"animation_length": 2,
			"bones": {
				"pokemans_munkidori": {
					"position": {
						"0.0": {
							"post": [0, -0.85, 0],
							"lerp_mode": "catmullrom"
						}
					}
				},
				"head": {
					"rotation": {
						"0.0": {
							"post": [-5, 0, 0],
							"lerp_mode": "catmullrom"
						},
						"1.0": {
							"post": [-2.5, 0, 0],
							"lerp_mode": "catmullrom"
						},
						"2.0": {
							"post": [-5, 0, 0],
							"lerp_mode": "catmullrom"
						}
					},
					"position": {
						"0.0": {
							"post": [0, 0, -0.4],
							"lerp_mode": "catmullrom"
						},
						"1.0": {
							"post": [0, -0.2, -0.4],
							"lerp_mode": "catmullrom"
						},
						"2.0": {
							"post": [0, 0, -0.4],
							"lerp_mode": "catmullrom"
						}
					},
					"scale": [1, 1, 1.1]
				},
				"torso": {
					"position": {
						"0.0": {
							"post": [0, 0, 0],
							"lerp_mode": "catmullrom"
						},
						"1.0": {
							"post": [0, -0.2, 0],
							"lerp_mode": "catmullrom"
						},
						"2.0": {
							"post": [0, 0, 0],
							"lerp_mode": "catmullrom"
						}
					}
				},
				"torso2": {
					"rotation": {
						"0.0": {
							"post": [5, 0, 0],
							"lerp_mode": "catmullrom"
						},
						"1.0": {
							"post": [7.5, 0, 0],
							"lerp_mode": "catmullrom"
						},
						"2.0": {
							"post": [5, 0, 0],
							"lerp_mode": "catmullrom"
						}
					}
				},
				"left_arm": {
					"rotation": [100.12826, 37.80946, "75.8386+math.sin((query.anim_time-0.1)*180)*5"],
					"position": {
						"0.0": {
							"post": [-1, -1, 0],
							"lerp_mode": "catmullrom"
						}
					}
				},
				"left_arm2": {
					"rotation": {
						"0.0": {
							"post": [24.40528, 22.29711, -8.11003],
							"lerp_mode": "catmullrom"
						},
						"1.0": {
							"post": [24.85696, 24.56972, -6.9745],
							"lerp_mode": "catmullrom"
						},
						"2.0": {
							"post": [24.40528, 22.29711, -8.11003],
							"lerp_mode": "catmullrom"
						}
					},
					"position": {
						"0.0": {
							"post": [-0.2, 0, 0],
							"lerp_mode": "catmullrom"
						}
					}
				},
				"right_arm": {
					"rotation": [100.12826, -37.80946, "-75.8386034766+math.cos((query.anim_time-0.1)*180)*5"],
					"position": {
						"0.0": {
							"post": [1, -1, 0],
							"lerp_mode": "catmullrom"
						}
					}
				},
				"right_arm2": {
					"rotation": {
						"0.0": {
							"post": [24.40528, -22.29711, 8.11003],
							"lerp_mode": "catmullrom"
						},
						"1.0": {
							"post": [25.31623, -21.2487, 5.66745],
							"lerp_mode": "catmullrom"
						},
						"2.0": {
							"post": [24.40528, -22.29711, 8.11003],
							"lerp_mode": "catmullrom"
						}
					},
					"position": {
						"0.0": {
							"post": [0.2, 0, 0],
							"lerp_mode": "catmullrom"
						}
					}
				},
				"left_leg": {
					"rotation": {
						"0.0": {
							"post": [-20, -42.5, 0],
							"lerp_mode": "catmullrom"
						}
					},
					"position": {
						"0.0": {
							"post": [0, 0.8, 0],
							"lerp_mode": "catmullrom"
						}
					}
				},
				"left_leg2": {
					"rotation": {
						"0.0": {
							"post": [25, 0, 0],
							"lerp_mode": "catmullrom"
						}
					}
				},
				"left_leg3": {
					"rotation": {
						"0.0": {
							"post": [-5, 0, 0],
							"lerp_mode": "catmullrom"
						}
					}
				},
				"right_leg": {
					"rotation": {
						"0.0": {
							"post": [-20, 42.5, 0],
							"lerp_mode": "catmullrom"
						}
					},
					"position": {
						"0.0": {
							"post": [0, 0.8, 0],
							"lerp_mode": "catmullrom"
						}
					}
				},
				"right_leg2": {
					"rotation": {
						"0.0": {
							"post": [25, 0, 0],
							"lerp_mode": "catmullrom"
						}
					}
				},
				"right_leg3": {
					"rotation": {
						"0.0": {
							"post": [-5, 0, 0],
							"lerp_mode": "catmullrom"
						}
					}
				}
			}
		},
		"animation.pokemans_munkidori.ground_walk": {
			"loop": true,
			"animation_length": 1.6,
			"bones": {
				"pokemans_munkidori": {
					"position": {
						"0.0": {
							"post": [0, -0.85, 0],
							"lerp_mode": "catmullrom"
						},
						"0.4": {
							"post": [0, -0.85, 0],
							"lerp_mode": "catmullrom"
						},
						"0.8": {
							"post": [0, -0.85, 0],
							"lerp_mode": "catmullrom"
						},
						"1.6": {
							"post": [0, -0.85, 0],
							"lerp_mode": "catmullrom"
						}
					}
				},
				"head": {
					"rotation": {
						"0.0": {
							"post": [2.5, 0, 0],
							"lerp_mode": "catmullrom"
						},
						"0.4": {
							"post": [-5, 0, 0],
							"lerp_mode": "catmullrom"
						},
						"0.8": {
							"post": [-5, 0, 0],
							"lerp_mode": "catmullrom"
						},
						"1.6": {
							"post": [2.5, 0, 0],
							"lerp_mode": "catmullrom"
						}
					},
					"position": {
						"0.0": {
							"post": [0, 0, -0.4],
							"lerp_mode": "catmullrom"
						},
						"0.4": {
							"post": [0, 0, -0.4],
							"lerp_mode": "catmullrom"
						},
						"0.8": {
							"post": [0, 0, -0.4],
							"lerp_mode": "catmullrom"
						},
						"1.6": {
							"post": [0, 0, -0.4],
							"lerp_mode": "catmullrom"
						}
					},
					"scale": {
						"0.0": {
							"post": [1, 1, 1.1],
							"lerp_mode": "catmullrom"
						},
						"0.4": {
							"post": [1, 1, 1.1],
							"lerp_mode": "catmullrom"
						},
						"0.8": {
							"post": [1, 1, 1.1],
							"lerp_mode": "catmullrom"
						},
						"1.6": {
							"post": [1, 1, 1.1],
							"lerp_mode": "catmullrom"
						}
					}
				},
				"torso": {
					"rotation": {
						"0.0": {
							"post": [2.54292, -7.4713, -0.6574],
							"lerp_mode": "catmullrom"
						},
						"0.4": {
							"post": [17.5, -10, 0],
							"lerp_mode": "catmullrom"
						},
						"0.8": {
							"post": [0, 7.5, 0],
							"lerp_mode": "catmullrom"
						},
						"1.2": {
							"post": [15, 7.5, 0],
							"lerp_mode": "catmullrom"
						},
						"1.6": {
							"post": [2.54292, -7.4713, -0.6574],
							"lerp_mode": "catmullrom"
						}
					},
					"position": {
						"0.0": {
							"post": [0, 0, 0],
							"lerp_mode": "catmullrom"
						},
						"0.4": {
							"post": [0, 0, 0],
							"lerp_mode": "catmullrom"
						},
						"0.8": {
							"post": [0, 0, 0],
							"lerp_mode": "catmullrom"
						},
						"1.6": {
							"post": [0, 0, 0],
							"lerp_mode": "catmullrom"
						}
					}
				},
				"torso2": {
					"rotation": {
						"0.0": {
							"post": [-10, 0, 0],
							"lerp_mode": "catmullrom"
						},
						"0.4": {
							"post": [5, 0, 0],
							"lerp_mode": "catmullrom"
						},
						"0.8": {
							"post": [12.5, 0, 0],
							"lerp_mode": "catmullrom"
						},
						"1.6": {
							"post": [-10, 0, 0],
							"lerp_mode": "catmullrom"
						}
					}
				},
				"left_arm": {
					"rotation": {
						"0.0": {
							"post": [100.12826, 37.80946, 75.8386],
							"lerp_mode": "catmullrom"
						},
						"0.4": {
							"post": [100.12826, 37.80946, 75.8386],
							"lerp_mode": "catmullrom"
						},
						"0.8": {
							"post": [100.12826, 37.80946, 75.8386],
							"lerp_mode": "catmullrom"
						},
						"1.6": {
							"post": [100.12826, 37.80946, 75.8386],
							"lerp_mode": "catmullrom"
						}
					},
					"position": {
						"0.0": {
							"post": [-1, -1, 0],
							"lerp_mode": "catmullrom"
						},
						"0.4": {
							"post": [-1, -1, 0],
							"lerp_mode": "catmullrom"
						},
						"0.8": {
							"post": [-1, -1, 0],
							"lerp_mode": "catmullrom"
						},
						"1.6": {
							"post": [-1, -1, 0],
							"lerp_mode": "catmullrom"
						}
					}
				},
				"left_arm2": {
					"rotation": {
						"0.0": {
							"post": [24.40528, 22.29711, -8.11003],
							"lerp_mode": "catmullrom"
						},
						"0.4": {
							"post": [24.40528, 22.29711, -8.11003],
							"lerp_mode": "catmullrom"
						},
						"0.8": {
							"post": [24.40528, 22.29711, -8.11003],
							"lerp_mode": "catmullrom"
						},
						"1.6": {
							"post": [24.40528, 22.29711, -8.11003],
							"lerp_mode": "catmullrom"
						}
					},
					"position": {
						"0.0": {
							"post": [-0.2, 0, 0],
							"lerp_mode": "catmullrom"
						},
						"0.4": {
							"post": [-0.2, 0, 0],
							"lerp_mode": "catmullrom"
						},
						"0.8": {
							"post": [-0.2, 0, 0],
							"lerp_mode": "catmullrom"
						},
						"1.6": {
							"post": [-0.2, 0, 0],
							"lerp_mode": "catmullrom"
						}
					}
				},
				"right_arm": {
					"rotation": {
						"0.0": {
							"post": [100.12826, -37.80946, -75.8386],
							"lerp_mode": "catmullrom"
						},
						"0.4": {
							"post": [100.12826, -37.80946, -75.8386],
							"lerp_mode": "catmullrom"
						},
						"0.8": {
							"post": [100.12826, -37.80946, -75.8386],
							"lerp_mode": "catmullrom"
						},
						"1.6": {
							"post": [100.12826, -37.80946, -75.8386],
							"lerp_mode": "catmullrom"
						}
					},
					"position": {
						"0.0": {
							"post": [1, -1, 0],
							"lerp_mode": "catmullrom"
						},
						"0.4": {
							"post": [1, -1, 0],
							"lerp_mode": "catmullrom"
						},
						"0.8": {
							"post": [1, -1, 0],
							"lerp_mode": "catmullrom"
						},
						"1.6": {
							"post": [1, -1, 0],
							"lerp_mode": "catmullrom"
						}
					}
				},
				"right_arm2": {
					"rotation": {
						"0.0": {
							"post": [24.40528, -22.29711, 8.11003],
							"lerp_mode": "catmullrom"
						},
						"0.4": {
							"post": [24.40528, -22.29711, 8.11003],
							"lerp_mode": "catmullrom"
						},
						"0.8": {
							"post": [24.40528, -22.29711, 8.11003],
							"lerp_mode": "catmullrom"
						},
						"1.6": {
							"post": [24.40528, -22.29711, 8.11003],
							"lerp_mode": "catmullrom"
						}
					},
					"position": {
						"0.0": {
							"post": [0.2, 0, 0],
							"lerp_mode": "catmullrom"
						},
						"0.4": {
							"post": [0.2, 0, 0],
							"lerp_mode": "catmullrom"
						},
						"0.8": {
							"post": [0.2, 0, 0],
							"lerp_mode": "catmullrom"
						},
						"1.6": {
							"post": [0.2, 0, 0],
							"lerp_mode": "catmullrom"
						}
					}
				},
				"left_leg": {
					"rotation": {
						"0.0": {
							"post": [-20, -42.5, 0],
							"lerp_mode": "catmullrom"
						},
						"0.4": {
							"post": [12.5, -42.5, 0],
							"lerp_mode": "catmullrom"
						},
						"0.8": {
							"post": [-53.19386, -3.42017, -4.71265],
							"lerp_mode": "catmullrom"
						},
						"1.6": {
							"post": [-20, -42.5, 0],
							"lerp_mode": "catmullrom"
						}
					},
					"position": {
						"0.0": {
							"post": [0, 0.8, 0],
							"lerp_mode": "catmullrom"
						},
						"0.4": {
							"post": [0, 0.28, 0],
							"lerp_mode": "catmullrom"
						},
						"0.8": {
							"post": [0, 0.8, 0],
							"lerp_mode": "catmullrom"
						},
						"1.2": {
							"post": [0, 0.56, -1],
							"lerp_mode": "catmullrom"
						},
						"1.6": {
							"post": [0, 0.8, 0],
							"lerp_mode": "catmullrom"
						}
					}
				},
				"left_leg2": {
					"rotation": {
						"0.0": {
							"post": [25, 0, 0],
							"lerp_mode": "catmullrom"
						},
						"0.4": {
							"post": [37.5, 0, 0],
							"lerp_mode": "catmullrom"
						},
						"0.8": {
							"post": [27.5, 0, 0],
							"lerp_mode": "catmullrom"
						},
						"1.2": {
							"post": [52.5, 0, 0],
							"lerp_mode": "catmullrom"
						},
						"1.6": {
							"post": [25, 0, 0],
							"lerp_mode": "catmullrom"
						}
					}
				},
				"left_leg3": {
					"rotation": {
						"0.0": {
							"post": [-5, 0, 0],
							"lerp_mode": "catmullrom"
						},
						"0.4": {
							"post": [-47.5, 0, 0],
							"lerp_mode": "catmullrom"
						},
						"0.8": {
							"post": [20, 0, 0],
							"lerp_mode": "catmullrom"
						},
						"1.2": {
							"post": [-2.5, 0, 0],
							"lerp_mode": "catmullrom"
						},
						"1.6": {
							"post": [-5, 0, 0],
							"lerp_mode": "catmullrom"
						}
					}
				},
				"right_leg": {
					"rotation": {
						"0.0": {
							"post": [-50.20047, 21.41507, 0.58245],
							"lerp_mode": "catmullrom"
						},
						"0.4": {
							"post": [-32.88142, 17.08643, 1.31675],
							"lerp_mode": "catmullrom"
						},
						"0.8": {
							"post": [20, 42.5, 0],
							"lerp_mode": "catmullrom"
						},
						"1.2": {
							"post": [20, 42.5, 0],
							"lerp_mode": "catmullrom"
						},
						"1.6": {
							"post": [-50.20047, 21.41507, 0.58245],
							"lerp_mode": "catmullrom"
						}
					},
					"position": {
						"0.0": {
							"post": [0, 0.8, 0],
							"lerp_mode": "catmullrom"
						},
						"0.4": {
							"post": [0, 0.8, -1.46],
							"lerp_mode": "catmullrom"
						},
						"0.8": {
							"post": [0, 0.8, 0],
							"lerp_mode": "catmullrom"
						},
						"1.2": {
							"post": [0, 0.8, 0],
							"lerp_mode": "catmullrom"
						},
						"1.6": {
							"post": [0, 0.8, 0],
							"lerp_mode": "catmullrom"
						}
					}
				},
				"right_leg2": {
					"rotation": {
						"0.0": {
							"post": [25, 0, 0],
							"lerp_mode": "catmullrom"
						},
						"0.4": {
							"post": [25, 0, 0],
							"lerp_mode": "catmullrom"
						},
						"0.8": {
							"post": [25, 0, 0],
							"lerp_mode": "catmullrom"
						},
						"1.2": {
							"post": [25, 0, 0],
							"lerp_mode": "catmullrom"
						},
						"1.6": {
							"post": [25, 0, 0],
							"lerp_mode": "catmullrom"
						}
					}
				},
				"right_leg3": {
					"rotation": {
						"0.0": {
							"post": [12.5, 0, 0],
							"lerp_mode": "catmullrom"
						},
						"0.4": {
							"post": [10, 0, 0],
							"lerp_mode": "catmullrom"
						},
						"0.8": {
							"post": [-45, 0, 0],
							"lerp_mode": "catmullrom"
						},
						"1.2": {
							"post": [-45, 0, 0],
							"lerp_mode": "catmullrom"
						},
						"1.6": {
							"post": [12.5, 0, 0],
							"lerp_mode": "catmullrom"
						}
					}
				}
			}
		},
		"animation.pokemans_munkidori.battle_idle": {
			"loop": true,
			"animation_length": 1.5,
			"bones": {
				"pokemans_munkidori": {
					"position": {
						"0.0": {
							"post": [0, -0.85, 0],
							"lerp_mode": "catmullrom"
						},
						"0.75": {
							"post": [-0.2, -0.85, 0],
							"lerp_mode": "catmullrom"
						},
						"1.5": {
							"post": [0, -0.85, 0],
							"lerp_mode": "catmullrom"
						}
					}
				},
				"head": {
					"rotation": ["0-math.sin((query.anim_time-0.1)*480)*3", 0, 0],
					"position": {
						"0.0": {
							"post": [0, 0, -0.4],
							"lerp_mode": "catmullrom"
						}
					},
					"scale": [1, 1, 1.1]
				},
				"torso": {
					"rotation": ["5-math.cos((query.anim_time-0.1)*480)*2", 0, "0-math.sin((query.anim_time-0.1)*480)*1"],
					"position": {
						"0.0": {
							"post": [0, -0.6, -0.3],
							"lerp_mode": "catmullrom"
						},
						"0.375": {
							"post": [0, -0.3, -0.3],
							"lerp_mode": "catmullrom"
						},
						"0.75": {
							"post": [0, -0.6, -0.3],
							"lerp_mode": "catmullrom"
						},
						"1.125": {
							"post": [0, -0.3, -0.3],
							"lerp_mode": "catmullrom"
						},
						"1.5": {
							"post": [0, -0.6, -0.3],
							"lerp_mode": "catmullrom"
						}
					}
				},
				"torso2": {
					"rotation": ["0-math.cos((query.anim_time-0.1)*480)*1", 0, 0]
				},
				"left_arm": {
					"rotation": [59.14102, "44.508-math.sin((query.anim_time-0.2)*480)*3", "53.8412-math.sin((query.anim_time-0.2)*480)*3"],
					"position": {
						"0.0": {
							"post": [-1, -1, -1],
							"lerp_mode": "catmullrom"
						}
					}
				},
				"left_arm2": {
					"rotation": {
						"0.0": {
							"post": [-3.37822, 29.8021, -37.123],
							"lerp_mode": "catmullrom"
						},
						"0.375": {
							"post": [1.10102, 42.46022, -28.19787],
							"lerp_mode": "catmullrom"
						},
						"0.75": {
							"post": [-3.37822, 29.8021, -37.123],
							"lerp_mode": "catmullrom"
						},
						"1.125": {
							"post": [-3.66352, 30.40819, -22.71101],
							"lerp_mode": "catmullrom"
						},
						"1.5": {
							"post": [-3.37822, 29.8021, -37.123],
							"lerp_mode": "catmullrom"
						}
					},
					"position": {
						"0.0": {
							"post": [-0.5, 0, 0],
							"lerp_mode": "catmullrom"
						}
					}
				},
				"right_arm": {
					"rotation": [67.57503, -35.37465, "-59.1708929201-math.sin((query.anim_time-0.2)*480)*3"],
					"position": {
						"0.0": {
							"post": [1, -1, -1],
							"lerp_mode": "catmullrom"
						}
					}
				},
				"right_arm2": {
					"rotation": {
						"0.0": {
							"post": [0.13869, -32.58876, 57.9502],
							"lerp_mode": "catmullrom"
						},
						"0.375": {
							"post": [6.02918, -24.55448, 47.05975],
							"lerp_mode": "catmullrom"
						},
						"0.75": {
							"post": [0.13869, -32.58876, 57.9502],
							"lerp_mode": "catmullrom"
						},
						"1.125": {
							"post": [9.28815, -28.84742, 40.78763],
							"lerp_mode": "catmullrom"
						},
						"1.5": {
							"post": [0.13869, -32.58876, 57.9502],
							"lerp_mode": "catmullrom"
						}
					},
					"position": {
						"0.0": {
							"post": [0.5, -0.3, 0],
							"lerp_mode": "catmullrom"
						}
					}
				},
				"left_leg": {
					"rotation": {
						"0.0": {
							"post": [-47.5, -55, 0],
							"lerp_mode": "catmullrom"
						},
						"0.375": {
							"post": [-42.5, -55, 0],
							"lerp_mode": "catmullrom"
						},
						"0.75": {
							"post": [-47.5, -55, 0],
							"lerp_mode": "catmullrom"
						},
						"1.125": {
							"post": [-42.5, -55, 0],
							"lerp_mode": "catmullrom"
						},
						"1.5": {
							"post": [-47.5, -55, 0],
							"lerp_mode": "catmullrom"
						}
					},
					"position": {
						"0.0": {
							"post": [0.3, -0.1, -0.3],
							"lerp_mode": "catmullrom"
						},
						"0.375": {
							"post": [0.3, 0, -0.15],
							"lerp_mode": "catmullrom"
						},
						"0.75": {
							"post": [0.3, 0, 0],
							"lerp_mode": "catmullrom"
						},
						"1.125": {
							"post": [0.3, 0.5, -0.15],
							"lerp_mode": "catmullrom"
						},
						"1.5": {
							"post": [0.3, -0.1, -0.3],
							"lerp_mode": "catmullrom"
						}
					}
				},
				"left_leg2": {
					"rotation": {
						"0.0": {
							"post": [67.25, 14.98, 16.98],
							"lerp_mode": "catmullrom"
						},
						"0.375": {
							"post": [47.24943, 14.98328, 16.98216],
							"lerp_mode": "catmullrom"
						},
						"0.75": {
							"post": [49.74943, 14.98328, 16.98216],
							"lerp_mode": "catmullrom"
						},
						"1.125": {
							"post": [47.24943, 14.98328, 16.98216],
							"lerp_mode": "catmullrom"
						},
						"1.5": {
							"post": [67.25, 14.98, 16.98],
							"lerp_mode": "catmullrom"
						}
					},
					"position": {
						"0.0": {
							"post": [0, 0, 0],
							"lerp_mode": "catmullrom"
						},
						"0.375": {
							"post": [0, 0, 0],
							"lerp_mode": "catmullrom"
						},
						"0.75": {
							"post": [0, 0, 0],
							"lerp_mode": "catmullrom"
						},
						"1.125": {
							"post": [0, -0.3, 0.2],
							"lerp_mode": "catmullrom"
						},
						"1.5": {
							"post": [0, 0, 0],
							"lerp_mode": "catmullrom"
						}
					}
				},
				"left_leg3": {
					"rotation": {
						"0.0": {
							"post": [-17.5, 0, 0],
							"lerp_mode": "catmullrom"
						},
						"0.375": {
							"post": [-3.75, 0, 0],
							"lerp_mode": "catmullrom"
						},
						"0.75": {
							"post": [0, 0, 0],
							"lerp_mode": "catmullrom"
						},
						"1.125": {
							"post": [-1.24644, 0.16346, 2.49465],
							"lerp_mode": "catmullrom"
						},
						"1.5": {
							"post": [-17.5, 0, 0],
							"lerp_mode": "catmullrom"
						}
					}
				},
				"right_leg": {
					"rotation": {
						"0.0": {
							"post": [-47.5, 55, 0],
							"lerp_mode": "catmullrom"
						},
						"0.375": {
							"post": [-42.5, 55, 0],
							"lerp_mode": "catmullrom"
						},
						"0.75": {
							"post": [-47.5, 55, 0],
							"lerp_mode": "catmullrom"
						},
						"1.125": {
							"post": [-42.5, 55, 0],
							"lerp_mode": "catmullrom"
						},
						"1.5": {
							"post": [-47.5, 55, 0],
							"lerp_mode": "catmullrom"
						}
					},
					"position": {
						"0.0": {
							"post": [-0.3, 0, 0],
							"lerp_mode": "catmullrom"
						},
						"0.375": {
							"post": [-0.3, 0, -0.15],
							"lerp_mode": "catmullrom"
						},
						"0.75": {
							"post": [-0.3, -0.1, -0.3],
							"lerp_mode": "catmullrom"
						},
						"1.125": {
							"post": [-0.3, 0.5, -0.15],
							"lerp_mode": "catmullrom"
						},
						"1.5": {
							"post": [-0.3, 0, 0],
							"lerp_mode": "catmullrom"
						}
					}
				},
				"right_leg2": {
					"rotation": {
						"0.0": {
							"post": [49.74943, -14.98328, -16.98216],
							"lerp_mode": "catmullrom"
						},
						"0.375": {
							"post": [47.24943, -14.98328, -16.98216],
							"lerp_mode": "catmullrom"
						},
						"0.75": {
							"post": [67.25, -14.98, -16.98],
							"lerp_mode": "catmullrom"
						},
						"1.125": {
							"post": [47.24943, -14.98328, -16.98216],
							"lerp_mode": "catmullrom"
						},
						"1.5": {
							"post": [49.74943, -14.98328, -16.98216],
							"lerp_mode": "catmullrom"
						}
					},
					"position": {
						"0.0": {
							"post": [0, 0, 0],
							"lerp_mode": "catmullrom"
						},
						"0.375": {
							"post": [0, 0, 0],
							"lerp_mode": "catmullrom"
						},
						"0.75": {
							"post": [0, 0, 0],
							"lerp_mode": "catmullrom"
						},
						"1.125": {
							"post": [0, -0.3, 0.2],
							"lerp_mode": "catmullrom"
						},
						"1.5": {
							"post": [0, 0, 0],
							"lerp_mode": "catmullrom"
						}
					}
				},
				"right_leg3": {
					"rotation": {
						"0.0": {
							"post": [0, 0, 0],
							"lerp_mode": "catmullrom"
						},
						"0.375": {
							"post": [-3.75, 0, 0],
							"lerp_mode": "catmullrom"
						},
						"0.75": {
							"post": [-17.5, 0, 0],
							"lerp_mode": "catmullrom"
						},
						"1.125": {
							"post": [-1.24644, 0.16346, 2.49465],
							"lerp_mode": "catmullrom"
						},
						"1.5": {
							"post": [0, 0, 0],
							"lerp_mode": "catmullrom"
						}
					}
				},
				"legs": {
					"position": [0, 0.2, 0]
				}
			}
		},
		"animation.pokemans_munkidori.cry": {
			"animation_length": 2,
			"bones": {
				"pokemans_munkidori": {
					"position": {
						"0.0": {
							"post": [0, -0.85, 0],
							"lerp_mode": "catmullrom"
						}
					}
				},
				"head": {
					"rotation": {
						"0.0": {
							"post": [0, 0, 0],
							"lerp_mode": "catmullrom"
						},
						"0.3333": {
							"post": [17.5, 0, 0],
							"lerp_mode": "catmullrom"
						},
						"0.5833": {
							"post": [-15, 0, 0],
							"lerp_mode": "catmullrom"
						},
						"0.875": {
							"post": [-11.79886, 10.82156, 2.78058],
							"lerp_mode": "catmullrom"
						},
						"0.9583": {
							"post": [-9.18189, 11.16985, 2.76286],
							"lerp_mode": "catmullrom"
						},
						"1.0417": {
							"post": [-11.79886, 10.82156, 2.78058],
							"lerp_mode": "catmullrom"
						},
						"1.125": {
							"post": [-9.18189, 11.16985, 2.76286],
							"lerp_mode": "catmullrom"
						},
						"1.2083": {
							"post": [-11.79886, 10.82156, 2.78058],
							"lerp_mode": "catmullrom"
						},
						"1.2917": {
							"post": [-9.18189, 11.16985, 2.76286],
							"lerp_mode": "catmullrom"
						},
						"1.5": {
							"post": [-12.68664, 9.76061, -2.18558],
							"lerp_mode": "catmullrom"
						},
						"1.75": {
							"post": [-6.5087, -0.85498, -7.45138],
							"lerp_mode": "catmullrom"
						},
						"2.0": {
							"post": [0, 0, 0],
							"lerp_mode": "catmullrom"
						}
					},
					"position": {
						"0.0": {
							"post": [0, 0, -0.4],
							"lerp_mode": "catmullrom"
						}
					},
					"scale": {
						"0.0": {
							"post": [1, 1, 1.1],
							"lerp_mode": "catmullrom"
						}
					}
				},
				"torso": {
					"rotation": {
						"0.0": {
							"post": [5, 0, 0],
							"lerp_mode": "catmullrom"
						},
						"0.3333": {
							"post": [10.72879, -62.08407, -9.50457],
							"lerp_mode": "catmullrom"
						},
						"0.5833": {
							"post": [-10.45, -44.78, -4.98],
							"lerp_mode": "catmullrom"
						},
						"0.875": {
							"post": [5.12076, -12.45167, -1.10693],
							"lerp_mode": "catmullrom"
						},
						"1.5": {
							"post": [5.12076, -12.45167, -1.10693],
							"lerp_mode": "catmullrom"
						},
						"1.75": {
							"post": [0, 0, 0],
							"lerp_mode": "catmullrom"
						},
						"2.0": {
							"post": [5, 0, 0],
							"lerp_mode": "catmullrom"
						}
					},
					"position": {
						"0.0": {
							"post": [0, -0.6, -0.3],
							"lerp_mode": "catmullrom"
						},
						"0.3333": {
							"post": [0, -0.6, -1.3],
							"lerp_mode": "catmullrom"
						},
						"0.5833": {
							"post": [1, 0.4, -1.3],
							"lerp_mode": "catmullrom"
						},
						"0.875": {
							"post": [0, -1.6, -2.3],
							"lerp_mode": "catmullrom"
						},
						"1.5": {
							"post": [0, -1.6, -2.3],
							"lerp_mode": "catmullrom"
						},
						"1.75": {
							"post": [0, 0.5, -1.3],
							"lerp_mode": "catmullrom"
						},
						"2.0": {
							"post": [0, -0.6, -0.3],
							"lerp_mode": "catmullrom"
						}
					}
				},
				"torso2": {
					"rotation": {
						"0.0": {
							"post": [0, 0, 0],
							"lerp_mode": "catmullrom"
						},
						"0.3333": {
							"post": [15, 0, 0],
							"lerp_mode": "catmullrom"
						},
						"0.5833": {
							"post": [0, 0, 0],
							"lerp_mode": "catmullrom"
						},
						"1.5": {
							"post": [0, 0, 0],
							"lerp_mode": "catmullrom"
						},
						"1.75": {
							"post": [0, 0, -5],
							"lerp_mode": "catmullrom"
						},
						"2.0": {
							"post": [0, 0, 0],
							"lerp_mode": "catmullrom"
						}
					}
				},
				"left_arm": {
					"rotation": {
						"0.0": {
							"post": [59.14102, 44.508, 53.8412],
							"lerp_mode": "catmullrom"
						},
						"0.3333": {
							"post": [60.37304, 37.04029, 29.20289],
							"lerp_mode": "catmullrom"
						},
						"0.5833": {
							"post": [45.37304, 37.04029, 29.20289],
							"lerp_mode": "catmullrom"
						},
						"0.875": {
							"post": [8.62003, -6.59074, -17.02065],
							"lerp_mode": "catmullrom"
						},
						"1.5": {
							"post": [8.62003, -6.59074, -17.02065],
							"lerp_mode": "catmullrom"
						},
						"1.75": {
							"post": [58.08001, 7.54866, 46.2123],
							"lerp_mode": "catmullrom"
						},
						"2.0": {
							"post": [59.14102, 44.508, 53.8412],
							"lerp_mode": "catmullrom"
						}
					},
					"position": {
						"0.0": {
							"post": [-1, -1, -1],
							"lerp_mode": "catmullrom"
						},
						"2.0": {
							"post": [-1, -1, -1],
							"lerp_mode": "catmullrom"
						}
					}
				},
				"left_arm2": {
					"rotation": {
						"0.0": {
							"post": [-3.37822, 29.8021, -37.123],
							"lerp_mode": "catmullrom"
						},
						"0.3333": {
							"post": [-27.29424, 38.54676, -89.94257],
							"lerp_mode": "catmullrom"
						},
						"0.5833": {
							"post": [-23.78865, 27.25784, -83.53056],
							"lerp_mode": "catmullrom"
						},
						"0.875": {
							"post": [-0.78185, -7.03802, -34.12506],
							"lerp_mode": "catmullrom"
						},
						"1.5": {
							"post": [-0.78185, -7.03802, -34.12506],
							"lerp_mode": "catmullrom"
						},
						"1.75": {
							"post": [-3.82808, 30.2518, -40.46725],
							"lerp_mode": "catmullrom"
						},
						"2.0": {
							"post": [-3.37822, 29.8021, -37.123],
							"lerp_mode": "catmullrom"
						}
					},
					"position": {
						"0.0": {
							"post": [-0.5, 0, 0],
							"lerp_mode": "catmullrom"
						},
						"2.0": {
							"post": [-0.5, 0, 0],
							"lerp_mode": "catmullrom"
						}
					}
				},
				"right_arm": {
					"rotation": {
						"0.0": {
							"post": [67.57503, -35.37465, -59.17089],
							"lerp_mode": "catmullrom"
						},
						"0.3333": {
							"post": [93.70385, -47.70141, -81.15017],
							"lerp_mode": "catmullrom"
						},
						"0.875": {
							"post": [35.87998, -61.21617, -8.30199],
							"lerp_mode": "catmullrom"
						},
						"1.5": {
							"post": [35.87998, -61.21617, -8.30199],
							"lerp_mode": "catmullrom"
						},
						"1.75": {
							"post": [67.45134, -43.49322, -46.15493],
							"lerp_mode": "catmullrom"
						},
						"2.0": {
							"post": [67.57503, -35.37465, -59.17089],
							"lerp_mode": "catmullrom"
						}
					},
					"position": {
						"0.0": {
							"post": [1, -1, -1],
							"lerp_mode": "catmullrom"
						},
						"0.625": {
							"post": [1, -1, -1],
							"lerp_mode": "catmullrom"
						},
						"0.875": {
							"post": [1, -1, -2],
							"lerp_mode": "catmullrom"
						},
						"1.5": {
							"post": [1, -1, -2],
							"lerp_mode": "catmullrom"
						},
						"2.0": {
							"post": [1, -1, -1],
							"lerp_mode": "catmullrom"
						}
					}
				},
				"right_arm2": {
					"rotation": {
						"0.0": {
							"post": [0.13869, -32.58876, 57.9502],
							"lerp_mode": "catmullrom"
						},
						"0.3333": {
							"post": [-7.74451, -31.75444, 72.69658],
							"lerp_mode": "catmullrom"
						},
						"0.875": {
							"post": [3.72243, -22.60074, 34.91382],
							"lerp_mode": "catmullrom"
						},
						"1.5": {
							"post": [3.72243, -22.60074, 34.91382],
							"lerp_mode": "catmullrom"
						},
						"1.75": {
							"post": [11.51979, -19.91532, 13.6288],
							"lerp_mode": "catmullrom"
						},
						"2.0": {
							"post": [0.13869, -32.58876, 57.9502],
							"lerp_mode": "catmullrom"
						}
					},
					"position": {
						"0.0": {
							"post": [0.5, -0.3, 0],
							"lerp_mode": "catmullrom"
						},
						"2.0": {
							"post": [0.5, -0.3, 0],
							"lerp_mode": "catmullrom"
						}
					}
				},
				"left_leg": {
					"rotation": {
						"0.0": {
							"post": [-47.5, -55, 0],
							"lerp_mode": "catmullrom"
						},
						"0.3333": {
							"post": [-45.93969, -77.88904, -1.47763],
							"lerp_mode": "catmullrom"
						},
						"0.625": {
							"post": [-32.23756, -75.84657, -7.84496],
							"lerp_mode": "catmullrom"
						},
						"0.875": [-84.97469, -77.17421, 12.95258],
						"1.5": [-84.97469, -77.17421, 12.95258],
						"1.75": {
							"pre": [-14.18197, -10.69265, -4.95207],
							"post": [-14.18197, -10.69265, -4.95207],
							"lerp_mode": "catmullrom"
						},
						"2.0": {
							"post": [-47.5, -55, 0],
							"lerp_mode": "catmullrom"
						}
					},
					"position": {
						"0.0": {
							"post": [0.3, -0.1, -0.3],
							"lerp_mode": "catmullrom"
						},
						"0.3333": {
							"post": [0.3, -0.1, -0.3],
							"lerp_mode": "catmullrom"
						},
						"0.625": {
							"post": [0.8, 0.1, -0.3],
							"lerp_mode": "catmullrom"
						},
						"0.875": [0.4, -1.4, -1.8],
						"1.5": [0.4, -1.4, -1.8],
						"1.75": {
							"pre": [0.55, 0.6, -1.3],
							"post": [0.55, 0.6, -1.3],
							"lerp_mode": "catmullrom"
						},
						"2.0": {
							"post": [0.3, -0.1, -0.3],
							"lerp_mode": "catmullrom"
						}
					}
				},
				"left_leg2": {
					"rotation": {
						"0.0": {
							"post": [67.25, 14.98, 16.98],
							"lerp_mode": "catmullrom"
						},
						"0.3333": {
							"post": [67.25, 14.98, 16.98],
							"lerp_mode": "catmullrom"
						},
						"0.625": {
							"post": [59.75, 14.98, 16.98],
							"lerp_mode": "catmullrom"
						},
						"0.875": [118.67414, -1.28468, 0.30776],
						"1.5": [118.67414, -1.28468, 0.30776],
						"1.75": {
							"pre": [12.84721, -4.44959, 3.28511],
							"post": [12.84721, -4.44959, 3.28511],
							"lerp_mode": "catmullrom"
						},
						"2.0": {
							"post": [67.25, 14.98, 16.98],
							"lerp_mode": "catmullrom"
						}
					},
					"position": {
						"0.0": {
							"post": [0, 0, 0],
							"lerp_mode": "catmullrom"
						},
						"2.0": {
							"post": [0, 0, 0],
							"lerp_mode": "catmullrom"
						}
					}
				},
				"left_leg3": {
					"rotation": {
						"0.0": {
							"post": [-17.5, 0, 0],
							"lerp_mode": "catmullrom"
						},
						"0.625": {
							"post": [-17.5, 0, 0],
							"lerp_mode": "catmullrom"
						},
						"0.875": [-44.89445, -3.9649, -3.04868],
						"1.5": [-44.89445, -3.9649, -3.04868],
						"1.75": {
							"pre": [3.71284, -2.14632, 0.97191],
							"post": [3.71284, -2.14632, 0.97191],
							"lerp_mode": "catmullrom"
						},
						"2.0": {
							"post": [-17.5, 0, 0],
							"lerp_mode": "catmullrom"
						}
					}
				},
				"right_leg": {
					"rotation": {
						"0.0": {
							"post": [-47.5, 55, 0],
							"lerp_mode": "catmullrom"
						},
						"0.3333": {
							"post": [-101.45213, -38.42221, -5.691],
							"lerp_mode": "catmullrom"
						},
						"0.5833": {
							"post": [-110.43899, 18.63538, 1.91407],
							"lerp_mode": "catmullrom"
						},
						"0.875": [-82.97205, 45.00768, -0.61384],
						"1.5": [-82.97205, 45.00768, -0.61384],
						"1.75": {
							"pre": [-103.52489, 33.12659, 5.97113],
							"post": [-103.52489, 33.12659, 5.97113],
							"lerp_mode": "catmullrom"
						},
						"2.0": {
							"post": [-47.5, 55, 0],
							"lerp_mode": "catmullrom"
						}
					},
					"position": {
						"0.0": {
							"post": [-0.3, 0, 0],
							"lerp_mode": "catmullrom"
						},
						"0.3333": {
							"post": [0.7, 0, -3],
							"lerp_mode": "catmullrom"
						},
						"0.5833": {
							"post": [0.7, 1, -3],
							"lerp_mode": "catmullrom"
						},
						"0.875": [-0.3, -1, -3],
						"1.5": [-0.3, -1, -3],
						"1.75": {
							"pre": [-0.3, 0.5, -2],
							"post": [-0.3, 0.5, -2],
							"lerp_mode": "catmullrom"
						},
						"2.0": {
							"post": [-0.3, 0, 0],
							"lerp_mode": "catmullrom"
						}
					}
				},
				"right_leg2": {
					"rotation": {
						"0.0": {
							"post": [49.74943, -14.98328, -16.98216],
							"lerp_mode": "catmullrom"
						},
						"0.3333": {
							"post": [127.24943, -14.98328, -16.98216],
							"lerp_mode": "catmullrom"
						},
						"0.5833": {
							"post": [72.25, -14.98, -16.98],
							"lerp_mode": "catmullrom"
						},
						"0.875": [63.10329, -8.73775, -8.99721],
						"1.5": [63.10329, -8.73775, -8.99721],
						"1.75": {
							"pre": [121.43, -11.86, -12.99],
							"post": [121.43, -11.86, -12.99],
							"lerp_mode": "catmullrom"
						},
						"2.0": {
							"post": [49.74943, -14.98328, -16.98216],
							"lerp_mode": "catmullrom"
						}
					},
					"position": {
						"0.0": {
							"post": [0, 0, 0],
							"lerp_mode": "catmullrom"
						},
						"0.875": [0, 0, 0],
						"1.5": [0, 0, 0],
						"2.0": {
							"pre": [0, 0, 0],
							"post": [0, 0, 0],
							"lerp_mode": "catmullrom"
						}
					}
				},
				"right_leg3": {
					"rotation": {
						"0.0": {
							"post": [0, 0, 0],
							"lerp_mode": "catmullrom"
						},
						"0.3333": {
							"post": [15, 0, 0],
							"lerp_mode": "catmullrom"
						},
						"0.5833": {
							"post": [-10, 0, 0],
							"lerp_mode": "catmullrom"
						},
						"0.875": [19.80935, 4.13743, -6.32131],
						"1.5": [19.80935, 4.13743, -6.32131],
						"1.75": {
							"pre": [9.9, 2.07, -3.16],
							"post": [9.9, 2.07, -3.16],
							"lerp_mode": "catmullrom"
						},
						"2.0": {
							"post": [0, 0, 0],
							"lerp_mode": "catmullrom"
						}
					}
				},
				"legs": {
					"position": {
						"0.0": {
							"post": [0, 0.2, 0],
							"lerp_mode": "catmullrom"
						}
					}
				},
				"left_arm3": {
					"rotation": {
						"0.0": {
							"post": [0, 0, 0],
							"lerp_mode": "catmullrom"
						},
						"0.5833": {
							"post": [0, 0, 0],
							"lerp_mode": "catmullrom"
						},
						"0.875": {
							"post": [0, 0, -25],
							"lerp_mode": "catmullrom"
						},
						"1.5": {
							"post": [0, 0, -25],
							"lerp_mode": "catmullrom"
						},
						"2.0": {
							"post": [0, 0, 0],
							"lerp_mode": "catmullrom"
						}
					}
				},
				"jaw": {
					"rotation": {
						"0.0": {
							"post": [0, 0, 0],
							"lerp_mode": "catmullrom"
						},
						"0.75": {
							"post": [0, 0, 0],
							"lerp_mode": "catmullrom"
						},
						"1.0": {
							"post": [45, 0, 0],
							"lerp_mode": "catmullrom"
						},
						"1.5": {
							"post": [45, 0, 0],
							"lerp_mode": "catmullrom"
						},
						"1.75": {
							"post": [0, 0, 0],
							"lerp_mode": "catmullrom"
						}
					},
					"position": {
						"0.0": {
							"post": [0, 0, 0],
							"lerp_mode": "catmullrom"
						},
						"0.75": {
							"post": [0, 0, 0],
							"lerp_mode": "catmullrom"
						}
					}
				},
				"jaw2": {
					"rotation": {
						"0.0": {
							"post": [0, 0, 0],
							"lerp_mode": "catmullrom"
						},
						"0.75": {
							"post": [0, 0, 0],
							"lerp_mode": "catmullrom"
						},
						"1.0": {
							"post": [0, 0, 0],
							"lerp_mode": "catmullrom"
						}
					},
					"position": {
						"0.0": {
							"post": [0, 0, 0],
							"lerp_mode": "catmullrom"
						},
						"0.75": [0, 0, 0],
						"0.7917": {
							"pre": [0, 0, 0],
							"post": [0, 0, 1]
						},
						"1.7083": {
							"pre": [0, 0, 1],
							"post": [0, 0, 1]
						},
						"1.75": {
							"pre": [0, 0, 1],
							"post": [0, 0, 0]
						}
					}
				}
			}
		},
		"animation.pokemans_munkidori.physical_attack": {
			"animation_length": 2,
			"bones": {
				"pokemans_munkidori": {
					"position": {
						"0.0": {
							"post": [0, -0.85, 0],
							"lerp_mode": "catmullrom"
						},
						"0.2083": {
							"post": [0, -0.85, 0],
							"lerp_mode": "catmullrom"
						},
						"0.4167": {
							"post": [0, 7.15, 0],
							"lerp_mode": "catmullrom"
						},
						"0.5833": {
							"post": [0, 7.15, 0],
							"lerp_mode": "catmullrom"
						},
						"0.75": {
							"post": [0, -1.35, 0],
							"lerp_mode": "catmullrom"
						},
						"1.25": {
							"post": [0, -1.35, 0],
							"lerp_mode": "catmullrom"
						},
						"1.5": {
							"post": [0, -1.35, 0],
							"lerp_mode": "catmullrom"
						},
						"2.0": {
							"post": [0, -0.85, 0],
							"lerp_mode": "catmullrom"
						}
					}
				},
				"head": {
					"rotation": {
						"0.0": {
							"post": [0, 0, 0],
							"lerp_mode": "catmullrom"
						},
						"0.125": {
							"post": [7.5, 0, 0],
							"lerp_mode": "catmullrom"
						},
						"0.2083": {
							"post": [0, 0, 0],
							"lerp_mode": "catmullrom"
						},
						"0.4167": {
							"post": [-2.49762, 0.10901, 2.49762],
							"lerp_mode": "catmullrom"
						},
						"0.5833": {
							"post": [-2.49762, 0.10901, 2.49762],
							"lerp_mode": "catmullrom"
						},
						"0.75": {
							"post": [15.22074, 9.65594, 2.61298],
							"lerp_mode": "catmullrom"
						},
						"1.25": {
							"post": [-5.019, -4.98093, 0.43688],
							"lerp_mode": "catmullrom"
						},
						"1.5": {
							"post": [-5.03, -4.59, 0.15],
							"lerp_mode": "catmullrom"
						},
						"1.75": {
							"post": [12.48, -2.27, 0.06],
							"lerp_mode": "catmullrom"
						},
						"2.0": {
							"post": [0, 0, 0],
							"lerp_mode": "catmullrom"
						}
					},
					"position": {
						"0.0": {
							"post": [0, 0, -0.4],
							"lerp_mode": "catmullrom"
						},
						"2.0": {
							"post": [0, 0, -0.4],
							"lerp_mode": "catmullrom"
						}
					},
					"scale": {
						"0.0": {
							"post": [1, 1, 1.1],
							"lerp_mode": "catmullrom"
						},
						"2.0": {
							"post": [1, 1, 1.1],
							"lerp_mode": "catmullrom"
						}
					}
				},
				"torso": {
					"rotation": {
						"0.0": {
							"post": [5, 0, 0],
							"lerp_mode": "catmullrom"
						},
						"0.125": {
							"post": [15, 0, 0],
							"lerp_mode": "catmullrom"
						},
						"0.2083": {
							"post": [5, 0, 0],
							"lerp_mode": "catmullrom"
						},
						"0.5833": {
							"post": [5, 0, 0],
							"lerp_mode": "catmullrom"
						},
						"0.75": {
							"post": [6.0963, -34.84748, -3.49226],
							"lerp_mode": "catmullrom"
						},
						"1.25": {
							"post": [2.52154, -7.49282, -0.32902],
							"lerp_mode": "catmullrom"
						},
						"1.5": {
							"post": [2.99, -3.25, 0],
							"lerp_mode": "catmullrom"
						},
						"1.75": {
							"post": [19.02, -1.36, 0.02],
							"lerp_mode": "catmullrom"
						},
						"2.0": {
							"post": [5, 0, 0],
							"lerp_mode": "catmullrom"
						}
					},
					"position": {
						"0.0": {
							"post": [0, -0.6, -0.3],
							"lerp_mode": "catmullrom"
						},
						"0.125": {
							"post": [0, -1.1, -0.3],
							"lerp_mode": "catmullrom"
						},
						"0.2083": {
							"post": [0, -0.6, -0.3],
							"lerp_mode": "catmullrom"
						},
						"2.0": {
							"post": [0, -0.6, -0.3],
							"lerp_mode": "catmullrom"
						}
					}
				},
				"torso2": {
					"rotation": {
						"0.0": {
							"post": [0, 0, 0],
							"lerp_mode": "catmullrom"
						},
						"0.125": {
							"post": [12.5, 0, 0],
							"lerp_mode": "catmullrom"
						},
						"0.2083": {
							"post": [0, 0, 0],
							"lerp_mode": "catmullrom"
						},
						"0.4167": {
							"post": [-7.49294, 0.32621, 2.47864],
							"lerp_mode": "catmullrom"
						},
						"0.5833": {
							"post": [-7.49294, 0.32621, 2.47864],
							"lerp_mode": "catmullrom"
						},
						"0.75": {
							"post": [22.8022, -9.38176, -3.4494],
							"lerp_mode": "catmullrom"
						},
						"1.25": {
							"post": [-10.08453, -7.38542, 1.30962],
							"lerp_mode": "catmullrom"
						},
						"1.5": {
							"post": [-9.53, -5.05, 1.27],
							"lerp_mode": "catmullrom"
						},
						"1.75": {
							"post": [5.27, -2.38, 0.63],
							"lerp_mode": "catmullrom"
						},
						"2.0": {
							"post": [0, 0, 0],
							"lerp_mode": "catmullrom"
						}
					}
				},
				"left_arm": {
					"rotation": {
						"0.0": {
							"post": [59.14102, 44.508, 53.8412],
							"lerp_mode": "catmullrom"
						},
						"0.125": {
							"post": [51.7874, 38.81732, 42.81148],
							"lerp_mode": "catmullrom"
						},
						"0.4167": {
							"post": [66.10948, 47.96684, 63.47471],
							"lerp_mode": "catmullrom"
						},
						"0.5833": {
							"post": [66.10948, 47.96684, 63.47471],
							"lerp_mode": "catmullrom"
						},
						"0.75": {
							"post": [38.42162, -9.8981, -3.48003],
							"lerp_mode": "catmullrom"
						},
						"1.25": {
							"post": [12.78013, -7.32297, -15.8526],
							"lerp_mode": "catmullrom"
						},
						"1.5": {
							"post": [11.33754, -9.41739, -5.96826],
							"lerp_mode": "catmullrom"
						},
						"2.0": {
							"post": [59.14102, 44.508, 53.8412],
							"lerp_mode": "catmullrom"
						}
					},
					"position": {
						"0.0": {
							"post": [-1, -1, -1],
							"lerp_mode": "catmullrom"
						},
						"2.0": {
							"post": [-1, -1, -1],
							"lerp_mode": "catmullrom"
						}
					}
				},
				"left_arm2": {
					"rotation": {
						"0.0": {
							"post": [-3.37822, 29.8021, -37.123],
							"lerp_mode": "catmullrom"
						},
						"0.125": {
							"post": [-6.86837, 64.68595, -41.65682],
							"lerp_mode": "catmullrom"
						},
						"0.5833": {
							"post": [-6.87, 64.69, -41.66],
							"lerp_mode": "catmullrom"
						},
						"0.75": {
							"post": [-3.57035, 34.79701, -37.48331],
							"lerp_mode": "catmullrom"
						},
						"1.25": {
							"post": [3.40406, 34.81454, -25.29338],
							"lerp_mode": "catmullrom"
						},
						"1.5": {
							"post": [-1.23014, 10.84027, -2.3128],
							"lerp_mode": "catmullrom"
						},
						"2.0": {
							"post": [-3.37822, 29.8021, -37.123],
							"lerp_mode": "catmullrom"
						}
					},
					"position": {
						"0.0": {
							"post": [-0.5, 0, 0],
							"lerp_mode": "catmullrom"
						},
						"2.0": {
							"post": [-0.5, 0, 0],
							"lerp_mode": "catmullrom"
						}
					}
				},
				"right_arm": {
					"rotation": {
						"0.0": {
							"post": [67.57503, -35.37465, -59.17089],
							"lerp_mode": "catmullrom"
						},
						"0.125": {
							"post": [48.92731, -1.15089, -5.97408],
							"lerp_mode": "catmullrom"
						},
						"0.4167": {
							"post": [39.70281, 6.96084, 3.87544],
							"lerp_mode": "catmullrom"
						},
						"0.5833": {
							"post": [39.70281, 6.96084, 3.87544],
							"lerp_mode": "catmullrom"
						},
						"0.75": {
							"post": [58.59162, -28.00014, -50.72496],
							"lerp_mode": "catmullrom"
						},
						"1.25": {
							"post": [54.03162, -38.42162, -42.44201],
							"lerp_mode": "catmullrom"
						},
						"1.5": {
							"post": [48.49565, -32.14726, -32.88728],
							"lerp_mode": "catmullrom"
						},
						"2.0": {
							"post": [67.57503, -35.37465, -59.17089],
							"lerp_mode": "catmullrom"
						}
					},
					"position": {
						"0.0": {
							"post": [1, -1, -1],
							"lerp_mode": "catmullrom"
						},
						"2.0": {
							"post": [1, -1, -1],
							"lerp_mode": "catmullrom"
						}
					}
				},
				"right_arm2": {
					"rotation": {
						"0.0": {
							"post": [0.13869, -32.58876, 57.9502],
							"lerp_mode": "catmullrom"
						},
						"0.125": {
							"post": [0.14, -32.59, 57.95],
							"lerp_mode": "catmullrom"
						},
						"0.4167": {
							"post": [0.1256, -20.09003, 57.98226],
							"lerp_mode": "catmullrom"
						},
						"0.5833": {
							"post": [0.1256, -20.09003, 57.98226],
							"lerp_mode": "catmullrom"
						},
						"0.75": {
							"post": [-9.41846, -18.4551, 34.18948],
							"lerp_mode": "catmullrom"
						},
						"1.25": {
							"post": [-158.64026, -64.77399, 191.70035],
							"lerp_mode": "catmullrom"
						},
						"2.0": {
							"post": [0.13869, -32.58876, 57.9502],
							"lerp_mode": "catmullrom"
						}
					},
					"position": {
						"0.0": {
							"post": [0.5, -0.3, 0],
							"lerp_mode": "catmullrom"
						},
						"2.0": {
							"post": [0.5, -0.3, 0],
							"lerp_mode": "catmullrom"
						}
					}
				},
				"left_leg": {
					"rotation": {
						"0.0": {
							"post": [-47.5, -55, 0],
							"lerp_mode": "catmullrom"
						},
						"0.0833": {
							"post": [-60, -55, 0],
							"lerp_mode": "catmullrom"
						},
						"0.2083": {
							"post": [-47.5, -55, 0],
							"lerp_mode": "catmullrom"
						},
						"0.4167": {
							"post": [21.263, -28.40224, -37.75079],
							"lerp_mode": "catmullrom"
						},
						"0.5833": {
							"post": [21.263, -28.40224, -37.75079],
							"lerp_mode": "catmullrom"
						},
						"0.75": {
							"post": [48.76, -28.4, -37.75],
							"lerp_mode": "catmullrom"
						},
						"1.0": {
							"post": [48.76, -28.4, -37.75],
							"lerp_mode": "catmullrom"
						},
						"1.25": {
							"post": [-77.23401, -44.90762, 0.19789],
							"lerp_mode": "catmullrom"
						},
						"1.5": {
							"post": [-102.8869, -26.457, 6.60802],
							"lerp_mode": "catmullrom"
						},
						"2.0": {
							"post": [-47.5, -55, 0],
							"lerp_mode": "catmullrom"
						}
					},
					"position": {
						"0.0": {
							"post": [0.3, -0.1, -0.3],
							"lerp_mode": "catmullrom"
						},
						"0.0833": {
							"post": [0.3, -0.8, -0.3],
							"lerp_mode": "catmullrom"
						},
						"0.2083": {
							"post": [0.3, -0.1, -0.3],
							"lerp_mode": "catmullrom"
						},
						"2.0": {
							"post": [0.3, -0.1, -0.3],
							"lerp_mode": "catmullrom"
						}
					}
				},
				"left_leg2": {
					"rotation": {
						"0.0": {
							"post": [67.25, 14.98, 16.98],
							"lerp_mode": "catmullrom"
						},
						"0.0833": {
							"post": [94.1247, 4.61849, 10.16828],
							"lerp_mode": "catmullrom"
						},
						"0.2083": {
							"post": [67.25, 14.98, 16.98],
							"lerp_mode": "catmullrom"
						},
						"0.4167": {
							"post": [34.75, 14.98, 16.98],
							"lerp_mode": "catmullrom"
						},
						"0.5833": {
							"post": [34.75, 14.98, 16.98],
							"lerp_mode": "catmullrom"
						},
						"0.75": {
							"post": [86.24609, 44.93496, 15.03803],
							"lerp_mode": "catmullrom"
						},
						"1.0": {
							"post": [86.24609, 44.93496, 15.03803],
							"lerp_mode": "catmullrom"
						},
						"1.25": {
							"post": [81.37187, 10.9647, -1.70688],
							"lerp_mode": "catmullrom"
						},
						"1.5": {
							"post": [82.11076, 16.28054, 18.93913],
							"lerp_mode": "catmullrom"
						},
						"2.0": {
							"post": [67.25, 14.98, 16.98],
							"lerp_mode": "catmullrom"
						}
					},
					"position": {
						"0.0": {
							"post": [0, 0, 0],
							"lerp_mode": "catmullrom"
						},
						"0.0833": {
							"post": [0, 0, 0],
							"lerp_mode": "catmullrom"
						},
						"0.2083": {
							"post": [0, 0, 0],
							"lerp_mode": "catmullrom"
						},
						"2.0": {
							"post": [0, 0, 0],
							"lerp_mode": "catmullrom"
						}
					}
				},
				"left_leg3": {
					"rotation": {
						"0.0": {
							"post": [-17.5, 0, 0],
							"lerp_mode": "catmullrom"
						},
						"0.0833": {
							"post": [-35, 0, 0],
							"lerp_mode": "catmullrom"
						},
						"0.2083": {
							"post": [-17.5, 0, 0],
							"lerp_mode": "catmullrom"
						},
						"0.4167": {
							"post": [25, 0, 0],
							"lerp_mode": "catmullrom"
						},
						"0.5833": {
							"post": [25, 0, 0],
							"lerp_mode": "catmullrom"
						},
						"1.0": {
							"post": [25, 0, 0],
							"lerp_mode": "catmullrom"
						},
						"1.25": {
							"post": [-6.78019, 0.16846, 12.48172],
							"lerp_mode": "catmullrom"
						},
						"1.5": {
							"post": [-5.09, 0, 0],
							"lerp_mode": "catmullrom"
						},
						"2.0": {
							"post": [-17.5, 0, 0],
							"lerp_mode": "catmullrom"
						}
					}
				},
				"right_leg": {
					"rotation": {
						"0.0": {
							"post": [-47.5, 55, 0],
							"lerp_mode": "catmullrom"
						},
						"0.0833": {
							"post": [-47.5, 55, 0],
							"lerp_mode": "catmullrom"
						},
						"0.2083": {
							"post": [-47.5, 55, 0],
							"lerp_mode": "catmullrom"
						},
						"0.4167": {
							"post": [-97.61825, 33.00892, 8.41581],
							"lerp_mode": "catmullrom"
						},
						"0.5833": {
							"post": [-97.61825, 33.00892, 8.41581],
							"lerp_mode": "catmullrom"
						},
						"0.6667": {
							"post": [-21.33017, 33.22676, 15.17131],
							"lerp_mode": "catmullrom"
						},
						"0.75": {
							"post": [-56.12811, 25.24895, 0.58396],
							"lerp_mode": "catmullrom"
						},
						"1.125": {
							"post": [-68.3, 24.75, -0.33],
							"lerp_mode": "catmullrom"
						},
						"1.25": {
							"post": [-56.12811, 25.24895, 0.58396],
							"lerp_mode": "catmullrom"
						},
						"2.0": {
							"post": [-47.5, 55, 0],
							"lerp_mode": "catmullrom"
						}
					},
					"position": {
						"0.0": {
							"post": [-0.3, 0, 0],
							"lerp_mode": "catmullrom"
						},
						"0.0833": {
							"post": [-0.3, -0.1, -0.3],
							"lerp_mode": "catmullrom"
						},
						"0.2083": {
							"post": [-0.3, -0.1, -0.3],
							"lerp_mode": "catmullrom"
						},
						"0.5833": {
							"post": [-0.3, -0.1, -0.3],
							"lerp_mode": "catmullrom"
						},
						"0.75": {
							"post": [-0.3, -0.1, -1.3],
							"lerp_mode": "catmullrom"
						},
						"1.25": {
							"post": [-0.3, -0.1, -1.3],
							"lerp_mode": "catmullrom"
						},
						"2.0": {
							"post": [-0.3, 0, 0],
							"lerp_mode": "catmullrom"
						}
					}
				},
				"right_leg2": {
					"rotation": {
						"0.0": {
							"post": [49.74943, -14.98328, -16.98216],
							"lerp_mode": "catmullrom"
						},
						"0.0833": {
							"post": [67.25, -14.98, -16.98],
							"lerp_mode": "catmullrom"
						},
						"0.2083": {
							"post": [67.25, -14.98, -16.98],
							"lerp_mode": "catmullrom"
						},
						"0.4167": {
							"post": [114.75, -14.98, -16.98],
							"lerp_mode": "catmullrom"
						},
						"0.5833": {
							"post": [114.75, -14.98, -16.98],
							"lerp_mode": "catmullrom"
						},
						"0.6667": {
							"post": [22.37, -12.54, -17.54],
							"lerp_mode": "catmullrom"
						},
						"0.75": {
							"post": [94.9933, -10.1008, -18.09951],
							"lerp_mode": "catmullrom"
						},
						"1.125": {
							"post": [109.53, -9.95, -18.13],
							"lerp_mode": "catmullrom"
						},
						"1.25": {
							"post": [94.9933, -10.1008, -18.09951],
							"lerp_mode": "catmullrom"
						},
						"2.0": {
							"post": [49.74943, -14.98328, -16.98216],
							"lerp_mode": "catmullrom"
						}
					},
					"position": {
						"0.0": {
							"post": [0, 0, 0],
							"lerp_mode": "catmullrom"
						},
						"0.0833": {
							"post": [0, 0, 0],
							"lerp_mode": "catmullrom"
						},
						"0.2083": {
							"post": [0, 0, 0],
							"lerp_mode": "catmullrom"
						},
						"2.0": {
							"post": [0, 0, 0],
							"lerp_mode": "catmullrom"
						}
					}
				},
				"right_leg3": {
					"rotation": {
						"0.0": {
							"post": [0, 0, 0],
							"lerp_mode": "catmullrom"
						},
						"0.0833": {
							"post": [-17.5, 0, 0],
							"lerp_mode": "catmullrom"
						},
						"0.2083": {
							"post": [-17.5, 0, 0],
							"lerp_mode": "catmullrom"
						},
						"0.4167": {
							"post": [-25.01565, -2.38422, 0.7522],
							"lerp_mode": "catmullrom"
						},
						"0.5833": {
							"post": [-25.01565, -2.38422, 0.7522],
							"lerp_mode": "catmullrom"
						},
						"0.6667": {
							"post": [6.24, -1.19, 0.38],
							"lerp_mode": "catmullrom"
						},
						"0.75": {
							"post": [-37.5, 0, 0],
							"lerp_mode": "catmullrom"
						},
						"1.125": {
							"post": [-40.20543, -1.54438, -1.92909],
							"lerp_mode": "catmullrom"
						},
						"1.25": {
							"post": [-37.5, 0, 0],
							"lerp_mode": "catmullrom"
						},
						"2.0": {
							"post": [0, 0, 0],
							"lerp_mode": "catmullrom"
						}
					}
				},
				"legs": {
					"position": {
						"0.0": {
							"post": [0, 0.2, 0],
							"lerp_mode": "catmullrom"
						}
					}
				},
				"left_arm3": {
					"rotation": {
						"0.0": {
							"post": [0, 0, 0],
							"lerp_mode": "catmullrom"
						}
					}
				},
				"jaw": {
					"rotation": {
						"0.0": {
							"post": [0, 0, 0],
							"lerp_mode": "catmullrom"
						}
					},
					"position": {
						"0.0": {
							"post": [0, 0, 0],
							"lerp_mode": "catmullrom"
						}
					}
				},
				"jaw2": {
					"rotation": {
						"0.0": {
							"post": [0, 0, 0],
							"lerp_mode": "catmullrom"
						}
					},
					"position": {
						"0.0": {
							"post": [0, 0, 0],
							"lerp_mode": "catmullrom"
						},
						"0.125": [0, 0, 0],
						"0.1667": {
							"pre": [0, 0, 0],
							"post": [0, 0, 1]
						},
						"1.5": {
							"pre": [0, 0, 1],
							"post": [0, 0, 0]
						}
					}
				}
			}
		},
		"animation.pokemans_munkidori.blink": {
			"animation_length": 0.125,
			"bones": {
				"left_lid": {
					"position": {
						"0.0": [0, 0, -0.1],
						"0.125": [0, 0, 0]
					}
				},
				"right_lid2": {
					"position": {
						"0.0": [0, 0, -0.1],
						"0.125": [0, 0, 0]
					}
				}
			}
		}
	}
}