{
	"format_version": "1.8.0",
	"animations": {
		"animation.pokemans_latias.blink": {
			"animation_length": 0.1667,
			"bones": {
				"eye_right": {
					"scale": {
						"0.0": {
							"post": [1, 1, 1],
							"lerp_mode": "catmullrom"
						},
						"0.0833": {
							"post": [1, 0.8, 1],
							"lerp_mode": "catmullrom"
						},
						"0.1667": {
							"post": [1, 1, 1],
							"lerp_mode": "catmullrom"
						}
					}
				},
				"eye_left": {
					"scale": {
						"0.0": {
							"post": [1, 1, 1],
							"lerp_mode": "catmullrom"
						},
						"0.0833": {
							"post": [1, 0.9, 1],
							"lerp_mode": "catmullrom"
						},
						"0.1667": {
							"post": [1, 1, 1],
							"lerp_mode": "catmullrom"
						}
					}
				}
			}
		},
		"animation.pokemans_latias.ground_idle": {
			"loop": true,
			"animation_length": 4,
			"bones": {
				"body": {
					"rotation": ["math.sin(q.anim_time*90*1)*0.5", 0, "math.sin(q.anim_time*90*1)*1"],
					"position": [0, "7-math.sin(q.anim_time*90*1)*1.5", 0]
				},
				"wing_left": {
					"rotation": {
						"0.0": {
							"post": [0, 0, 0],
							"lerp_mode": "catmullrom"
						},
						"1.0": {
							"post": [0, 0, -2.5],
							"lerp_mode": "catmullrom"
						},
						"3.0": {
							"post": [0, 0, 2.5],
							"lerp_mode": "catmullrom"
						},
						"4.0": {
							"post": [0, 0, 0],
							"lerp_mode": "catmullrom"
						}
					}
				},
				"wing_right": {
					"rotation": {
						"0.0": {
							"post": [0, 0, 0],
							"lerp_mode": "catmullrom"
						},
						"1.0": {
							"post": [0, 0, 2.5],
							"lerp_mode": "catmullrom"
						},
						"3.0": {
							"post": [0, 0, -2.5],
							"lerp_mode": "catmullrom"
						},
						"4.0": {
							"post": [0, 0, 0],
							"lerp_mode": "catmullrom"
						}
					}
				},
				"foot_left": {
					"rotation": {
						"0.0": {
							"post": [0, 0, 0],
							"lerp_mode": "catmullrom"
						},
						"2.0": {
							"post": [0, -7.5, 0],
							"lerp_mode": "catmullrom"
						},
						"4.0": {
							"post": [0, 0, 0],
							"lerp_mode": "catmullrom"
						}
					}
				},
				"foot_right": {
					"rotation": {
						"0.0": {
							"post": [0, 0, 0],
							"lerp_mode": "catmullrom"
						},
						"2.0": {
							"post": [0, 7.5, 0],
							"lerp_mode": "catmullrom"
						},
						"4.0": {
							"post": [0, 0, 0],
							"lerp_mode": "catmullrom"
						}
					}
				},
				"arm_left": {
					"rotation": {
						"0.0": {
							"post": [0, 0, 0],
							"lerp_mode": "catmullrom"
						},
						"1.0": {
							"post": [2.5, 0, 0],
							"lerp_mode": "catmullrom"
						},
						"3.0": {
							"post": [-2.5, 0, 0],
							"lerp_mode": "catmullrom"
						},
						"4.0": {
							"post": [0, 0, 0],
							"lerp_mode": "catmullrom"
						}
					}
				},
				"arm_right": {
					"rotation": {
						"0.0": {
							"post": [0, 0, 0],
							"lerp_mode": "catmullrom"
						},
						"1.0": {
							"post": [2.5, 0, 0],
							"lerp_mode": "catmullrom"
						},
						"3.0": {
							"post": [-2.5, 0, 0],
							"lerp_mode": "catmullrom"
						},
						"4.0": {
							"post": [0, 0, 0],
							"lerp_mode": "catmullrom"
						}
					}
				},
				"neck": {
					"rotation": ["math.cos(q.anim_time*90*1)*1", 0, 0]
				},
				"head": {
					"rotation": ["math.cos(q.anim_time*90*1)*1", 0, 0]
				},
				"neck2": {
					"rotation": ["math.sin(q.anim_time*90*1)*1", 0, 0],
					"position": {
						"0.0": {
							"post": [0, 0, 0],
							"lerp_mode": "catmullrom"
						},
						"1.0833": {
							"post": [0, -0.2, 0],
							"lerp_mode": "catmullrom"
						},
						"4.0": {
							"post": [0, 0, 0],
							"lerp_mode": "catmullrom"
						}
					}
				}
			}
		},
		"animation.pokemans_latias.ground_walk": {
			"loop": true,
			"bones": {
				"body": {
					"rotation": ["math.sin(q.anim_time*180*1)*1", 0, 0],
					"position": [0, "7-math.sin(q.anim_time*180*1)*0.5", 0]
				},
				"wing_left": {
					"rotation": [0, 0, "-12.5+math.sin(q.anim_time*180*1)*2 "]
				},
				"wing_right": {
					"rotation": [0, 0, "12.5-math.sin(q.anim_time*180*1)*2 "]
				},
				"foot_left": {
					"rotation": [0, "-math.sin(q.anim_time*180*1)*2 ", 0]
				},
				"foot_right": {
					"rotation": [0, "math.sin(q.anim_time*180*1)*2 ", 0]
				},
				"arms": {
					"position": [0, "math.cos(q.anim_time*180*1)*0.2", 0]
				},
				"neck": {
					"rotation": ["math.cos(q.anim_time*180*1)*1", 0, 0]
				},
				"head": {
					"rotation": ["math.cos(q.anim_time*180*1)*1", 0, 0]
				},
				"neck2": {
					"rotation": ["math.sin(q.anim_time*180*1)*1", 0, 0]
				}
			}
		},
		"animation.pokemans_latias.physical_attack": {
			"animation_length": 3.0833,
			"bones": {
				"body": {
					"rotation": {
						"0.0": {
							"post": [0, 0, 0],
							"lerp_mode": "catmullrom"
						},
						"0.25": {
							"post": [4.99527, -0.21782, 2.4905],
							"lerp_mode": "catmullrom"
						},
						"0.75": {
							"post": [14.95002, 1.22008, -4.00018],
							"lerp_mode": "catmullrom"
						},
						"1.0": {
							"post": [20, 0, 0],
							"lerp_mode": "catmullrom"
						},
						"1.0833": {
							"post": [0, 0, 0],
							"lerp_mode": "catmullrom"
						},
						"1.1667": {
							"post": [-60.47, 0, 0],
							"lerp_mode": "catmullrom"
						},
						"1.25": {
							"post": [-127.5, 0, 0],
							"lerp_mode": "catmullrom"
						},
						"1.3333": {
							"post": [-172.5, 0, 0],
							"lerp_mode": "catmullrom"
						},
						"1.4167": {
							"post": [-212.22, 0, 0],
							"lerp_mode": "catmullrom"
						},
						"1.5": {
							"post": [-291.09, 0, 0],
							"lerp_mode": "catmullrom"
						},
						"1.5833": [-360, 0, 0],
						"2.0833": {
							"pre": [-360, 0, 0],
							"post": [0, 0, 0]
						}
					},
					"position": {
						"0.0": {
							"post": [0, 7, 0],
							"lerp_mode": "catmullrom"
						},
						"0.75": {
							"post": [0, 28, 0],
							"lerp_mode": "catmullrom"
						},
						"1.0": {
							"post": [0, 35, 0],
							"lerp_mode": "catmullrom"
						},
						"1.0833": {
							"post": [0, 28, -115],
							"lerp_mode": "catmullrom"
						},
						"1.1667": {
							"post": [0, 60.56, -156.38],
							"lerp_mode": "catmullrom"
						},
						"1.25": {
							"post": [0, 97.62, -148],
							"lerp_mode": "catmullrom"
						},
						"1.3333": {
							"post": [0, 126.62, -67],
							"lerp_mode": "catmullrom"
						},
						"1.4167": {
							"post": [0, 119.62, 30],
							"lerp_mode": "catmullrom"
						},
						"1.5": {
							"post": [0, 49.62, 51],
							"lerp_mode": "catmullrom"
						},
						"1.5833": [0, 7, 0],
						"2.0833": [0, 7, 0]
					}
				},
				"wing_left": {
					"rotation": {
						"0.0": {
							"post": [0, 0, 0],
							"lerp_mode": "catmullrom"
						},
						"0.75": {
							"post": [0, 0, -15],
							"lerp_mode": "catmullrom"
						},
						"1.4583": {
							"post": [0, 0, -15],
							"lerp_mode": "catmullrom"
						},
						"2.0833": [0, 0, 0]
					}
				},
				"wing_right": {
					"rotation": {
						"0.0": {
							"post": [0, 0, 0],
							"lerp_mode": "catmullrom"
						},
						"0.75": {
							"post": [0, 0, 15],
							"lerp_mode": "catmullrom"
						},
						"1.4583": {
							"post": [0, 0, 15],
							"lerp_mode": "catmullrom"
						},
						"2.0833": [0, 0, 0]
					}
				},
				"foot_left": {
					"rotation": {
						"0.0": {
							"post": [0, 0, 0],
							"lerp_mode": "catmullrom"
						},
						"0.75": {
							"post": [0, -27.5, 0],
							"lerp_mode": "catmullrom"
						},
						"1.0": {
							"post": [0, -27.5, 0],
							"lerp_mode": "catmullrom"
						},
						"1.0833": {
							"post": [0, 0, 0],
							"lerp_mode": "catmullrom"
						},
						"2.0833": [0, 0, 0]
					}
				},
				"foot_right": {
					"rotation": {
						"0.0": {
							"post": [0, 0, 0],
							"lerp_mode": "catmullrom"
						},
						"0.75": {
							"post": [0, 25, 0],
							"lerp_mode": "catmullrom"
						},
						"1.0": {
							"post": [0, 25, 0],
							"lerp_mode": "catmullrom"
						},
						"1.0833": {
							"post": [0, 0, 0],
							"lerp_mode": "catmullrom"
						},
						"2.0833": [0, 0, 0]
					}
				},
				"arm_left": {
					"rotation": {
						"0.0": {
							"post": [0, 0, 0],
							"lerp_mode": "catmullrom"
						},
						"0.75": {
							"post": [0, -10, 0],
							"lerp_mode": "catmullrom"
						},
						"1.4583": {
							"post": [0, -10, 0],
							"lerp_mode": "catmullrom"
						},
						"2.0833": [0, 0, 0]
					},
					"position": {
						"0.0": {
							"post": [0, 0, 0],
							"lerp_mode": "catmullrom"
						},
						"0.75": {
							"post": [1, 0, 0],
							"lerp_mode": "catmullrom"
						},
						"1.4583": {
							"post": [1, 0, 0],
							"lerp_mode": "catmullrom"
						},
						"2.0833": [0, 0, 0]
					}
				},
				"arm_right": {
					"rotation": {
						"0.0": {
							"post": [0, 0, 0],
							"lerp_mode": "catmullrom"
						},
						"0.75": {
							"post": [0, 7.5, 0],
							"lerp_mode": "catmullrom"
						},
						"1.4583": {
							"post": [0, 7.5, 0],
							"lerp_mode": "catmullrom"
						},
						"2.0833": [0, 0, 0]
					},
					"position": {
						"0.0": {
							"post": [0, 0, 0],
							"lerp_mode": "catmullrom"
						},
						"0.75": {
							"post": [-1, 0, 0],
							"lerp_mode": "catmullrom"
						},
						"1.4583": {
							"post": [-1, 0, 0],
							"lerp_mode": "catmullrom"
						},
						"2.0833": [0, 0, 0]
					}
				},
				"neck": {
					"rotation": {
						"0.0": {
							"post": [0, 0, 0],
							"lerp_mode": "catmullrom"
						},
						"0.75": {
							"post": [0, 0, 0],
							"lerp_mode": "catmullrom"
						},
						"1.1667": {
							"post": [-10, 0, 0],
							"lerp_mode": "catmullrom"
						},
						"1.625": [0, 0, 0]
					}
				},
				"head": {
					"rotation": {
						"0.0": {
							"post": [0, 0, 0],
							"lerp_mode": "catmullrom"
						},
						"0.75": {
							"post": [0, 0, 0],
							"lerp_mode": "catmullrom"
						},
						"1.1667": {
							"post": [-20, 0, 0],
							"lerp_mode": "catmullrom"
						},
						"1.625": [0, 0, 0]
					}
				},
				"mouth": {
					"position": {
						"0.0": [0, 0, 0],
						"0.2917": [0, 0, -1],
						"1.4583": [0, 0, -1],
						"2.0833": [0, 0, 0]
					}
				},
				"neck2": {
					"rotation": {
						"0.0": {
							"post": [0, 0, 0],
							"lerp_mode": "catmullrom"
						},
						"0.75": {
							"post": [0, 0, 0],
							"lerp_mode": "catmullrom"
						},
						"1.1667": {
							"post": [-12.5, 0, 0],
							"lerp_mode": "catmullrom"
						},
						"1.625": [0, 0, 0]
					}
				}
			}
		},
		"animation.pokemans_latias.cry": {
			"animation_length": 1.2083,
			"bones": {
				"body": {
					"rotation": {
						"0.0": {
							"post": [0, 0, 0],
							"lerp_mode": "catmullrom"
						},
						"0.3333": {
							"post": [-2.5, 0, 0],
							"lerp_mode": "catmullrom"
						},
						"0.75": {
							"post": [-2.5, 0, 0],
							"lerp_mode": "catmullrom"
						},
						"1.2083": {
							"post": [0, 0, 0],
							"lerp_mode": "catmullrom"
						}
					}
				},
				"wing_left": {
					"rotation": {
						"0.0": {
							"post": [0, 0, 0],
							"lerp_mode": "catmullrom"
						},
						"0.3333": {
							"post": [0, 0, 10],
							"lerp_mode": "catmullrom"
						},
						"0.75": {
							"post": [0, 0, 10],
							"lerp_mode": "catmullrom"
						},
						"1.2083": {
							"post": [0, 0, 0],
							"lerp_mode": "catmullrom"
						}
					}
				},
				"wing_right": {
					"rotation": {
						"0.0": {
							"post": [0, 0, 0],
							"lerp_mode": "catmullrom"
						},
						"0.3333": {
							"post": [0, 0, -10],
							"lerp_mode": "catmullrom"
						},
						"0.75": {
							"post": [0, 0, -10],
							"lerp_mode": "catmullrom"
						},
						"1.2083": {
							"post": [0, 0, 0],
							"lerp_mode": "catmullrom"
						}
					}
				},
				"arm_left": {
					"rotation": {
						"0.0": {
							"post": [0, 0, 0],
							"lerp_mode": "catmullrom"
						},
						"0.3333": {
							"post": [-12.5, 10, 0],
							"lerp_mode": "catmullrom"
						},
						"0.75": {
							"post": [-12.5, 10, 0],
							"lerp_mode": "catmullrom"
						},
						"1.2083": {
							"post": [0, 0, 0],
							"lerp_mode": "catmullrom"
						}
					},
					"position": {
						"0.0": {
							"post": [0, 0, 0],
							"lerp_mode": "catmullrom"
						},
						"0.3333": {
							"post": [1, 0, 0],
							"lerp_mode": "catmullrom"
						},
						"0.75": {
							"post": [1, 0, 0],
							"lerp_mode": "catmullrom"
						},
						"1.2083": {
							"post": [0, 0, 0],
							"lerp_mode": "catmullrom"
						}
					}
				},
				"arm_right": {
					"rotation": {
						"0.0": {
							"post": [0, 0, 0],
							"lerp_mode": "catmullrom"
						},
						"0.3333": {
							"post": [-10, -7.5, 0],
							"lerp_mode": "catmullrom"
						},
						"0.75": {
							"post": [-10, -7.5, 0],
							"lerp_mode": "catmullrom"
						},
						"1.2083": {
							"post": [0, 0, 0],
							"lerp_mode": "catmullrom"
						}
					},
					"position": {
						"0.0": {
							"post": [0, 0, 0],
							"lerp_mode": "catmullrom"
						},
						"0.3333": {
							"post": [-1, 0, 0],
							"lerp_mode": "catmullrom"
						},
						"0.75": {
							"post": [-1, 0, 0],
							"lerp_mode": "catmullrom"
						},
						"1.2083": {
							"post": [0, 0, 0],
							"lerp_mode": "catmullrom"
						}
					}
				},
				"neck": {
					"rotation": {
						"0.0": {
							"post": [0, 0, 0],
							"lerp_mode": "catmullrom"
						},
						"0.3333": {
							"post": [-5, 0, 0],
							"lerp_mode": "catmullrom"
						},
						"0.75": {
							"post": [-5, 0, 0],
							"lerp_mode": "catmullrom"
						},
						"1.2083": {
							"post": [0, 0, 0],
							"lerp_mode": "catmullrom"
						}
					}
				},
				"head": {
					"rotation": {
						"0.0": {
							"post": [0, 0, 0],
							"lerp_mode": "catmullrom"
						},
						"0.3333": {
							"post": [-5, 0, 0],
							"lerp_mode": "catmullrom"
						},
						"0.75": {
							"post": [-5, 0, 0],
							"lerp_mode": "catmullrom"
						},
						"1.2083": {
							"post": [0, 0, 0],
							"lerp_mode": "catmullrom"
						}
					}
				},
				"mouth": {
					"position": {
						"0.0": {
							"post": [0, 0, 0],
							"lerp_mode": "catmullrom"
						},
						"0.2917": {
							"post": [0, 0, -1],
							"lerp_mode": "catmullrom"
						},
						"0.9167": {
							"post": [0, 0, -1],
							"lerp_mode": "catmullrom"
						},
						"1.2083": {
							"post": [0, 0, 0],
							"lerp_mode": "catmullrom"
						}
					}
				},
				"neck2": {
					"rotation": {
						"0.0": {
							"post": [0, 0, 0],
							"lerp_mode": "catmullrom"
						},
						"0.3333": {
							"post": [-7.5, 0, 0],
							"lerp_mode": "catmullrom"
						},
						"0.75": {
							"post": [-7.5, 0, 0],
							"lerp_mode": "catmullrom"
						},
						"1.2083": {
							"post": [0, 0, 0],
							"lerp_mode": "catmullrom"
						}
					}
				}
			},
			"sound_effects": {
				"0.1": {
					"effect": "pokemon.latias.cry"
				}
			}
		},
		"animation.pokemans_latias.special_attack": {
			"animation_length": 2,
			"bones": {
				"body": {
					"rotation": {
						"0.0": {
							"post": [0, 0, 0],
							"lerp_mode": "catmullrom"
						},
						"0.5": {
							"post": [-2.5, 0, 0],
							"lerp_mode": "catmullrom"
						},
						"1.5417": {
							"post": [-2.5, 0, 0],
							"lerp_mode": "catmullrom"
						},
						"2.0": {
							"post": [0, 0, 0],
							"lerp_mode": "catmullrom"
						}
					},
					"position": {
						"0.0": [0, 7, 0],
						"0.5": [0, 7, 0],
						"0.5417": [0, 8, 0],
						"0.5833": [0, 7, 0],
						"0.625": [0, 8, 0],
						"0.6667": [0, 7, 0],
						"0.7083": [0, 8, 0],
						"0.75": [0, 7, 0],
						"0.7917": [0, 8, 0],
						"0.8333": [0, 7, 0],
						"0.875": [0, 8, 0],
						"0.9167": [0, 7, 0],
						"0.9583": [0, 8, 0],
						"1.0": [0, 7, 0],
						"1.0417": [0, 8, 0],
						"1.0833": [0, 7, 0],
						"1.125": [0, 8, 0],
						"1.1667": [0, 7, 0],
						"1.2083": [0, 8, 0],
						"1.25": [0, 7, 0],
						"1.2917": [0, 8, 0],
						"1.3333": [0, 7, 0],
						"1.375": [0, 8, 0],
						"1.4167": [0, 7, 0],
						"1.4583": [0, 8, 0],
						"1.5": [0, 7, 0],
						"1.5417": [0, 7, 0]
					}
				},
				"wing_left": {
					"rotation": {
						"0.0": {
							"post": [0, 0, 0],
							"lerp_mode": "catmullrom"
						},
						"0.5": {
							"post": [0, 0, 10],
							"lerp_mode": "catmullrom"
						},
						"1.5417": {
							"post": [0, 0, 17.5],
							"lerp_mode": "catmullrom"
						},
						"2.0": {
							"post": [0, 0, 0],
							"lerp_mode": "catmullrom"
						}
					}
				},
				"wing_right": {
					"rotation": {
						"0.0": {
							"post": [0, 0, 0],
							"lerp_mode": "catmullrom"
						},
						"0.5": {
							"post": [0, 0, -10],
							"lerp_mode": "catmullrom"
						},
						"1.5417": {
							"post": [0, 0, -20],
							"lerp_mode": "catmullrom"
						},
						"2.0": {
							"post": [0, 0, 0],
							"lerp_mode": "catmullrom"
						}
					}
				},
				"arm_left": {
					"rotation": {
						"0.0": {
							"post": [0, 0, 0],
							"lerp_mode": "catmullrom"
						},
						"0.5": {
							"post": [-12.5, 10, 0],
							"lerp_mode": "catmullrom"
						},
						"1.5417": {
							"post": [-12.5, 10, 0],
							"lerp_mode": "catmullrom"
						},
						"2.0": {
							"post": [0, 0, 0],
							"lerp_mode": "catmullrom"
						}
					},
					"position": {
						"0.0": {
							"post": [0, 0, 0],
							"lerp_mode": "catmullrom"
						},
						"0.5": {
							"post": [1, 0, 0],
							"lerp_mode": "catmullrom"
						},
						"1.5417": {
							"post": [1, 0, 0],
							"lerp_mode": "catmullrom"
						},
						"2.0": {
							"post": [0, 0, 0],
							"lerp_mode": "catmullrom"
						}
					}
				},
				"arm_right": {
					"rotation": {
						"0.0": {
							"post": [0, 0, 0],
							"lerp_mode": "catmullrom"
						},
						"0.5": {
							"post": [-10, -7.5, 0],
							"lerp_mode": "catmullrom"
						},
						"1.5417": {
							"post": [-10, -7.5, 0],
							"lerp_mode": "catmullrom"
						},
						"2.0": {
							"post": [0, 0, 0],
							"lerp_mode": "catmullrom"
						}
					},
					"position": {
						"0.0": {
							"post": [0, 0, 0],
							"lerp_mode": "catmullrom"
						},
						"0.5": {
							"post": [-1, 0, 0],
							"lerp_mode": "catmullrom"
						},
						"1.5417": {
							"post": [-1, 0, 0],
							"lerp_mode": "catmullrom"
						},
						"2.0": {
							"post": [0, 0, 0],
							"lerp_mode": "catmullrom"
						}
					}
				},
				"neck": {
					"rotation": {
						"0.0": {
							"post": [0, 0, 0],
							"lerp_mode": "catmullrom"
						},
						"0.5": {
							"post": [-5, 0, 0],
							"lerp_mode": "catmullrom"
						},
						"1.5417": {
							"post": [-5, 0, 0],
							"lerp_mode": "catmullrom"
						},
						"2.0": {
							"post": [0, 0, 0],
							"lerp_mode": "catmullrom"
						}
					}
				},
				"head": {
					"rotation": {
						"0.0": {
							"post": [0, 0, 0],
							"lerp_mode": "catmullrom"
						},
						"0.5": {
							"post": [-5, 0, 0],
							"lerp_mode": "catmullrom"
						},
						"1.5417": {
							"post": [-5, 0, 0],
							"lerp_mode": "catmullrom"
						},
						"2.0": {
							"post": [0, 0, 0],
							"lerp_mode": "catmullrom"
						}
					}
				},
				"mouth": {
					"position": {
						"0.0": {
							"post": [0, 0, 0],
							"lerp_mode": "catmullrom"
						},
						"0.5": {
							"post": [0, 0, -1],
							"lerp_mode": "catmullrom"
						},
						"1.5417": {
							"post": [0, 0, -1],
							"lerp_mode": "catmullrom"
						},
						"2.0": {
							"post": [0, 0, 0],
							"lerp_mode": "catmullrom"
						}
					}
				},
				"neck2": {
					"rotation": {
						"0.0": {
							"post": [0, 0, 0],
							"lerp_mode": "catmullrom"
						},
						"0.5": {
							"post": [-7.5, 0, 0],
							"lerp_mode": "catmullrom"
						},
						"1.5417": {
							"post": [-7.5, 0, 0],
							"lerp_mode": "catmullrom"
						},
						"2.0": {
							"post": [0, 0, 0],
							"lerp_mode": "catmullrom"
						}
					}
				},
				"foot_left": {
					"rotation": {
						"0.0": [0, 0, 0],
						"1.5417": [0, -32.5, 0],
						"2.0": [0, 0, 0]
					}
				},
				"foot_right": {
					"rotation": {
						"0.0": [0, 0, 0],
						"1.5417": [0, 40, 0],
						"2.0": [0, 0, 0]
					}
				}
			}
		},
		"animation.pokemans_latias.faint": {
			"loop": true,
			"animation_length": 4,
			"bones": {
				"body": {
					"rotation": ["math.sin(q.anim_time*90*1)*0.5", 0, "math.sin(q.anim_time*90*1)*1"],
					"position": [0, "7-math.sin(q.anim_time*90*1)*1.5", 0]
				},
				"wing_left": {
					"rotation": {
						"0.0": {
							"post": [0, 0, 0],
							"lerp_mode": "catmullrom"
						},
						"1.5": {
							"post": [0, 0, -2.5],
							"lerp_mode": "catmullrom"
						},
						"3.0": {
							"post": [0, 0, 2.5],
							"lerp_mode": "catmullrom"
						},
						"4.0": {
							"post": [0, 0, 0],
							"lerp_mode": "catmullrom"
						}
					}
				},
				"wing_right": {
					"rotation": {
						"0.0": {
							"post": [0, 0, 0],
							"lerp_mode": "catmullrom"
						},
						"1.5": {
							"post": [0, 0, 2.5],
							"lerp_mode": "catmullrom"
						},
						"3.0": {
							"post": [0, 0, -2.5],
							"lerp_mode": "catmullrom"
						},
						"4.0": {
							"post": [0, 0, 0],
							"lerp_mode": "catmullrom"
						}
					}
				},
				"foot_left": {
					"rotation": {
						"0.0": {
							"post": [0, 0, 0],
							"lerp_mode": "catmullrom"
						},
						"2.0": {
							"post": [0, -7.5, 0],
							"lerp_mode": "catmullrom"
						},
						"4.0": {
							"post": [0, 0, 0],
							"lerp_mode": "catmullrom"
						}
					}
				},
				"foot_right": {
					"rotation": {
						"0.0": {
							"post": [0, 0, 0],
							"lerp_mode": "catmullrom"
						},
						"2.0": {
							"post": [0, 7.5, 0],
							"lerp_mode": "catmullrom"
						},
						"4.0": {
							"post": [0, 0, 0],
							"lerp_mode": "catmullrom"
						}
					}
				},
				"arm_left": {
					"rotation": {
						"0.0": {
							"post": [0, 0, 0],
							"lerp_mode": "catmullrom"
						},
						"1.5": {
							"post": [2.5, 0, 0],
							"lerp_mode": "catmullrom"
						},
						"3.0": {
							"post": [-2.5, 0, 0],
							"lerp_mode": "catmullrom"
						},
						"4.0": {
							"post": [0, 0, 0],
							"lerp_mode": "catmullrom"
						}
					}
				},
				"arm_right": {
					"rotation": {
						"0.0": {
							"post": [0, 0, 0],
							"lerp_mode": "catmullrom"
						},
						"1.5": {
							"post": [2.5, 0, 0],
							"lerp_mode": "catmullrom"
						},
						"3.0": {
							"post": [-2.5, 0, 0],
							"lerp_mode": "catmullrom"
						},
						"4.0": {
							"post": [0, 0, 0],
							"lerp_mode": "catmullrom"
						}
					}
				},
				"neck": {
					"rotation": {
						"0.0": [0, 0, 0],
						"1.0": [-10, 0, 0]
					}
				},
				"head": {
					"rotation": {
						"0.0": [0, 0, 0],
						"1.5417": [-10, 0, 0]
					}
				},
				"neck2": {
					"rotation": {
						"0.0": [0, 0, 0],
						"1.375": [-12.5, 0, 0]
					},
					"position": {
						"0.0": {
							"post": [0, 0, 0],
							"lerp_mode": "catmullrom"
						},
						"1.5833": {
							"post": [0, -0.2, 0],
							"lerp_mode": "catmullrom"
						},
						"4.0": {
							"post": [0, 0, 0],
							"lerp_mode": "catmullrom"
						}
					}
				},
				"mouth": {
					"position": [0, 0, -1]
				},
				"eye_right": {
					"scale": {
						"0.0": [1, 1, 1],
						"1.25": [1, 1, 1],
						"1.75": [1, 0.9, 1]
					}
				},
				"eye_left": {
					"scale": {
						"0.0": [1, 1, 1],
						"1.25": [1, 1, 1],
						"1.75": [1, 0.9, 1]
					}
				}
			}
		}
	}
}