{
	"format_version": "1.8.0",
	"animations": {
		"animation.pokemans_arceus.pose": {
			"loop": true,
			"bones": {
				"leg_f": {
					"rotation": [-25, 0, 0]
				},
				"leg_f_left": {
					"rotation": [0, 0, 12.5]
				},
				"leg_f_right": {
					"rotation": [0, 0, -12.5]
				},
				"leg_b": {
					"rotation": [15, 0, 0]
				},
				"leg_b_left": {
					"rotation": [0, 0, 7.5]
				},
				"leg_b_right": {
					"rotation": [0, 0, -7.5]
				},
				"neck": {
					"rotation": [-5, 0, 0]
				},
				"neck2": {
					"rotation": [0, 0, 0]
				},
				"neck3": {
					"rotation": [5, 0, 0]
				},
				"neck4": {
					"rotation": [0, 0, 0]
				},
				"tail2": {
					"rotation": [2.5, 0, 0]
				},
				"tail3": {
					"rotation": [-20, 0, 0]
				},
				"tail4": {
					"rotation": [17.5, 0, 0]
				},
				"tail5": {
					"rotation": [-17.5, 0, 0]
				},
				"head": {
					"rotation": [10, 0, 0]
				},
				"bone": {
					"rotation": [-5, 0, 0]
				},
				"bone2": {
					"rotation": [-12.5, 0, 0]
				},
				"bone3": {
					"rotation": [20, 0, 0]
				},
				"bone4": {
					"rotation": [-10, 0, 0]
				},
				"bone5": {
					"rotation": [-10, 0, 0]
				},
				"tail6": {
					"rotation": [-15, 0, 0]
				},
				"torso2": {
					"rotation": [0, 0, 0]
				}
			}
		},
		"animation.pokemans_arceus.ground_idle": {
			"loop": true,
			"bones": {
				"torso3": {
					"rotation": [-2.5, 0, 0]
				},
				"tail": {
					"rotation": [-12.5, 0, 0]
				},
				"tail2": {
					"rotation": ["5+math.sin(q.anim_time * 90+ 1* 18) *- 6", 0, 0]
				},
				"tail3": {
					"rotation": ["2.5+math.sin(q.anim_time * 90+ 2* 18) *- 4", 0, 0]
				},
				"tail4": {
					"rotation": ["-20+math.sin(q.anim_time * 90+ 3* 18) *- 6", 0, 0]
				},
				"tail5": {
					"rotation": ["0+math.sin(q.anim_time * 90+ 4* 18) * -7", 0, 0]
				},
				"tail6": {
					"rotation": ["2.5+math.sin(q.anim_time * 90+ 6* 18) * -16", 0, 0]
				},
				"neck": {
					"rotation": [-7.5, 0, 0],
					"position": [0, "0+math.sin(q.anim_time * 120+ 6* 18) * -0.2", 0]
				},
				"neck2": {
					"rotation": ["0+math.sin(q.anim_time * 120+ 2* 18) *1", 0, 0]
				},
				"neck4": {
					"rotation": ["10+math.sin(q.anim_time * 120+ 2* 18) * 1.5", 0, 0]
				},
				"head": {
					"rotation": ["-5+math.sin(q.anim_time * 90) * 1.5", 0, 0],
					"position": [0, "0+math.sin(q.anim_time * 120+ 6* 18) * -0.2", 0]
				},
				"bone": {
					"rotation": ["-math.cos(q.anim_time*90)*10", 0, 0]
				},
				"bone2": {
					"rotation": ["-math.sin(q.anim_time*90)*10", 0, 0]
				},
				"bone3": {
					"rotation": ["math.cos(q.anim_time*90)*10", 0, 0]
				},
				"bone4": {
					"rotation": ["-math.sin(q.anim_time*90)*10", 0, 0]
				},
				"bone5": {
					"rotation": ["math.cos(q.anim_time*90)*10", 0, 0]
				},
				"leg_f_left": {
					"rotation": ["-22.4835+Math.cos((query.anim_time) * 90 *1) *1.5", 1.13102, 2.23194],
					"position": [0, "-1+Math.cos((query.anim_time) * 90 * 2 - 90) * -0.2", "0+Math.cos((query.anim_time) * 90 * 2 - 45) * 0.2"]
				},
				"leg_f_left2": {
					"rotation": [2.5, 0, 0]
				},
				"leg_f_left3": {
					"rotation": [2.5, 0, 0]
				},
				"leg_f_left4": {
					"rotation": ["3.5+Math.cos((query.anim_time) * 90 *1) * 0.7", 0, 0],
					"position": [0, "-Math.cos((query.anim_time)*90 *1)*0.6", "-Math.cos((query.anim_time)*90 *1)*-0.2"]
				},
				"leg_f_left5": {
					"rotation": [7.5, 0, 0]
				},
				"leg_f_right": {
					"rotation": ["-0.0014+Math.cos((query.anim_time) * 90 *1) *1.5", -0.19111, -2.49472]
				},
				"leg_f_right3": {
					"rotation": [7.5, 0, 0]
				},
				"leg_f_right4": {
					"rotation": ["1+Math.cos((query.anim_time) * 90 *1) * 0.7", 0, 0],
					"position": [0, "-Math.cos((query.anim_time)*90 *1)*1", "-Math.cos((query.anim_time)*90 *1)*-0.2"]
				},
				"leg_f_right5": {
					"rotation": [-5, 0, 0]
				},
				"leg_b_left": {
					"position": [0, "-Math.cos((query.anim_time)*90 *1)*-1", "-Math.cos((query.anim_time)*90 *1)*0.2"]
				},
				"leg_b_left4": {
					"position": [0, "-Math.cos((query.anim_time)*90 *1)*1", "-Math.cos((query.anim_time)*90 *1)*-0.2"]
				},
				"leg_b_right": {
					"position": [0, "-Math.cos((query.anim_time)*90 *1)*-1", "-Math.cos((query.anim_time)*90 *1)*0.2"]
				},
				"leg_b_right4": {
					"position": [0, "-Math.cos((query.anim_time)*90 *1)*1", "-Math.cos((query.anim_time)*90 *1)*-0.2"]
				},
				"torso": {
					"rotation": ["2.5+Math.cos((query.anim_time) * 90 *1) * -1.5", 0, 0]
				},
				"skill": {
					"scale": 0
				}
			}
		},
		"animation.pokemans_arceus.battle_idle": {
			"loop": true,
			"bones": {
				"torso3": {
					"rotation": [-2.5, 0, 0]
				},
				"tail": {
					"rotation": [-12.5, 0, 0]
				},
				"tail2": {
					"rotation": ["-math.cos(q.anim_time*120)*10", 0, 0]
				},
				"tail3": {
					"rotation": ["-math.sin(q.anim_time*120)*10", 0, 0]
				},
				"tail4": {
					"rotation": ["math.cos(q.anim_time*120)*10", 0, 0]
				},
				"tail5": {
					"rotation": ["-math.sin(q.anim_time*120)*10", 0, 0]
				},
				"tail6": {
					"rotation": ["math.cos(q.anim_time*120)*10", 0, 0]
				},
				"neck": {
					"rotation": [-7.5, 0, 0],
					"position": [0, "0+math.sin(q.anim_time * 120+ 6* 18) * -0.2", 0]
				},
				"neck2": {
					"rotation": ["0+math.sin(q.anim_time * 120+ 2* 18) *1", 0, 0]
				},
				"neck4": {
					"rotation": ["10+math.sin(q.anim_time * 120+ 2* 18) * 1.5", 0, 0]
				},
				"head": {
					"rotation": ["12.5+math.sin(q.anim_time * 90) * 1.5", 0, 0],
					"position": [0, "0+math.sin(q.anim_time * 120+ 6* 18) * -0.2", 0]
				},
				"bone": {
					"rotation": ["-12.5-math.cos(q.anim_time*120)*10", 0, 0]
				},
				"bone2": {
					"rotation": ["-math.sin(q.anim_time*120)*10", 0, 0]
				},
				"bone3": {
					"rotation": ["math.cos(q.anim_time*120)*10", 0, 0]
				},
				"bone4": {
					"rotation": ["-math.sin(q.anim_time*120)*10", 0, 0]
				},
				"bone5": {
					"rotation": ["math.cos(q.anim_time*120)*10", 0, 0]
				},
				"leg_f_left": {
					"rotation": ["-22.4835+Math.cos((query.anim_time) * 90 *1) *1.5", 1.13102, 2.23194],
					"position": [0, "-1+Math.cos((query.anim_time) * 90 * 2 - 90) * -0.2", "0+Math.cos((query.anim_time) * 90 * 2 - 45) * 0.2"]
				},
				"leg_f_left2": {
					"rotation": [2.5, 0, 0]
				},
				"leg_f_left3": {
					"rotation": [2.5, 0, 0]
				},
				"leg_f_left4": {
					"rotation": ["3.5+Math.cos((query.anim_time) * 90 *1) * 0.7", 0, 0],
					"position": [0, "-Math.cos((query.anim_time)*90 *1)*0.6", "-Math.cos((query.anim_time)*90 *1)*-0.2"]
				},
				"leg_f_left5": {
					"rotation": [7.5, 0, 0]
				},
				"leg_f_right": {
					"rotation": ["-0.0014+Math.cos((query.anim_time) * 90 *1) *1.5", -0.19111, -2.49472]
				},
				"leg_f_right3": {
					"rotation": [7.5, 0, 0]
				},
				"leg_f_right4": {
					"rotation": ["1+Math.cos((query.anim_time) * 90 *1) * 0.7", 0, 0],
					"position": [0, "-Math.cos((query.anim_time)*90 *1)*1", "-Math.cos((query.anim_time)*90 *1)*-0.2"]
				},
				"leg_f_right5": {
					"rotation": [-5, 0, 0]
				},
				"leg_b_left": {
					"position": [0, "-Math.cos((query.anim_time)*90 *1)*-1", "-Math.cos((query.anim_time)*90 *1)*0.2"]
				},
				"leg_b_left4": {
					"position": [0, "-Math.cos((query.anim_time)*90 *1)*1", "-Math.cos((query.anim_time)*90 *1)*-0.2"]
				},
				"leg_b_right": {
					"position": [0, "-Math.cos((query.anim_time)*90 *1)*-1", "-Math.cos((query.anim_time)*90 *1)*0.2"]
				},
				"leg_b_right4": {
					"position": [0, "-Math.cos((query.anim_time)*90 *1)*1", "-Math.cos((query.anim_time)*90 *1)*-0.2"]
				},
				"torso": {
					"rotation": ["2.5+Math.cos((query.anim_time) * 90 *1) * -1.5", 0, 0]
				},
				"skill": {
					"scale": 0
				}
			}
		},
		"animation.pokemans_arceus.air_idle": {
			"loop": true,
			"bones": {
				"body": {
					"position": [0, "math.cos(q.anim_time*90)*1", 0]
				},
				"torso": {
					"rotation": ["math.sin(q.anim_time*90)*2", 0, 0]
				},
				"tail": {
					"rotation": [-7.5, 0, 0]
				},
				"tail2": {
					"rotation": ["-math.cos(q.anim_time*90)*10", 0, 0]
				},
				"tail3": {
					"rotation": ["-math.sin(q.anim_time*90)*10", 0, 0]
				},
				"tail4": {
					"rotation": ["math.cos(q.anim_time*90)*10", 0, 0]
				},
				"tail5": {
					"rotation": ["-math.sin(q.anim_time*90)*10", 0, 0]
				},
				"tail6": {
					"rotation": ["math.cos(q.anim_time*90)*10", 0, 0]
				},
				"leg_f_left": {
					"rotation": ["-5-math.cos(q.anim_time*90)*5", 0, 0]
				},
				"leg_f_left4": {
					"rotation": ["-math.sin(q.anim_time*90)*5", 0, 0]
				},
				"leg_f_right": {
					"rotation": ["14.9375-math.cos(q.anim_time*90)*5", -1.5018, "4.7697-math.cos(q.anim_time*90)*2"]
				},
				"leg_f_right4": {
					"rotation": ["-math.cos(q.anim_time*90)*5", 0, 0]
				},
				"neck2": {
					"rotation": ["0-math.sin(q.anim_time*90)*5", 0, 0]
				},
				"bone": {
					"rotation": ["-math.cos(q.anim_time*90)*10", 0, 0]
				},
				"bone2": {
					"rotation": ["-math.sin(q.anim_time*90)*10", 0, 0]
				},
				"bone3": {
					"rotation": ["math.cos(q.anim_time*90)*10", 0, 0]
				},
				"bone4": {
					"rotation": ["-math.sin(q.anim_time*90)*10", 0, 0]
				},
				"bone5": {
					"rotation": ["math.cos(q.anim_time*90)*10", 0, 0]
				},
				"leg_b_left": {
					"rotation": ["17.5+math.sin(q.anim_time*90)*-3", 0, 0]
				},
				"leg_b_left4": {
					"rotation": ["-math.cos(q.anim_time*90)*3", 0, 0]
				},
				"leg_b_right": {
					"rotation": ["7.5-math.cos(q.anim_time*90)*5", 0, 0]
				},
				"leg_b_right4": {
					"rotation": ["-math.sin(q.anim_time*90)*5", 0, 0]
				},
				"skill": {
					"scale": 0
				}
			}
		},
		"animation.pokemans_arceus.air_battle": {
			"loop": true,
			"bones": {
				"body": {
					"position": [0, "math.cos(q.anim_time*90)*1", 0]
				},
				"torso": {
					"rotation": ["math.sin(q.anim_time*90)*2", 0, 0]
				},
				"tail": {
					"rotation": [-7.5, 0, 0]
				},
				"tail2": {
					"rotation": ["-math.cos(q.anim_time*90)*10", 0, 0]
				},
				"tail3": {
					"rotation": ["-math.sin(q.anim_time*90)*10", 0, 0]
				},
				"tail4": {
					"rotation": ["math.cos(q.anim_time*90)*10", 0, 0]
				},
				"tail5": {
					"rotation": ["-math.sin(q.anim_time*90)*10", 0, 0]
				},
				"tail6": {
					"rotation": ["math.cos(q.anim_time*90)*10", 0, 0]
				},
				"leg_f_left": {
					"rotation": ["-5-math.cos(q.anim_time*90)*5", 0, 0]
				},
				"leg_f_left4": {
					"rotation": ["-math.sin(q.anim_time*90)*5", 0, 0]
				},
				"leg_f_right": {
					"rotation": ["14.9375-math.cos(q.anim_time*90)*5", -1.5018, "4.7697-math.cos(q.anim_time*90)*2"]
				},
				"leg_f_right4": {
					"rotation": ["-math.cos(q.anim_time*90)*5", 0, 0]
				},
				"neck2": {
					"rotation": ["10-math.sin(q.anim_time*90)*5", 0, 0]
				},
				"head": {
					"rotation": [15, 0, 0]
				},
				"bone": {
					"rotation": ["-12.5-math.cos(q.anim_time*90)*10", 0, 0]
				},
				"bone2": {
					"rotation": ["-math.sin(q.anim_time*90)*10", 0, 0]
				},
				"bone3": {
					"rotation": ["math.cos(q.anim_time*90)*10", 0, 0]
				},
				"bone4": {
					"rotation": ["-math.sin(q.anim_time*90)*10", 0, 0]
				},
				"bone5": {
					"rotation": ["math.cos(q.anim_time*90)*10", 0, 0]
				},
				"leg_b_left": {
					"rotation": ["17.5+math.sin(q.anim_time*90)*-3", 0, 0]
				},
				"leg_b_left4": {
					"rotation": ["-math.cos(q.anim_time*90)*3", 0, 0]
				},
				"leg_b_right": {
					"rotation": ["7.5-math.cos(q.anim_time*90)*5", 0, 0]
				},
				"leg_b_right4": {
					"rotation": ["-math.sin(q.anim_time*90)*5", 0, 0]
				},
				"skill": {
					"scale": 0
				}
			}
		},
		"animation.pokemans_arceus.air_fly": {
			"loop": true,
			"bones": {
				"body": {
					"position": [0, "math.cos(q.anim_time*180)*1", 0]
				},
				"torso": {
					"rotation": ["math.sin(q.anim_time*180)*2", 0, 0]
				},
				"tail": {
					"rotation": [-7.5, 0, 0]
				},
				"tail2": {
					"rotation": ["-math.cos(q.anim_time*180)*10", 0, 0]
				},
				"tail3": {
					"rotation": ["-math.sin(q.anim_time*180)*10", 0, 0]
				},
				"tail4": {
					"rotation": ["math.cos(q.anim_time*180)*10", 0, 0]
				},
				"tail5": {
					"rotation": ["-math.sin(q.anim_time*180)*10", 0, 0]
				},
				"tail6": {
					"rotation": ["math.cos(q.anim_time*180)*10", 0, 0]
				},
				"leg_f_left": {
					"rotation": ["12.5-math.cos(q.anim_time*180)*5", 0, 0]
				},
				"leg_f_left4": {
					"rotation": ["-math.sin(q.anim_time*180)*5", 0, 0]
				},
				"leg_f_right": {
					"rotation": ["19.9375-math.cos(q.anim_time*180)*5", -1.5018, "4.7697-math.cos(q.anim_time*180)*2"]
				},
				"leg_f_right4": {
					"rotation": ["-math.cos(q.anim_time*180)*5", 0, 0]
				},
				"neck": {
					"rotation": [12.5, 0, 0]
				},
				"neck2": {
					"rotation": ["0-math.sin(q.anim_time*180)*5", 0, 0]
				},
				"bone": {
					"rotation": ["-math.cos(q.anim_time*180)*10", 0, 0]
				},
				"bone2": {
					"rotation": ["-math.sin(q.anim_time*180)*10", 0, 0]
				},
				"bone3": {
					"rotation": ["math.cos(q.anim_time*180)*10", 0, 0]
				},
				"bone4": {
					"rotation": ["-math.sin(q.anim_time*180)*10", 0, 0]
				},
				"bone5": {
					"rotation": ["math.cos(q.anim_time*180)*10", 0, 0]
				},
				"leg_b_left": {
					"rotation": ["30+math.sin(q.anim_time*180)*-3", 0, 0]
				},
				"leg_b_left4": {
					"rotation": ["17.5-math.cos(q.anim_time*180)*3", 0, 0]
				},
				"leg_b_right": {
					"rotation": ["17.5-math.cos(q.anim_time*180)*5", 0, 0]
				},
				"leg_b_right4": {
					"rotation": ["20-math.sin(q.anim_time*180)*5", 0, 0]
				},
				"skill": {
					"scale": 0
				}
			}
		},
		"animation.pokemans_arceus.cry": {
			"animation_length": 2.2083,
			"bones": {
				"torso": {
					"rotation": {
						"0.0": {
							"post": [0, 0, 0],
							"lerp_mode": "catmullrom"
						},
						"0.3333": {
							"post": [0, 0, 0],
							"lerp_mode": "catmullrom"
						},
						"0.625": {
							"post": [0, 0, 0],
							"lerp_mode": "catmullrom"
						},
						"1.0833": {
							"post": [-50, 0, 0],
							"lerp_mode": "catmullrom"
						},
						"1.5": {
							"post": [-50, 0, 0],
							"lerp_mode": "catmullrom"
						},
						"1.875": {
							"post": [-30, 0, 0],
							"lerp_mode": "catmullrom"
						},
						"2.2083": {
							"post": [0, 0, 0],
							"lerp_mode": "catmullrom"
						}
					}
				},
				"leg_f_left": {
					"rotation": {
						"0.0": {
							"post": [0, 0, 0],
							"lerp_mode": "catmullrom"
						},
						"0.3333": {
							"post": [-33.02, 0, 0],
							"lerp_mode": "catmullrom"
						},
						"0.5417": {
							"post": [0, 0, 0],
							"lerp_mode": "catmullrom"
						},
						"0.7917": {
							"post": [-2.98, 0, 0],
							"lerp_mode": "catmullrom"
						},
						"1.5": {
							"post": [-52.5, 0, 0],
							"lerp_mode": "catmullrom"
						},
						"2.2083": {
							"post": [0, 0, 0],
							"lerp_mode": "catmullrom"
						}
					}
				},
				"leg_f_left3": {
					"rotation": {
						"0.0": {
							"post": [0, 0, 0],
							"lerp_mode": "catmullrom"
						},
						"0.5417": {
							"post": [0, 0, 0],
							"lerp_mode": "catmullrom"
						},
						"1.5": {
							"post": [0, 0, 0],
							"lerp_mode": "catmullrom"
						},
						"2.2083": {
							"post": [0, 0, 0],
							"lerp_mode": "catmullrom"
						}
					}
				},
				"leg_f_left4": {
					"rotation": {
						"0.0": {
							"post": [0, 0, 0],
							"lerp_mode": "catmullrom"
						},
						"0.3333": {
							"post": [50.78, 0, 0],
							"lerp_mode": "catmullrom"
						},
						"0.5417": {
							"post": [0, 0, 0],
							"lerp_mode": "catmullrom"
						},
						"0.7917": {
							"post": [2.49, 0, 0],
							"lerp_mode": "catmullrom"
						},
						"1.5": {
							"post": [57.5, 0, 0],
							"lerp_mode": "catmullrom"
						},
						"2.2083": {
							"post": [0, 0, 0],
							"lerp_mode": "catmullrom"
						}
					}
				},
				"leg_f_right": {
					"rotation": {
						"0.0": {
							"post": [0, 0, 0],
							"lerp_mode": "catmullrom"
						},
						"0.3333": {
							"post": [-30.86, 0, 0],
							"lerp_mode": "catmullrom"
						},
						"0.5417": {
							"post": [0, 0, 0],
							"lerp_mode": "catmullrom"
						},
						"0.7917": {
							"post": [-45.83, 0, 0],
							"lerp_mode": "catmullrom"
						},
						"1.5": {
							"post": [-7.5, 0, 0],
							"lerp_mode": "catmullrom"
						},
						"2.2083": {
							"post": [0, 0, 0],
							"lerp_mode": "catmullrom"
						}
					}
				},
				"leg_f_right4": {
					"rotation": {
						"0.0": {
							"post": [0, 0, 0],
							"lerp_mode": "catmullrom"
						},
						"0.3333": {
							"post": [37.19, 0, 0],
							"lerp_mode": "catmullrom"
						},
						"0.5417": {
							"post": [0, 0, 0],
							"lerp_mode": "catmullrom"
						},
						"0.7917": {
							"post": [44.75, 0, 0],
							"lerp_mode": "catmullrom"
						},
						"1.5": {
							"post": [30, 0, 0],
							"lerp_mode": "catmullrom"
						},
						"2.2083": {
							"post": [0, 0, 0],
							"lerp_mode": "catmullrom"
						}
					}
				},
				"neck": {
					"rotation": {
						"0.0": {
							"post": [0, 0, 0],
							"lerp_mode": "catmullrom"
						},
						"0.3333": {
							"post": [5.32, 0, 0],
							"lerp_mode": "catmullrom"
						},
						"0.5417": {
							"post": [0, 0, 0],
							"lerp_mode": "catmullrom"
						},
						"1.5": {
							"post": [37.5, 0, 0],
							"lerp_mode": "catmullrom"
						},
						"2.2083": {
							"post": [0, 0, 0],
							"lerp_mode": "catmullrom"
						}
					}
				},
				"neck2": {
					"rotation": {
						"0.0": {
							"post": [0, 0, 0],
							"lerp_mode": "catmullrom"
						},
						"0.3333": {
							"post": [4.27, 0, 0],
							"lerp_mode": "catmullrom"
						},
						"0.5417": {
							"post": [0, 0, 0],
							"lerp_mode": "catmullrom"
						},
						"1.5": {
							"post": [10, 0, 0],
							"lerp_mode": "catmullrom"
						},
						"2.2083": {
							"post": [0, 0, 0],
							"lerp_mode": "catmullrom"
						}
					}
				},
				"neck4": {
					"rotation": {
						"0.0": {
							"post": [0, 0, 0],
							"lerp_mode": "catmullrom"
						},
						"0.3333": {
							"post": [8.91, 0, 0],
							"lerp_mode": "catmullrom"
						},
						"0.5417": {
							"post": [0, 0, 0],
							"lerp_mode": "catmullrom"
						},
						"1.5": {
							"post": [15, 0, 0],
							"lerp_mode": "catmullrom"
						},
						"2.2083": {
							"post": [0, 0, 0],
							"lerp_mode": "catmullrom"
						}
					}
				},
				"skill": {
					"scale": 0
				}
			},
			"sound_effects": {
				"0.1": {
					"effect": "pokemon.arceus.cry"
				}
			}
		},
		"animation.pokemans_arceus.ground_walk": {
			"loop": true,
			"bones": {
				"body": {
					"rotation": [0, 0, 0],
					"position": [0, "0-(1.4*(math.sin(q.anim_time*90*2-90+45)*1.5+1.2 ))", 0]
				},
				"torso": {
					"rotation": ["5-(3*(math.sin(q.anim_time*90*2-90+45)*1.5+1.2 ))", 0, 0]
				},
				"tail": {
					"rotation": [-12.5, 0, 0]
				},
				"tail2": {
					"rotation": ["-math.cos(q.anim_time*120)*10", 0, 0]
				},
				"tail3": {
					"rotation": ["-math.sin(q.anim_time*120)*10", 0, 0]
				},
				"tail4": {
					"rotation": ["math.cos(q.anim_time*120)*10", 0, 0]
				},
				"tail5": {
					"rotation": ["-math.sin(q.anim_time*120)*10", 0, 0]
				},
				"tail6": {
					"rotation": ["math.cos(q.anim_time*120)*10", 0, 0]
				},
				"torso3": {
					"rotation": ["0-(2*(math.sin(q.anim_time*90*2-90+45)*3+1.2 ))", 0, 0]
				},
				"leg_f_left": {
					"rotation": ["15-(24*(math.sin(q.anim_time*90*2-90+45+90)*1.5+1.2 ))", 0, 0],
					"position": [0, 0, -2]
				},
				"leg_f_left4": {
					"rotation": ["math.clamp(math.sin(q.anim_time*90*2+20+45+90)*40,0,100)+5+math.clamp(math.sin(q.anim_time*90*2+20+45+90)*15,-10,0)", 0, 0]
				},
				"leg_f_left5": {
					"rotation": ["-20+math.clamp(10*(-math.sin(q.anim_time*90*2-90+90)*1+2)+25,0,60)-math.clamp(math.sin(q.anim_time*90*2-220*1+40+90)*30,-2.5,30)", 0, 0]
				},
				"leg_f_right": {
					"rotation": ["15-(24*(math.sin(q.anim_time*90*2-90+45)*1.5+1.2 ))", 0, 0],
					"position": [0, 0, -2]
				},
				"leg_f_right4": {
					"rotation": ["math.clamp(math.sin(q.anim_time*90*2+20+45)*40,0,100)+5+math.clamp(math.sin(q.anim_time*90*2+20+45)*15,-10,0)", 0, 0]
				},
				"leg_f_right5": {
					"rotation": ["-10+math.clamp(10*(-math.sin(q.anim_time*90*2-90)*1+2)+25,0,60)-math.clamp(math.sin(q.anim_time*90*2-220*1+40)*30,-2.5,30)", 0, 0]
				},
				"neck": {
					"rotation": ["0-(-3*(math.sin(q.anim_time*90*2-90+45)*3+1.2 ))", 0, 0]
				},
				"neck2": {
					"rotation": ["15-(2*(math.sin(q.anim_time*90*2-90+45)*1.5+1.2 ))", 0, 0]
				},
				"neck4": {
					"rotation": ["0-(2*(math.sin(q.anim_time*90*2-90+45)*3+1.2 ))", 0, 0]
				},
				"bone": {
					"rotation": ["-12.5-math.cos(q.anim_time*120)*10", 0, 0]
				},
				"bone2": {
					"rotation": ["-math.sin(q.anim_time*120)*10", 0, 0]
				},
				"bone3": {
					"rotation": ["math.cos(q.anim_time*120)*10", 0, 0]
				},
				"bone4": {
					"rotation": ["-math.sin(q.anim_time*120)*10", 0, 0]
				},
				"bone5": {
					"rotation": ["math.cos(q.anim_time*120)*10", 0, 0]
				},
				"leg_b_left": {
					"rotation": ["-5-(math.sin(q.anim_time*90*2+90)*20)", 0, 0],
					"position": [0, 2, 0]
				},
				"leg_b_left4": {
					"rotation": ["-5+math.clamp(math.sin(q.anim_time*90*2+20+45)*-40,0,100)+5+math.clamp(math.sin(q.anim_time*90*2+20+45)*15,-10,0)", 0, 0]
				},
				"leg_b_left5": {
					"rotation": ["0+math.sin(q.anim_time*90*4-600)*10", 0, 0]
				},
				"leg_b_right": {
					"rotation": ["-5-(math.sin(q.anim_time*90*2)*20)", 0, 0],
					"position": [0, 2, 0]
				},
				"leg_b_right4": {
					"rotation": ["-5+math.clamp(math.sin(q.anim_time*90*2+20+45+90)*30,0,100)+5+math.clamp(math.sin(q.anim_time*90*2+20+45+90)*10,-10,0)", 0, 0]
				},
				"leg_b_right5": {
					"rotation": [
						"-math.clamp(math.sin(q.anim_time*90*2+180*0)*10,0,10)+math.clamp(math.sin(q.anim_time*90*2+10+180*1)*25,0,45)-(-20+math.clamp(11*(math.sin(q.anim_time*90*2-90+180*0)*1+1),-0,60))+math.clamp(math.sin(q.anim_time*90*2-130+180*0)*00,50,100)-50",
						0,
						0
					]
				},
				"skill": {
					"scale": 0
				}
			}
		},
		"animation.pokemans_arceus.blink": {
			"animation_length": 0.0833,
			"bones": {
				"bone6": {
					"position": {
						"0.0": [-0.18, 0, 0],
						"0.0833": [0, 0, 0]
					}
				},
				"bone9": {
					"position": {
						"0.0": [0.18, 0, 0],
						"0.0833": [0, 0, 0]
					}
				},
				"skill": {
					"scale": 0
				}
			}
		},
		"animation.pokemans_arceus.attack": {
			"animation_length": 3,
			"bones": {
				"torso": {
					"rotation": {
						"0.0": {
							"post": [0, 0, 0],
							"lerp_mode": "catmullrom"
						},
						"0.25": {
							"post": [0, 0, 0],
							"lerp_mode": "catmullrom"
						},
						"0.5": {
							"post": [-27.5, 0, 0],
							"lerp_mode": "catmullrom"
						},
						"2.4167": {
							"post": [-27.5, 0, 0],
							"lerp_mode": "catmullrom"
						},
						"2.75": {
							"post": [2.5, 0, 0],
							"lerp_mode": "catmullrom"
						},
						"3.0": {
							"post": [0, 0, 0],
							"lerp_mode": "catmullrom"
						}
					},
					"position": [0, "1+math.cos(q.anim_time*120)*-1.5", 0]
				},
				"tail2": {
					"rotation": ["-math.cos(q.anim_time*120)*10", 0, 0]
				},
				"tail3": {
					"rotation": ["-math.sin(q.anim_time*120)*10", 0, 0]
				},
				"tail4": {
					"rotation": ["math.cos(q.anim_time*120)*10", 0, 0]
				},
				"tail5": {
					"rotation": ["-math.sin(q.anim_time*120)*10", 0, 0]
				},
				"tail6": {
					"rotation": ["math.cos(q.anim_time*120)*10", 0, 0]
				},
				"leg_f_left": {
					"rotation": {
						"0.0": {
							"post": [0, 0, 0],
							"lerp_mode": "catmullrom"
						},
						"0.25": {
							"post": [0, 0, 0],
							"lerp_mode": "catmullrom"
						},
						"0.5": {
							"post": [-55, 0, 0],
							"lerp_mode": "catmullrom"
						},
						"2.4167": {
							"post": [-55, 0, 0],
							"lerp_mode": "catmullrom"
						},
						"2.75": {
							"post": [-2.5, 0, 0],
							"lerp_mode": "catmullrom"
						},
						"3.0": {
							"post": [0, 0, 0],
							"lerp_mode": "catmullrom"
						}
					},
					"position": {
						"0.0": {
							"post": [0, 0, 0],
							"lerp_mode": "catmullrom"
						},
						"0.25": {
							"post": [0, 0, 0],
							"lerp_mode": "catmullrom"
						},
						"0.5": {
							"post": [0, 0, 0],
							"lerp_mode": "catmullrom"
						},
						"2.4167": {
							"post": [0, 0, 0],
							"lerp_mode": "catmullrom"
						},
						"2.75": {
							"post": [0, 0, 1],
							"lerp_mode": "catmullrom"
						},
						"3.0": {
							"post": [0, 0, 0],
							"lerp_mode": "catmullrom"
						}
					}
				},
				"leg_f_left3": {
					"rotation": {
						"0.0": {
							"post": [0, 0, 0],
							"lerp_mode": "catmullrom"
						},
						"0.25": {
							"post": [0, 0, 0],
							"lerp_mode": "catmullrom"
						},
						"0.5": {
							"post": [30, 0, 0],
							"lerp_mode": "catmullrom"
						},
						"2.4167": {
							"post": [30, 0, 0],
							"lerp_mode": "catmullrom"
						},
						"2.75": {
							"post": [0, 0, 0],
							"lerp_mode": "catmullrom"
						}
					}
				},
				"leg_f_left4": {
					"rotation": {
						"0.0": {
							"post": [0, 0, 0],
							"lerp_mode": "catmullrom"
						},
						"0.25": {
							"post": [0, 0, 0],
							"lerp_mode": "catmullrom"
						},
						"0.5": {
							"post": [55, 0, 0],
							"lerp_mode": "catmullrom"
						},
						"2.4167": {
							"post": [55, 0, 0],
							"lerp_mode": "catmullrom"
						},
						"2.6667": {
							"post": [0, 0, 0],
							"lerp_mode": "catmullrom"
						},
						"3.0": {
							"post": [0, 0, 0],
							"lerp_mode": "catmullrom"
						}
					}
				},
				"leg_f_right": {
					"rotation": {
						"0.0": {
							"post": [0, 0, 0],
							"lerp_mode": "catmullrom"
						},
						"0.25": {
							"post": [0, 0, 0],
							"lerp_mode": "catmullrom"
						},
						"0.5": {
							"post": [-22.5, 0, 0],
							"lerp_mode": "catmullrom"
						},
						"2.4167": {
							"post": [-22.5, 0, 0],
							"lerp_mode": "catmullrom"
						},
						"2.75": {
							"post": [-2.5, 0, 0],
							"lerp_mode": "catmullrom"
						},
						"3.0": {
							"post": [0, 0, 0],
							"lerp_mode": "catmullrom"
						}
					},
					"position": {
						"0.0": {
							"post": [0, 0, 0],
							"lerp_mode": "catmullrom"
						},
						"0.25": {
							"post": [0, 0, 0],
							"lerp_mode": "catmullrom"
						},
						"0.5": {
							"post": [0, 0, 0],
							"lerp_mode": "catmullrom"
						},
						"2.4167": {
							"post": [0, 0, 0],
							"lerp_mode": "catmullrom"
						},
						"2.75": {
							"post": [0, 0, 1],
							"lerp_mode": "catmullrom"
						},
						"3.0": {
							"post": [0, 0, 0],
							"lerp_mode": "catmullrom"
						}
					}
				},
				"leg_f_right3": {
					"rotation": {
						"0.0": {
							"post": [0, 0, 0],
							"lerp_mode": "catmullrom"
						},
						"0.25": {
							"post": [0, 0, 0],
							"lerp_mode": "catmullrom"
						},
						"0.5": {
							"post": [17.5, 0, 0],
							"lerp_mode": "catmullrom"
						},
						"2.4167": {
							"post": [17.5, 0, 0],
							"lerp_mode": "catmullrom"
						},
						"2.75": {
							"post": [0, 0, 0],
							"lerp_mode": "catmullrom"
						}
					}
				},
				"leg_f_right4": {
					"rotation": {
						"0.0": {
							"post": [0, 0, 0],
							"lerp_mode": "catmullrom"
						},
						"0.25": {
							"post": [0, 0, 0],
							"lerp_mode": "catmullrom"
						},
						"0.5": {
							"post": [35, 0, 0],
							"lerp_mode": "catmullrom"
						},
						"2.4167": {
							"post": [35, 0, 0],
							"lerp_mode": "catmullrom"
						},
						"2.6667": {
							"post": [0, 0, 0],
							"lerp_mode": "catmullrom"
						},
						"3.0": {
							"post": [0, 0, 0],
							"lerp_mode": "catmullrom"
						}
					}
				},
				"neck": {
					"rotation": {
						"0.0": {
							"post": [0, 0, 0],
							"lerp_mode": "catmullrom"
						},
						"0.5": {
							"post": [17.5, 0, 0],
							"lerp_mode": "catmullrom"
						},
						"2.1667": {
							"post": [17.5, 0, 0],
							"lerp_mode": "catmullrom"
						},
						"3.0": {
							"post": [0, 0, 0],
							"lerp_mode": "catmullrom"
						}
					}
				},
				"neck2": {
					"rotation": {
						"0.0": {
							"post": [0, 0, 0],
							"lerp_mode": "catmullrom"
						},
						"0.5": {
							"post": [15, 0, 0],
							"lerp_mode": "catmullrom"
						},
						"2.1667": {
							"post": [15, 0, 0],
							"lerp_mode": "catmullrom"
						},
						"3.0": {
							"post": [0, 0, 0],
							"lerp_mode": "catmullrom"
						}
					}
				},
				"neck4": {
					"rotation": {
						"0.0": {
							"post": [0, 0, 0],
							"lerp_mode": "catmullrom"
						},
						"0.5": {
							"post": [10, 0, 0],
							"lerp_mode": "catmullrom"
						},
						"2.1667": {
							"post": [10, 0, 0],
							"lerp_mode": "catmullrom"
						},
						"3.0": {
							"post": [0, 0, 0],
							"lerp_mode": "catmullrom"
						}
					}
				},
				"head": {
					"rotation": {
						"0.0": {
							"post": [0, 0, 0],
							"lerp_mode": "catmullrom"
						},
						"0.5": {
							"post": [7.5, 0, 0],
							"lerp_mode": "catmullrom"
						},
						"2.1667": {
							"post": [7.5, 0, 0],
							"lerp_mode": "catmullrom"
						},
						"3.0": {
							"post": [0, 0, 0],
							"lerp_mode": "catmullrom"
						}
					}
				},
				"bone": {
					"rotation": ["-12.5-math.cos(q.anim_time*120)*10", 0, 0]
				},
				"bone2": {
					"rotation": ["-math.sin(q.anim_time*120)*10", 0, 0]
				},
				"bone3": {
					"rotation": ["math.cos(q.anim_time*120)*10", 0, 0]
				},
				"bone4": {
					"rotation": ["-math.sin(q.anim_time*120)*10", 0, 0]
				},
				"bone5": {
					"rotation": ["math.cos(q.anim_time*120)*10", 0, 0]
				},
				"skill": {
					"rotation": [0, "0+math.cos(q.anim_time*60)*540", 0],
					"position": {
						"0.0": [0, 0, 0],
						"0.5": [0, 16, 8],
						"2.4167": [0, 16, 8],
						"3.0": [0, 0, 0]
					},
					"scale": {
						"0.0": [0, 0, 0],
						"0.3333": [0, 0, 0],
						"1.25": [1.5, 1.5, 1.5],
						"2.1667": [1.5, 1.5, 1.5],
						"2.5": [0, 0, 0]
					}
				},
				"bone12": {
					"rotation": [0, "0+math.cos(q.anim_time*60)*720", 0]
				}
			}
		},
		"animation.pokemans_arceus.faint": {
			"loop": "hold_on_last_frame",
			"animation_length": 2,
			"bones": {
				"torso": {
					"rotation": {
						"0.0": {
							"post": [0, 0, 0],
							"lerp_mode": "catmullrom"
						},
						"0.5": {
							"post": [-5, 0, 0],
							"lerp_mode": "catmullrom"
						},
						"1.25": {
							"post": [12.5, 0, 0],
							"lerp_mode": "catmullrom"
						},
						"2.0": {
							"post": [12.5, 0, 0],
							"lerp_mode": "catmullrom"
						}
					}
				},
				"tail2": {
					"rotation": {
						"0.0": {
							"post": [-12.5, 0, 0],
							"lerp_mode": "catmullrom"
						},
						"1.25": {
							"post": [-32.5, 0, 0],
							"lerp_mode": "catmullrom"
						},
						"2.0": {
							"post": [-32.5, 0, 0],
							"lerp_mode": "catmullrom"
						}
					}
				},
				"tail3": {
					"rotation": {
						"0.0": {
							"post": [0, 0, 0],
							"lerp_mode": "catmullrom"
						},
						"0.5": {
							"post": [0, 12.5, 0],
							"lerp_mode": "catmullrom"
						},
						"1.25": {
							"post": [-10, 12.5, 0],
							"lerp_mode": "catmullrom"
						},
						"2.0": {
							"post": [-10, 12.5, 0],
							"lerp_mode": "catmullrom"
						}
					}
				},
				"tail4": {
					"rotation": {
						"0.0": {
							"post": [20, 0, 0],
							"lerp_mode": "catmullrom"
						},
						"0.5": {
							"post": [20.07031, 4.69776, 1.71394],
							"lerp_mode": "catmullrom"
						},
						"1.25": {
							"post": [-15.57752, -17.02911, 7.6324],
							"lerp_mode": "catmullrom"
						},
						"2.0": {
							"post": [-15.57752, -17.02911, 7.6324],
							"lerp_mode": "catmullrom"
						}
					}
				},
				"tail5": {
					"rotation": {
						"0.0": {
							"post": [0, 0, 0],
							"lerp_mode": "catmullrom"
						},
						"0.5": {
							"post": [0, 7.5, 0],
							"lerp_mode": "catmullrom"
						},
						"1.25": {
							"post": [-24.92292, -6.11269, 6.31573],
							"lerp_mode": "catmullrom"
						},
						"2.0": {
							"post": [-24.92292, -6.11269, 6.31573],
							"lerp_mode": "catmullrom"
						}
					}
				},
				"tail6": {
					"rotation": {
						"0.0": {
							"post": [-25, 0, 0],
							"lerp_mode": "catmullrom"
						},
						"0.5": {
							"post": [0, 15, 0],
							"lerp_mode": "catmullrom"
						},
						"1.25": {
							"post": [-13.95376, -17.81558, -2.70578],
							"lerp_mode": "catmullrom"
						},
						"2.0": {
							"post": [-13.95376, -17.81558, -2.70578],
							"lerp_mode": "catmullrom"
						}
					}
				},
				"leg_f_left": {
					"rotation": {
						"0.0": [0, 0, 0],
						"0.5": [-14.87735, 0.06698, -1.1018],
						"1.3333": [-41.40181, 11.89543, 8.19018],
						"2.0": [-41.40181, 11.89543, 8.19018]
					}
				},
				"leg_f_left4": {
					"rotation": {
						"0.0": [0, 0, 0],
						"0.5": [2.5, 0, 0],
						"1.3333": [10, 0, 0],
						"2.0": [10, 0, 0]
					}
				},
				"leg_f_right": {
					"rotation": {
						"0.0": [0, 0, 0],
						"0.5": [-15, 0, 0],
						"1.3333": [-41.09193, -3.94931, -5.85831],
						"2.0": [-41.09193, -3.94931, -5.85831]
					}
				},
				"leg_f_right4": {
					"rotation": {
						"0.0": [0, 0, 0],
						"0.5": [5, 0, 0]
					}
				},
				"neck": {
					"rotation": {
						"0.0": {
							"post": [0, 0, 0],
							"lerp_mode": "catmullrom"
						},
						"0.25": {
							"post": [-7.5, 0, 0],
							"lerp_mode": "catmullrom"
						},
						"0.5": {
							"post": [-7.47178, -0.65182, -4.95744],
							"lerp_mode": "catmullrom"
						},
						"1.375": {
							"post": [10, 0, 0],
							"lerp_mode": "catmullrom"
						},
						"2.0": {
							"post": [10, 0, 0],
							"lerp_mode": "catmullrom"
						}
					}
				},
				"neck2": {
					"rotation": {
						"0.0": {
							"post": [0, 0, 0],
							"lerp_mode": "catmullrom"
						},
						"0.5": {
							"post": [-4.98107, -0.43523, -4.98107],
							"lerp_mode": "catmullrom"
						},
						"1.25": {
							"post": [25, 0, 0],
							"lerp_mode": "catmullrom"
						},
						"2.0": {
							"post": [25, 0, 0],
							"lerp_mode": "catmullrom"
						}
					}
				},
				"neck4": {
					"rotation": {
						"0.0": {
							"post": [0, 0, 0],
							"lerp_mode": "catmullrom"
						},
						"0.5": {
							"post": [-2.49762, -0.10901, -2.49762],
							"lerp_mode": "catmullrom"
						},
						"1.25": {
							"post": [20, 0, 0],
							"lerp_mode": "catmullrom"
						},
						"2.0": {
							"post": [20, 0, 0],
							"lerp_mode": "catmullrom"
						}
					}
				},
				"skill": {
					"scale": {
						"0.0": {
							"post": [0, 0, 0],
							"lerp_mode": "catmullrom"
						},
						"1.25": {
							"post": [0, 0, 0],
							"lerp_mode": "catmullrom"
						}
					}
				},
				"bone": {
					"rotation": {
						"0.0": {
							"post": [-12.5, 0, 0],
							"lerp_mode": "catmullrom"
						},
						"1.25": {
							"post": [-32.5, 0, 0],
							"lerp_mode": "catmullrom"
						},
						"2.0": {
							"post": [-32.5, 0, 0],
							"lerp_mode": "catmullrom"
						}
					}
				},
				"bone2": {
					"rotation": {
						"0.0": {
							"post": [0, 0, 0],
							"lerp_mode": "catmullrom"
						},
						"0.5": {
							"post": [0, 12.5, 0],
							"lerp_mode": "catmullrom"
						},
						"1.25": {
							"post": [-10, 12.5, 0],
							"lerp_mode": "catmullrom"
						},
						"2.0": {
							"post": [-10, 12.5, 0],
							"lerp_mode": "catmullrom"
						}
					}
				},
				"bone3": {
					"rotation": {
						"0.0": {
							"post": [20, 0, 0],
							"lerp_mode": "catmullrom"
						},
						"0.5": {
							"post": [20.07031, 4.69776, 1.71394],
							"lerp_mode": "catmullrom"
						},
						"1.25": {
							"post": [-15.57752, -17.02911, 7.6324],
							"lerp_mode": "catmullrom"
						},
						"2.0": {
							"post": [-15.57752, -17.02911, 7.6324],
							"lerp_mode": "catmullrom"
						}
					}
				},
				"bone4": {
					"rotation": {
						"0.0": {
							"post": [0, 0, 0],
							"lerp_mode": "catmullrom"
						},
						"0.5": {
							"post": [0, 7.5, 0],
							"lerp_mode": "catmullrom"
						},
						"1.25": {
							"post": [-24.92292, -6.11269, 6.31573],
							"lerp_mode": "catmullrom"
						},
						"2.0": {
							"post": [-24.92292, -6.11269, 6.31573],
							"lerp_mode": "catmullrom"
						}
					}
				},
				"bone5": {
					"rotation": {
						"0.0": {
							"post": [-25, 0, 0],
							"lerp_mode": "catmullrom"
						},
						"0.5": {
							"post": [0, 15, 0],
							"lerp_mode": "catmullrom"
						},
						"1.25": {
							"post": [-13.95376, -17.81558, -2.70578],
							"lerp_mode": "catmullrom"
						},
						"2.0": {
							"post": [-13.95376, -17.81558, -2.70578],
							"lerp_mode": "catmullrom"
						}
					}
				},
				"bone9": {
					"position": {
						"0.0": [0, 0, 0],
						"0.6667": [0, 0, 0.1]
					}
				},
				"bone6": {
					"position": {
						"0.0": [0, 0, 0],
						"0.6667": [0, 0, 0.1]
					}
				}
			}
		}
	}
}