{
	"format_version": "1.8.0",
	"animations": {
		"animation.pokemans_silvally.pose": {
			"loop": true,
			"bones": {
				"neck3": {
					"rotation": [5, 0, 0]
				},
				"neck4": {
					"rotation": [2.5, 0, 0]
				},
				"neck5": {
					"rotation": [-2.64382, -9.86148, 1.66697]
				},
				"mouth": {
					"rotation": [45, 0, 0]
				},
				"leather": {
					"rotation": [-7.5, 0, 0]
				},
				"leg_b_left": {
					"rotation": [-2.93131, 6.40865, -7.69263],
					"position": [0, 0, 0]
				},
				"leg_b_left3": {
					"rotation": [10, 0, 0]
				},
				"leg_b_left4": {
					"rotation": [-7.5, 0, 0]
				},
				"leg_b_left5": {
					"rotation": [2.52136, 0.32621, 7.49294]
				},
				"leg_f_left": {
					"rotation": [0, 0, -47.5]
				},
				"leg_f_left2": {
					"rotation": [-40.57562, -4.58739, 14.29667]
				},
				"leg_f_left3": {
					"rotation": [-25, -17.5, 0]
				},
				"leg_f_foe": {
					"rotation": [52.5, 0, 0]
				},
				"leg_f_foe2_1": {
					"rotation": [45, 0, 0]
				},
				"leg_f_foe3_1": {
					"rotation": [50, 0, 0]
				},
				"leg_f_foe4_1": {
					"rotation": [-20, 0, 0]
				},
				"leg_b_right": {
					"rotation": [7.4055, -2.49762, 4.33287],
					"position": [0, -1, 0]
				},
				"leg_b_right2": {
					"rotation": [-12.5, 0, 0]
				},
				"leg_b_right3": {
					"rotation": [-20, 0, 0]
				},
				"leg_b_right4": {
					"rotation": [27.5, 0, 0]
				},
				"leg_b_right5": {
					"rotation": [-4.62695, 0.0789, -0.85799]
				},
				"skill2": {
					"scale": 0
				},
				"skill": {
					"scale": 0
				}
			}
		},
		"animation.pokemans_silvally.ground_walk": {
			"loop": true,
			"animation_length": 1,
			"bones": {
				"tail": {
					"rotation": [0, "0+Math.cos((query.anim_time) * 90 * 4*2) * 3", 0]
				},
				"neck3": {
					"rotation": ["7.5+Math.cos((query.anim_time) * 90 * 4*2) * -3", 0, "Math.cos((query.anim_time) * 90 * 4 - 30) * 1"],
					"position": [0, 0, -0.83]
				},
				"neck5": {
					"rotation": ["-7.5+Math.cos((query.anim_time) * 90 * 4*2) * 3", 0, 0]
				},
				"leg_b_left": {
					"rotation": {
						"0.0": [26.5, 0, 0],
						"0.1667": [22.71, 0, 0],
						"0.4167": [-15.08, 0, 0],
						"0.5": [-18, 0, 0],
						"0.5833": [-15.08, 0, 0],
						"0.9167": [22.71, 0, 0],
						"1.0": [26.5, 0, 0]
					},
					"position": {
						"0.0": {
							"post": [0, 0.21, 0],
							"lerp_mode": "catmullrom"
						},
						"0.125": {
							"post": [0, 0.55, 0],
							"lerp_mode": "catmullrom"
						},
						"0.2083": {
							"post": [0, 0.6, 0],
							"lerp_mode": "catmullrom"
						},
						"0.2917": {
							"post": [0, 0.75, 0],
							"lerp_mode": "catmullrom"
						},
						"0.4167": {
							"post": [0, 0.21, 0],
							"lerp_mode": "catmullrom"
						},
						"0.5": [0, 0, 0],
						"0.7083": [0, 0.2, 0],
						"0.9167": [0, 0, 0],
						"1.0": [0, 0.21, 0]
					}
				},
				"leg_b_left2": {
					"rotation": {
						"0.0": {
							"post": [-9.5, 0, 0],
							"lerp_mode": "catmullrom"
						},
						"0.125": {
							"post": [-35.75, 0, 0],
							"lerp_mode": "catmullrom"
						},
						"0.25": [-48.75, 0, 0],
						"0.4167": [-21, 0, 0],
						"0.5": [-12.5, 0, 0],
						"0.7083": [-15.62, 0, 0],
						"1.0": [-9.5, 0, 0]
					}
				},
				"leg_b_left5": {
					"rotation": {
						"0.0": [4.38, 0, 0],
						"0.0417": [7.5, 0, 0],
						"0.25": [55, 0, 0],
						"0.375": [13.75, 0, 0],
						"0.5": [35, 0, 0],
						"0.7083": [10, 0, 0],
						"0.875": [-5, 0, 0],
						"1.0": [4.38, 0, 0]
					}
				},
				"leg_f_left": {
					"rotation": {
						"0.0": [-21, 0, 0],
						"0.0833": [-18.08, 0, 0],
						"0.4167": [26.21, 0, 0],
						"0.5": [30, 0, 0],
						"0.6667": [26.21, 0, 0],
						"0.9167": [-18.08, 0, 0],
						"1.0": [-21, 0, 0]
					},
					"position": {
						"0.0": [0, 0, 0],
						"0.2083": [0, 1.25, 0],
						"0.4167": [0, 0, 0],
						"0.625": {
							"pre": [0, 1.25, 0],
							"post": [0, 1.25, 0],
							"lerp_mode": "catmullrom"
						},
						"0.7083": {
							"post": [0, 1.5, 0],
							"lerp_mode": "catmullrom"
						},
						"0.7917": {
							"post": [0, 1.25, 0],
							"lerp_mode": "catmullrom"
						},
						"0.9167": {
							"post": [0, 0.21, 0],
							"lerp_mode": "catmullrom"
						},
						"1.0": [0, 0, 0]
					}
				},
				"leg_f_left2": {
					"rotation": {
						"0.0": [-12.5, 0, 0],
						"0.2083": [-3.12, 0, 0],
						"0.5": [-17, 0, 0],
						"0.5833": [-18.75, 0, 0],
						"0.7917": [-40, 0, 0],
						"1.0": [-12.5, 0, 0]
					}
				},
				"leg_f_foe": {
					"rotation": {
						"0.0": [22.5, 0, 0],
						"0.0417": [35, 0, 0],
						"0.2083": [10, 0, 0],
						"0.375": [-5, 0, 0],
						"0.5417": [7.5, 0, 0],
						"0.75": [55, 0, 0],
						"0.9167": [15.42, 0, 0],
						"1.0": [22.5, 0, 0]
					}
				},
				"leg_f_right": {
					"rotation": {
						"0.0": [30, 0, 0],
						"0.1667": [26.21, 0, 0],
						"0.4167": [-18.08, 0, 0],
						"0.5": [-21, 0, 0],
						"0.5833": [-18.08, 0, 0],
						"0.9167": [26.21, 0, 0],
						"1.0": [30, 0, 0]
					},
					"position": {
						"0.0": {
							"post": [0, 0.21, 0],
							"lerp_mode": "catmullrom"
						},
						"0.125": {
							"post": [0, 1.25, 0],
							"lerp_mode": "catmullrom"
						},
						"0.2083": {
							"post": [0, 1.5, 0],
							"lerp_mode": "catmullrom"
						},
						"0.2917": {
							"post": [0, 1.25, 0],
							"lerp_mode": "catmullrom"
						},
						"0.4167": {
							"post": [0, 0.21, 0],
							"lerp_mode": "catmullrom"
						},
						"0.5": [0, 0, 0],
						"0.7083": [0, 1.25, 0],
						"0.9167": [0, 0, 0],
						"1.0": [0, 0.21, 0]
					}
				},
				"leg_f_right2": {
					"rotation": {
						"0.0": [-17, 0, 0],
						"0.0833": [-18.75, 0, 0],
						"0.2917": [-40, 0, 0],
						"0.5": [-12.5, 0, 0],
						"0.7083": [-3.12, 0, 0],
						"1.0": [-17, 0, 0]
					}
				},
				"leg_f_foe5": {
					"rotation": {
						"0.0": [4.38, 0, 0],
						"0.0417": [7.5, 0, 0],
						"0.25": [55, 0, 0],
						"0.5": [22.5, 0, 0],
						"0.5417": [35, 0, 0],
						"0.7083": [10, 0, 0],
						"0.875": [-5, 0, 0],
						"1.0": [4.38, 0, 0]
					}
				},
				"leg_b_right": {
					"rotation": {
						"0.0": [-18, 0, 0],
						"0.0833": [-15.08, 0, 0],
						"0.4167": [22.71, 0, 0],
						"0.5": [26.5, 0, 0],
						"0.6667": [22.71, 0, 0],
						"0.9167": [-15.08, 0, 0],
						"1.0": [-18, 0, 0]
					},
					"position": {
						"0.0": [0, 0, 0],
						"0.4167": [0, 0, 0],
						"0.5": {
							"pre": [0, 0.21, 0],
							"post": [0, 0.21, 0],
							"lerp_mode": "catmullrom"
						},
						"0.625": {
							"post": [0, 0.65, 0],
							"lerp_mode": "catmullrom"
						},
						"0.7083": {
							"post": [0, 0.6, 0],
							"lerp_mode": "catmullrom"
						},
						"0.7917": {
							"post": [0, 0.65, 0],
							"lerp_mode": "catmullrom"
						},
						"0.9167": {
							"post": [0, 0.21, 0],
							"lerp_mode": "catmullrom"
						},
						"1.0": [0, 0, 0]
					}
				},
				"leg_b_right2": {
					"rotation": {
						"0.0": [-12.5, 0, 0],
						"0.2083": [-15.62, 0, 0],
						"0.5": {
							"pre": [-9.5, 0, 0],
							"post": [-9.5, 0, 0],
							"lerp_mode": "catmullrom"
						},
						"0.625": {
							"post": [-35.75, 0, 0],
							"lerp_mode": "catmullrom"
						},
						"0.75": [-48.75, 0, 0],
						"0.9167": [-21, 0, 0],
						"1.0": [-12.5, 0, 0]
					}
				},
				"leg_b_right5": {
					"rotation": {
						"0.0": [35, 0, 0],
						"0.2083": [10, 0, 0],
						"0.375": [-5, 0, 0],
						"0.5417": [7.5, 0, 0],
						"0.75": [55, 0, 0],
						"0.875": [13.75, 0, 0],
						"1.0": [35, 0, 0]
					}
				},
				"torso": {
					"rotation": ["2.5+Math.cos((query.anim_time) * 90 * 4*2 - 90) * 2", 0, "0+Math.cos((query.anim_time) * 90 * 4) * 2"],
					"position": [0, "0+Math.cos((query.anim_time) * 90 * 4*2) * 0.2", 0]
				},
				"chest2": {
					"rotation": ["-2.5+Math.cos((query.anim_time) * 90 * 4*2) * 2", 0, "0+Math.cos((query.anim_time) * 90 * 4) * -2"],
					"position": [0, 0.3, 0]
				},
				"skill": {
					"scale": 0
				},
				"skill2": {
					"scale": 0
				},
				"bone6": {
					"rotation": [0, 0, 15]
				},
				"bone5": {
					"rotation": [0, 0, -15]
				},
				"bone7": {
					"rotation": [-7.5, 0, 0]
				},
				"skill_p": {
					"scale": 0
				}
			}
		},
		"animation.pokemans_silvally.special": {
			"loop": "hold_on_last_frame",
			"animation_length": 4,
			"bones": {
				"tail": {
					"rotation": {
						"0.0": [0, "0+Math.cos((query.anim_time) * 90 * 4*2) * 3", 0],
						"1.0": [0, "0+Math.cos((query.anim_time) * 90 * 4*6) * 3", 0],
						"3.5": [0, "0+Math.cos((query.anim_time) * 90 * 4*2) * 3", 0]
					}
				},
				"neck3": {
					"rotation": {
						"0.0": {
							"post": [0, 0, 0],
							"lerp_mode": "catmullrom"
						},
						"0.1667": {
							"post": [7.5, 0, 0],
							"lerp_mode": "catmullrom"
						},
						"3.375": {
							"post": [0, 0, 0],
							"lerp_mode": "catmullrom"
						},
						"4.0": {
							"post": [0, 0, 0],
							"lerp_mode": "catmullrom"
						}
					}
				},
				"neck4": {
					"rotation": {
						"0.0": {
							"post": [0, 0, 0],
							"lerp_mode": "catmullrom"
						},
						"0.4167": {
							"post": [0, 0, 0],
							"lerp_mode": "catmullrom"
						},
						"0.9167": {
							"post": [-12.5, 0, 0],
							"lerp_mode": "catmullrom"
						},
						"3.0417": {
							"post": [-12.5, 0, 0],
							"lerp_mode": "catmullrom"
						},
						"3.375": {
							"post": [2.5, 0, 0],
							"lerp_mode": "catmullrom"
						},
						"4.0": {
							"post": [0, 0, 0],
							"lerp_mode": "catmullrom"
						}
					}
				},
				"neck5": {
					"rotation": {
						"0.0": {
							"post": [0, 0, 0],
							"lerp_mode": "catmullrom"
						},
						"0.1667": {
							"post": [7.5, 0, 0],
							"lerp_mode": "catmullrom"
						},
						"0.4167": {
							"post": [0, 0, 0],
							"lerp_mode": "catmullrom"
						},
						"0.9167": {
							"post": [-12.5, 0, 0],
							"lerp_mode": "catmullrom"
						},
						"3.0417": {
							"post": [-12.5, 0, 0],
							"lerp_mode": "catmullrom"
						},
						"3.375": {
							"post": [2.5, 0, 0],
							"lerp_mode": "catmullrom"
						},
						"4.0": {
							"post": [0, 0, 0],
							"lerp_mode": "catmullrom"
						}
					}
				},
				"mouth": {
					"rotation": {
						"0.0": {
							"post": [0, 0, 0],
							"lerp_mode": "catmullrom"
						},
						"0.4167": {
							"post": [0, 0, 0],
							"lerp_mode": "catmullrom"
						},
						"0.9167": {
							"post": [45, 0, 0],
							"lerp_mode": "catmullrom"
						},
						"3.0417": {
							"post": [45, 0, 0],
							"lerp_mode": "catmullrom"
						},
						"3.375": {
							"post": [0, 0, 0],
							"lerp_mode": "catmullrom"
						},
						"4.0": {
							"post": [0, 0, 0],
							"lerp_mode": "catmullrom"
						}
					}
				},
				"skill2": {
					"rotation": ["0+math.cos(query.anim_time*90*0.4)*1440", 0, "0+math.cos(query.anim_time*90*0.4)*1440"],
					"scale": {
						"0.6667": {
							"pre": [0, 0, 0],
							"post": [0, 0, 0],
							"lerp_mode": "catmullrom"
						},
						"1.0417": {
							"post": [1, 1, 1],
							"lerp_mode": "catmullrom"
						},
						"3.0": {
							"post": [1, 1, 1],
							"lerp_mode": "catmullrom"
						},
						"3.375": {
							"post": [0, 0, 0],
							"lerp_mode": "catmullrom"
						}
					}
				},
				"bone2": {
					"rotation": {
						"0.0": [0, 0, 0],
						"0.5": [0, 0, 0],
						"1.0417": [10, 0, 0],
						"3.0": [15, 0, 0],
						"3.375": [0, 0, 0],
						"4.0": [0, 0, 0]
					}
				},
				"skill3": {
					"position": {
						"1.0417": [0, 0, 0],
						"1.5": [0, 0, -91]
					},
					"scale": {
						"0.0": [0, 0, 0],
						"0.9583": {
							"pre": [0, 0, 0],
							"post": [0.2, 0.2, 0.2]
						},
						"1.0417": {
							"pre": [0.2, 0.2, 0.2],
							"post": [0.2, 0.2, 0.2],
							"lerp_mode": "catmullrom"
						},
						"1.0833": {
							"post": [1, 1, 1],
							"lerp_mode": "catmullrom"
						},
						"1.3333": {
							"post": [1, 1, 1],
							"lerp_mode": "catmullrom"
						},
						"1.5": [0, 0, 0]
					}
				},
				"skill4": {
					"position": {
						"1.3333": [0, 0, 0],
						"1.7917": [25, 0, -91]
					},
					"scale": {
						"0.0": [0, 0, 0],
						"1.25": {
							"pre": [0, 0, 0],
							"post": [0.2, 0.2, 0.2]
						},
						"1.3333": {
							"pre": [0.2, 0.2, 0.2],
							"post": [0.2, 0.2, 0.2],
							"lerp_mode": "catmullrom"
						},
						"1.375": {
							"post": [1, 1, 1],
							"lerp_mode": "catmullrom"
						},
						"1.625": {
							"post": [1, 1, 1],
							"lerp_mode": "catmullrom"
						},
						"1.7917": [0, 0, 0]
					}
				},
				"skill5": {
					"position": {
						"1.2083": [0, 0, 0],
						"1.6667": [-15, 0, -91]
					},
					"scale": {
						"0.0": [0, 0, 0],
						"1.125": {
							"pre": [0, 0, 0],
							"post": [0.2, 0.2, 0.2]
						},
						"1.2083": {
							"pre": [0.2, 0.2, 0.2],
							"post": [0.2, 0.2, 0.2],
							"lerp_mode": "catmullrom"
						},
						"1.25": {
							"post": [1, 1, 1],
							"lerp_mode": "catmullrom"
						},
						"1.5": {
							"post": [1, 1, 1],
							"lerp_mode": "catmullrom"
						},
						"1.6667": [0, 0, 0]
					}
				},
				"skill6": {
					"position": {
						"1.4583": [0, 0, 0],
						"1.9167": [-15, -10, -91]
					},
					"scale": {
						"0.0": [0, 0, 0],
						"1.375": {
							"pre": [0, 0, 0],
							"post": [0.2, 0.2, 0.2]
						},
						"1.4583": {
							"pre": [0.2, 0.2, 0.2],
							"post": [0.2, 0.2, 0.2],
							"lerp_mode": "catmullrom"
						},
						"1.5": {
							"post": [1, 1, 1],
							"lerp_mode": "catmullrom"
						},
						"1.75": {
							"post": [1, 1, 1],
							"lerp_mode": "catmullrom"
						},
						"1.9167": [0, 0, 0]
					}
				},
				"skill7": {
					"position": {
						"1.6667": [0, 0, 0],
						"2.125": [15, -10, -91]
					},
					"scale": {
						"0.0": [0, 0, 0],
						"1.5833": {
							"pre": [0, 0, 0],
							"post": [0.2, 0.2, 0.2]
						},
						"1.6667": {
							"pre": [0.2, 0.2, 0.2],
							"post": [0.2, 0.2, 0.2],
							"lerp_mode": "catmullrom"
						},
						"1.7083": {
							"post": [1, 1, 1],
							"lerp_mode": "catmullrom"
						},
						"1.9583": {
							"post": [1, 1, 1],
							"lerp_mode": "catmullrom"
						},
						"2.125": [0, 0, 0]
					}
				},
				"skill8": {
					"position": {
						"1.875": [0, 0, 0],
						"2.3333": [10, -10, -91]
					},
					"scale": {
						"0.0": [0, 0, 0],
						"1.7917": {
							"pre": [0, 0, 0],
							"post": [0.2, 0.2, 0.2]
						},
						"1.875": {
							"pre": [0.2, 0.2, 0.2],
							"post": [0.2, 0.2, 0.2],
							"lerp_mode": "catmullrom"
						},
						"1.9167": {
							"post": [1, 1, 1],
							"lerp_mode": "catmullrom"
						},
						"2.1667": {
							"post": [1, 1, 1],
							"lerp_mode": "catmullrom"
						},
						"2.3333": [0, 0, 0]
					}
				},
				"skill9": {
					"position": {
						"2.1667": [0, 0, 0],
						"2.625": [-10, -5, -91]
					},
					"scale": {
						"1.2083": [0, 0, 0],
						"2.0833": {
							"pre": [0, 0, 0],
							"post": [0.2, 0.2, 0.2]
						},
						"2.1667": {
							"pre": [0.2, 0.2, 0.2],
							"post": [0.2, 0.2, 0.2],
							"lerp_mode": "catmullrom"
						},
						"2.2083": {
							"post": [1, 1, 1],
							"lerp_mode": "catmullrom"
						},
						"2.4583": {
							"post": [1, 1, 1],
							"lerp_mode": "catmullrom"
						},
						"2.625": [0, 0, 0]
					}
				},
				"skill_p": {
					"scale": 0
				},
				"skill": {
					"scale": 1
				}
			}
		},
		"animation.pokemans_silvally.physical": {
			"loop": "hold_on_last_frame",
			"animation_length": 1.5,
			"bones": {
				"chest2": {
					"rotation": {
						"0.0": {
							"post": [0, 0, 0],
							"lerp_mode": "catmullrom"
						},
						"0.4583": {
							"post": [-14.78217, -2.57594, -9.6658],
							"lerp_mode": "catmullrom"
						},
						"0.75": {
							"post": [-15.90621, 21.56061, -16.32372],
							"lerp_mode": "catmullrom"
						},
						"1.1667": {
							"post": [-15.90621, 21.56061, -16.32372],
							"lerp_mode": "catmullrom"
						},
						"1.5": {
							"post": [0, 0, 0],
							"lerp_mode": "catmullrom"
						}
					}
				},
				"neck3": {
					"rotation": {
						"0.0": {
							"post": [0, 0, 0],
							"lerp_mode": "catmullrom"
						},
						"0.75": {
							"post": [10, 0, 0],
							"lerp_mode": "catmullrom"
						},
						"1.1667": {
							"post": [10, 0, 0],
							"lerp_mode": "catmullrom"
						},
						"1.5": {
							"post": [0, 0, 0],
							"lerp_mode": "catmullrom"
						}
					}
				},
				"neck4": {
					"rotation": {
						"0.0": {
							"post": [0, 0, 0],
							"lerp_mode": "catmullrom"
						},
						"0.4583": {
							"post": [-15, 0, 0],
							"lerp_mode": "catmullrom"
						},
						"0.75": {
							"post": [5, 0, 0],
							"lerp_mode": "catmullrom"
						},
						"1.1667": {
							"post": [5, 0, 0],
							"lerp_mode": "catmullrom"
						},
						"1.5": {
							"post": [0, 0, 0],
							"lerp_mode": "catmullrom"
						}
					}
				},
				"neck5": {
					"rotation": {
						"0.0": {
							"post": [0, 0, 0],
							"lerp_mode": "catmullrom"
						},
						"0.4583": {
							"post": [15, 0, 0],
							"lerp_mode": "catmullrom"
						},
						"0.75": {
							"post": [7.45441, 14.99609, -0.3464],
							"lerp_mode": "catmullrom"
						},
						"1.1667": {
							"post": [7.45441, 14.99609, -0.3464],
							"lerp_mode": "catmullrom"
						},
						"1.5": {
							"post": [0, 0, 0],
							"lerp_mode": "catmullrom"
						}
					}
				},
				"skill": {
					"scale": 0
				},
				"leg_f_right": {
					"rotation": {
						"0.0": {
							"post": [0, 0, 0],
							"lerp_mode": "catmullrom"
						},
						"0.4583": {
							"post": [6.47594, -7.30111, 15.9477],
							"lerp_mode": "catmullrom"
						},
						"0.7917": {
							"post": [-6.02406, -7.30111, 15.9477],
							"lerp_mode": "catmullrom"
						},
						"1.2083": {
							"post": [-6.02406, -7.30111, 15.9477],
							"lerp_mode": "catmullrom"
						},
						"1.5": {
							"post": [0, 0, 0],
							"lerp_mode": "catmullrom"
						}
					},
					"position": {
						"0.0": {
							"post": [0, 0, 0],
							"lerp_mode": "catmullrom"
						},
						"0.4583": {
							"post": [0, -1.64, 0],
							"lerp_mode": "catmullrom"
						},
						"1.5": {
							"post": [0, 0, 0],
							"lerp_mode": "catmullrom"
						}
					}
				},
				"leg_f_right2": {
					"rotation": {
						"0.0": {
							"post": [0, 0, 0],
							"lerp_mode": "catmullrom"
						},
						"0.4583": {
							"post": [0, 0, 0],
							"lerp_mode": "catmullrom"
						},
						"1.5": {
							"post": [0, 0, 0],
							"lerp_mode": "catmullrom"
						}
					}
				},
				"leg_f_right3": {
					"rotation": {
						"0.0": {
							"post": [0, 0, 0],
							"lerp_mode": "catmullrom"
						},
						"0.7917": {
							"post": [-12.5, 0, 0],
							"lerp_mode": "catmullrom"
						},
						"1.2083": {
							"post": [-12.5, 0, 0],
							"lerp_mode": "catmullrom"
						},
						"1.5": {
							"post": [0, 0, 0],
							"lerp_mode": "catmullrom"
						}
					}
				},
				"leg_f_foe5": {
					"rotation": {
						"0.0": {
							"post": [0, 0, 0],
							"lerp_mode": "catmullrom"
						},
						"0.4583": {
							"post": [12.5, 0, 0],
							"lerp_mode": "catmullrom"
						},
						"0.7917": {
							"post": [22.5, 0, 0],
							"lerp_mode": "catmullrom"
						},
						"1.2083": {
							"post": [22.5, 0, 0],
							"lerp_mode": "catmullrom"
						},
						"1.5": {
							"post": [0, 0, 0],
							"lerp_mode": "catmullrom"
						}
					}
				},
				"leg_f_left": {
					"rotation": {
						"0.0": {
							"post": [0, 0, 0],
							"lerp_mode": "catmullrom"
						},
						"0.4583": {
							"post": [-52.31125, -20.13207, -62.56201],
							"lerp_mode": "catmullrom"
						},
						"0.625": {
							"post": [-32.70263, -17.92033, -58.899],
							"lerp_mode": "catmullrom"
						},
						"0.75": {
							"post": [-31.33924, 26.06505, 36.9891],
							"lerp_mode": "catmullrom"
						},
						"1.1667": {
							"post": [-31.33924, 26.06505, 36.9891],
							"lerp_mode": "catmullrom"
						},
						"1.5": {
							"post": [0, 0, 0],
							"lerp_mode": "catmullrom"
						}
					}
				},
				"leg_f_left2": {
					"rotation": {
						"0.0": {
							"post": [0, 0, 0],
							"lerp_mode": "catmullrom"
						},
						"0.4583": {
							"post": [-51.4498, -74.72859, 81.50941],
							"lerp_mode": "catmullrom"
						},
						"0.75": {
							"post": [-57.94864, -46.87144, 86.60384],
							"lerp_mode": "catmullrom"
						},
						"1.1667": {
							"post": [-57.94864, -46.87144, 86.60384],
							"lerp_mode": "catmullrom"
						},
						"1.5": {
							"post": [0, 0, 0],
							"lerp_mode": "catmullrom"
						}
					}
				},
				"leg_f_left3": {
					"rotation": {
						"0.0": {
							"post": [0, 0, 0],
							"lerp_mode": "catmullrom"
						},
						"0.4583": {
							"post": [-17.5, -30, 0],
							"lerp_mode": "catmullrom"
						},
						"0.75": {
							"post": [24.97224, 14.60198, -16.95144],
							"lerp_mode": "catmullrom"
						},
						"1.1667": {
							"post": [24.97224, 14.60198, -16.95144],
							"lerp_mode": "catmullrom"
						},
						"1.5": {
							"post": [0, 0, 0],
							"lerp_mode": "catmullrom"
						}
					}
				},
				"leg_f_foe": {
					"rotation": {
						"0.0": {
							"post": [0, 0, 0],
							"lerp_mode": "catmullrom"
						},
						"0.4583": {
							"post": [32.5, 0, 0],
							"lerp_mode": "catmullrom"
						},
						"0.75": {
							"post": [67.5, 0, 0],
							"lerp_mode": "catmullrom"
						},
						"1.1667": {
							"post": [67.5, 0, 0],
							"lerp_mode": "catmullrom"
						},
						"1.5": {
							"post": [0, 0, 0],
							"lerp_mode": "catmullrom"
						}
					}
				},
				"leg_f_foe2_1": {
					"rotation": {
						"0.0": {
							"post": [0, 0, 0],
							"lerp_mode": "catmullrom"
						},
						"0.4583": {
							"post": [22.5, 0, 0],
							"lerp_mode": "catmullrom"
						},
						"0.75": {
							"post": [-7.5, 0, 0],
							"lerp_mode": "catmullrom"
						},
						"1.1667": {
							"post": [-7.5, 0, 0],
							"lerp_mode": "catmullrom"
						},
						"1.5": {
							"post": [0, 0, 0],
							"lerp_mode": "catmullrom"
						}
					}
				},
				"leg_f_foe3_1": {
					"rotation": {
						"0.0": {
							"post": [0, 0, 0],
							"lerp_mode": "catmullrom"
						},
						"0.4583": {
							"post": [25, 0, 0],
							"lerp_mode": "catmullrom"
						},
						"0.75": {
							"post": [-2.5, 0, 0],
							"lerp_mode": "catmullrom"
						},
						"1.1667": {
							"post": [-2.5, 0, 0],
							"lerp_mode": "catmullrom"
						},
						"1.5": {
							"post": [0, 0, 0],
							"lerp_mode": "catmullrom"
						}
					}
				},
				"leg_f_foe4": {
					"rotation": {
						"0.0": {
							"post": [0, 0, 0],
							"lerp_mode": "catmullrom"
						},
						"0.75": {
							"post": [-75, 0, 0],
							"lerp_mode": "catmullrom"
						},
						"1.1667": {
							"post": [-75, 0, 0],
							"lerp_mode": "catmullrom"
						},
						"1.5": {
							"post": [0, 0, 0],
							"lerp_mode": "catmullrom"
						}
					},
					"position": {
						"0.0": {
							"post": [0, 0, 0],
							"lerp_mode": "catmullrom"
						},
						"0.75": {
							"post": [0, -1, 0],
							"lerp_mode": "catmullrom"
						},
						"1.1667": {
							"post": [0, -1, 0],
							"lerp_mode": "catmullrom"
						},
						"1.5": {
							"post": [0, 0, 0],
							"lerp_mode": "catmullrom"
						}
					}
				},
				"skill_p": {
					"scale": {
						"0.6667": [1, 0, 1],
						"0.75": [1, 1, 1],
						"1.0833": [1, 1, 1],
						"1.125": [1, 0, 1]
					}
				}
			}
		},
		"animation.pokemans_silvally.ground_idle": {
			"loop": true,
			"bones": {
				"neck4": {
					"rotation": ["0+Math.cos((query.anim_time) * 90 * 2 - 90) * -1", 0, 0]
				},
				"neck5": {
					"rotation": ["0+Math.cos((query.anim_time) * 90 * 2 - 90) * -1", 0, 0]
				},
				"leg_b_left": {
					"rotation": ["0+Math.cos((query.anim_time) * 90 * 2) * -4", 0, -12.5],
					"position": [0, "Math.cos((query.anim_time)*90*2)*-0.03", "Math.cos((query.anim_time)*90*2)*-0.07"]
				},
				"leg_b_left2": {
					"rotation": [0, 0, 7.5]
				},
				"leg_b_left3": {
					"rotation": ["0+Math.cos((query.anim_time-50) * 90 * 2) * 6", 0, 0]
				},
				"leg_b_left4": {
					"rotation": [0, 0, 5]
				},
				"leg_b_left5": {
					"rotation": ["0+Math.cos((query.anim_time) * 90 * 2) * -3", 0, 0],
					"position": [0, "-0.2-Math.cos((query.anim_time)*90*2)*-0.3", "-Math.cos((query.anim_time)*90*2)*-0.3"]
				},
				"leg_f_left": {
					"rotation": [0, 0, -12.5],
					"position": [0, "-0.16+Math.cos((query.anim_time) * 90 * 2 - 90) * -0.2", "0+Math.cos((query.anim_time) * 90 * 2 - 45) * 0.2"]
				},
				"leg_f_left2": {
					"rotation": [0, 0, -2.5],
					"position": [0, "0+Math.cos((query.anim_time) * 90 * 2 - 90) * -0.2", "0+Math.cos((query.anim_time) * 90 * 2 - 45) * 0.2"]
				},
				"leg_f_foe": {
					"rotation": ["-0.4001+Math.cos((query.anim_time) * 90 * 2-90) * 0.7", -3.83501, 11.90609],
					"position": [0, "-0.58-Math.cos((query.anim_time)*90*2+30)*0.3", "-Math.cos((query.anim_time)*90*2+30)*0.3"]
				},
				"leg_f_right": {
					"rotation": [0, 0, 12.5],
					"position": [0, "-0.16+Math.cos((query.anim_time) * 90 * 2 - 90) * -0.2", "0+Math.cos((query.anim_time) * 90 * 2 - 45) * 0.2"]
				},
				"leg_f_right2": {
					"rotation": [0, 0, -2.5]
				},
				"leg_f_right3": {
					"rotation": [0, 0, -5],
					"position": [0, "0+Math.cos((query.anim_time) * 90 * 2 - 90) * -0.2", "0+Math.cos((query.anim_time) * 90 * 2 - 45) * 0.2"]
				},
				"leg_f_foe5": {
					"rotation": ["2.4284471099+Math.cos((query.anim_time) * 90 * 2-90) * 0.7", 1.74909, -4.68482],
					"position": [0, "-0.11-Math.cos((query.anim_time)*90*2+30)*0.3", "-Math.cos((query.anim_time)*90*2+30)*0.3"]
				},
				"leg_f_foe7": {
					"rotation": [0, -5, 0]
				},
				"leg_f_foe8": {
					"rotation": [-10, 0, 0]
				},
				"leg_b_right": {
					"rotation": ["0+Math.cos((query.anim_time) * 90 * 2) * -4", 0, 12.5]
				},
				"leg_b_right2": {
					"rotation": [0, 0, -7.5]
				},
				"leg_b_right3": {
					"rotation": ["0+Math.cos((query.anim_time-50) * 90 * 2) * 6", 0, 0]
				},
				"leg_b_right4": {
					"rotation": [0, 0, -5]
				},
				"leg_b_right5": {
					"rotation": ["0+Math.cos((query.anim_time) * 90 * 2) * -3", 0, 0],
					"position": [0, "-0.2-Math.cos((query.anim_time)*90*2)*-0.3", "-Math.cos((query.anim_time)*90*2)*-0.3"]
				},
				"body": {
					"position": [0, "0+Math.cos((query.anim_time) * 90 * 2) * 0.2", "0+Math.cos((query.anim_time) * 90 * 2) * 0.2"]
				},
				"torso": {
					"rotation": ["0+Math.cos((query.anim_time) * 90 * 2 - 90) * -1", 0, 0]
				},
				"skill": {
					"scale": 0
				},
				"skill_p": {
					"scale": 0
				}
			}
		},
		"animation.pokemans_silvally.battle_idle": {
			"loop": true,
			"bones": {
				"tail": {
					"rotation": [0, "0+Math.cos((query.anim_time) * 90 * 4) * 3", 0]
				},
				"neck4": {
					"rotation": ["7.5+Math.cos((query.anim_time) * 90 * 2 - 90) * -1", 0, 0]
				},
				"neck5": {
					"rotation": ["-7.5+Math.cos((query.anim_time) * 90 * 2 - 90) * -1", 0, 0]
				},
				"leg_b_left": {
					"rotation": ["0+Math.cos((query.anim_time) * 90 * 2) * -4", 0, -12.5],
					"position": [0, "Math.cos((query.anim_time)*90*2)*-0.03", "Math.cos((query.anim_time)*90*2)*-0.07"]
				},
				"leg_b_left2": {
					"rotation": [0, 0, 7.5]
				},
				"leg_b_left3": {
					"rotation": ["0+Math.cos((query.anim_time-50) * 90 * 2) * 6", 0, 0]
				},
				"leg_b_left4": {
					"rotation": [0, 0, 5]
				},
				"leg_b_left5": {
					"rotation": ["0+Math.cos((query.anim_time) * 90 * 2) * -3", 0, 0],
					"position": [0, "-0.2-Math.cos((query.anim_time)*90*2)*-0.3", "-Math.cos((query.anim_time)*90*2)*-0.3"]
				},
				"leg_f_left": {
					"rotation": [-10, 0, -17.5],
					"position": [0, "-0.16+Math.cos((query.anim_time) * 90 * 2 - 90) * -0.2", "0+Math.cos((query.anim_time) * 90 * 2 - 45) * 0.2"]
				},
				"leg_f_left2": {
					"rotation": [-27.5, 0, -2.5],
					"position": [0, "0+Math.cos((query.anim_time) * 90 * 2 - 90) * -0.2", "0+Math.cos((query.anim_time) * 90 * 2 - 45) * 0.2"]
				},
				"leg_f_foe": {
					"rotation": ["34.3667+Math.cos((query.anim_time) * 90 * 2-90) * 0.7", -18.1426, 6.74175],
					"position": [0, "-0.35-Math.cos((query.anim_time)*90*2+30)*0.3", "-Math.cos((query.anim_time)*90*2+30)*0.3"]
				},
				"leg_f_right": {
					"rotation": [-10, 0, 17.5],
					"position": [0, "-0.16+Math.cos((query.anim_time) * 90 * 2 - 90) * -0.2", "0+Math.cos((query.anim_time) * 90 * 2 - 45) * 0.2"]
				},
				"leg_f_right2": {
					"rotation": [-27.5, 0, -2.5]
				},
				"leg_f_right3": {
					"rotation": [0, 0, -5],
					"position": [0, "0+Math.cos((query.anim_time) * 90 * 2 - 90) * -0.2", "0+Math.cos((query.anim_time) * 90 * 2 - 45) * 0.2"]
				},
				"leg_f_foe5": {
					"rotation": ["29.2729+Math.cos((query.anim_time) * 90 * 2-90) * 0.7", 17.52046, -0.92577],
					"position": [0, "-0.11-Math.cos((query.anim_time)*90*2+30)*0.3", "-Math.cos((query.anim_time)*90*2+30)*0.3"]
				},
				"leg_f_foe7": {
					"rotation": [0, -5, 0]
				},
				"leg_f_foe8": {
					"rotation": [-10, 0, 0]
				},
				"leg_b_right": {
					"rotation": ["0+Math.cos((query.anim_time) * 90 * 2) * -4", 0, 12.5]
				},
				"leg_b_right2": {
					"rotation": [0, 0, -7.5]
				},
				"leg_b_right3": {
					"rotation": ["0+Math.cos((query.anim_time-50) * 90 * 2) * 6", 0, 0]
				},
				"leg_b_right4": {
					"rotation": [0, 0, -5]
				},
				"leg_b_right5": {
					"rotation": ["0+Math.cos((query.anim_time) * 90 * 2) * -3", 0, 0],
					"position": [0, "-0.2-Math.cos((query.anim_time)*90*2)*-0.3", "-Math.cos((query.anim_time)*90*2)*-0.3"]
				},
				"body": {
					"position": [0, "0+Math.cos((query.anim_time) * 90 * 2) * 0.2", "0+Math.cos((query.anim_time) * 90 * 2) * 0.2"]
				},
				"torso": {
					"rotation": ["10+Math.cos((query.anim_time) * 90 * 2 - 90) * -1", 0, 0]
				},
				"skill_p": {
					"scale": 0
				},
				"skill": {
					"scale": 0
				}
			}
		},
		"animation.pokemans_silvally.blink": {
			"animation_length": 0.2083,
			"bones": {
				"eye_left": {
					"position": {
						"0.0": [0, 0, 0.08],
						"0.2083": [0, 0, 0]
					}
				},
				"eye_right": {
					"position": {
						"0.0": [0, 0, 0.08],
						"0.2083": [0, 0, 0]
					}
				}
			}
		},
		"animation.pokemans_silvally.cry": {
			"animation_length": 1.6667,
			"bones": {
				"neck3": {
					"rotation": {
						"0.0": {
							"post": [0, 0, 0],
							"lerp_mode": "catmullrom"
						},
						"0.1667": {
							"post": [7.5, 0, 0],
							"lerp_mode": "catmullrom"
						},
						"1.375": {
							"post": [0, 0, 0],
							"lerp_mode": "catmullrom"
						},
						"1.6667": {
							"post": [0, 0, 0],
							"lerp_mode": "catmullrom"
						}
					}
				},
				"neck4": {
					"rotation": {
						"0.0": {
							"post": [0, 0, 0],
							"lerp_mode": "catmullrom"
						},
						"0.3333": {
							"post": [0, 0, 0],
							"lerp_mode": "catmullrom"
						},
						"0.5833": {
							"post": [-12.5, 0, 0],
							"lerp_mode": "catmullrom"
						},
						"1.0417": {
							"post": [-12.5, 0, 0],
							"lerp_mode": "catmullrom"
						},
						"1.375": {
							"post": [2.5, 0, 0],
							"lerp_mode": "catmullrom"
						},
						"1.6667": {
							"post": [0, 0, 0],
							"lerp_mode": "catmullrom"
						}
					}
				},
				"neck5": {
					"rotation": {
						"0.0": {
							"post": [0, 0, 0],
							"lerp_mode": "catmullrom"
						},
						"0.1667": {
							"post": [7.5, 0, 0],
							"lerp_mode": "catmullrom"
						},
						"0.3333": {
							"post": [0, 0, 0],
							"lerp_mode": "catmullrom"
						},
						"0.5833": {
							"post": [-12.5, 0, 0],
							"lerp_mode": "catmullrom"
						},
						"1.0417": {
							"post": [-12.5, 0, 0],
							"lerp_mode": "catmullrom"
						},
						"1.375": {
							"post": [2.5, 0, 0],
							"lerp_mode": "catmullrom"
						},
						"1.6667": {
							"post": [0, 0, 0],
							"lerp_mode": "catmullrom"
						}
					}
				},
				"mouth": {
					"rotation": {
						"0.0": {
							"post": [0, 0, 0],
							"lerp_mode": "catmullrom"
						},
						"0.3333": {
							"post": [0, 0, 0],
							"lerp_mode": "catmullrom"
						},
						"0.5833": {
							"post": [45, 0, 0],
							"lerp_mode": "catmullrom"
						},
						"1.0417": {
							"post": [45, 0, 0],
							"lerp_mode": "catmullrom"
						},
						"1.375": {
							"post": [0, 0, 0],
							"lerp_mode": "catmullrom"
						},
						"1.6667": {
							"post": [0, 0, 0],
							"lerp_mode": "catmullrom"
						}
					}
				},
				"tail": {
					"rotation": [0, "0+Math.cos((query.anim_time) * 90 * 4*6) * 3", 0]
				}
			},
			"sound_effects": {
				"0.1": {
					"effect": "pokemon.silvally.cry"
				}
			}
		},
		"animation.pokemans_silvally.faint": {
			"loop": "hold_on_last_frame",
			"animation_length": 2.5833,
			"bones": {
				"body": {
					"rotation": {
						"0.0": {
							"post": [0, 0, 0],
							"lerp_mode": "catmullrom"
						},
						"1.75": {
							"post": [0, 0, 0],
							"lerp_mode": "catmullrom"
						},
						"2.125": {
							"post": [0, 0, -18.5],
							"lerp_mode": "catmullrom"
						},
						"2.2083": {
							"post": [0, 0, -60.5],
							"lerp_mode": "catmullrom"
						},
						"2.2917": {
							"post": [0, 0, -85],
							"lerp_mode": "catmullrom"
						},
						"2.4167": {
							"post": [0, 0, -84.86],
							"lerp_mode": "catmullrom"
						},
						"2.5833": {
							"post": [0, 0, -82.5],
							"lerp_mode": "catmullrom"
						}
					},
					"position": {
						"0.0": {
							"post": [0, 0, 0],
							"lerp_mode": "catmullrom"
						},
						"0.2083": {
							"post": [0, -0.6, 1.85],
							"lerp_mode": "catmullrom"
						},
						"0.3333": {
							"post": [0, -0.75, 2.25],
							"lerp_mode": "catmullrom"
						},
						"0.5833": {
							"post": [0, -0.75, 2.375],
							"lerp_mode": "catmullrom"
						},
						"0.8333": {
							"post": [0, -0.9, 2.4],
							"lerp_mode": "catmullrom"
						},
						"0.9583": {
							"post": [0, -1.385, 2.41],
							"lerp_mode": "catmullrom"
						},
						"1.0417": {
							"post": [0, -1.5, 2.425],
							"lerp_mode": "catmullrom"
						},
						"1.375": {
							"post": [0, 0.5, 0],
							"lerp_mode": "catmullrom"
						},
						"1.4583": {
							"post": [0, -0.5, 0],
							"lerp_mode": "catmullrom"
						},
						"1.5": {
							"post": [0, 0, 0],
							"lerp_mode": "catmullrom"
						},
						"1.5833": {
							"post": [0, 1.25, 0],
							"lerp_mode": "catmullrom"
						},
						"1.7083": {
							"post": [0, 0.25, 0],
							"lerp_mode": "catmullrom"
						},
						"1.8333": {
							"post": [0, 0, 0],
							"lerp_mode": "catmullrom"
						}
					}
				},
				"leg_b_left": {
					"rotation": {
						"0.0": {
							"post": [0, 0, -12.5],
							"lerp_mode": "catmullrom"
						},
						"1.75": {
							"post": [0, 0, -12.5],
							"lerp_mode": "catmullrom"
						},
						"2.5833": {
							"post": [-34.71783, 1.15408, 14.97766],
							"lerp_mode": "catmullrom"
						}
					},
					"position": {
						"0.0": {
							"post": [0, 0, 0],
							"lerp_mode": "catmullrom"
						},
						"1.75": {
							"post": [0, 0, 0],
							"lerp_mode": "catmullrom"
						}
					}
				},
				"leg_b_left2": {
					"rotation": {
						"0.0": {
							"post": [0, 0, 7.5],
							"lerp_mode": "catmullrom"
						},
						"1.75": {
							"post": [0, 0, 7.5],
							"lerp_mode": "catmullrom"
						}
					}
				},
				"leg_b_left3": {
					"rotation": {
						"0.0": {
							"post": [0, 0, 0],
							"lerp_mode": "catmullrom"
						},
						"1.75": {
							"post": [0, 0, 0],
							"lerp_mode": "catmullrom"
						},
						"2.5833": {
							"post": [0, 0, -20],
							"lerp_mode": "catmullrom"
						}
					}
				},
				"leg_b_left4": {
					"rotation": {
						"0.0": {
							"post": [0, 0, 5],
							"lerp_mode": "catmullrom"
						},
						"1.75": {
							"post": [0, 0, 5],
							"lerp_mode": "catmullrom"
						}
					}
				},
				"leg_b_left5": {
					"rotation": {
						"0.0": {
							"post": [0, 0, 0],
							"lerp_mode": "catmullrom"
						},
						"1.75": {
							"post": [0, 0, 0],
							"lerp_mode": "catmullrom"
						},
						"2.5833": {
							"post": [30, 0, 0],
							"lerp_mode": "catmullrom"
						}
					},
					"position": {
						"0.0": {
							"post": [0, -0.2, 0],
							"lerp_mode": "catmullrom"
						},
						"1.75": {
							"post": [0, -0.2, 0],
							"lerp_mode": "catmullrom"
						}
					}
				},
				"leg_b_right": {
					"rotation": {
						"0.0": {
							"post": [0, 0, 12.5],
							"lerp_mode": "catmullrom"
						},
						"1.75": {
							"post": [0, 0, 12.5],
							"lerp_mode": "catmullrom"
						},
						"2.5833": {
							"post": [0, 0, -17.5],
							"lerp_mode": "catmullrom"
						}
					}
				},
				"leg_b_right2": {
					"rotation": {
						"0.0": {
							"post": [0, 0, -7.5],
							"lerp_mode": "catmullrom"
						},
						"1.75": {
							"post": [0, 0, -7.5],
							"lerp_mode": "catmullrom"
						}
					}
				},
				"leg_b_right3": {
					"rotation": {
						"0.0": {
							"post": [0, 0, 0],
							"lerp_mode": "catmullrom"
						},
						"1.75": {
							"post": [0, 0, 0],
							"lerp_mode": "catmullrom"
						}
					}
				},
				"leg_b_right4": {
					"rotation": {
						"0.0": {
							"post": [0, 0, -5],
							"lerp_mode": "catmullrom"
						},
						"1.75": {
							"post": [0, 0, -5],
							"lerp_mode": "catmullrom"
						},
						"2.5833": {
							"post": [0, 0, 20],
							"lerp_mode": "catmullrom"
						}
					}
				},
				"leg_b_right5": {
					"rotation": {
						"0.0": {
							"post": [0, 0, 0],
							"lerp_mode": "catmullrom"
						},
						"1.75": {
							"post": [0, 0, 0],
							"lerp_mode": "catmullrom"
						}
					},
					"position": {
						"0.0": {
							"post": [0, -0.2, 0],
							"lerp_mode": "catmullrom"
						},
						"1.75": {
							"post": [0, -0.2, 0],
							"lerp_mode": "catmullrom"
						}
					}
				},
				"torso": {
					"rotation": {
						"0.0": {
							"post": [10, 0, 0],
							"lerp_mode": "catmullrom"
						},
						"1.75": {
							"post": [10, 0, 0],
							"lerp_mode": "catmullrom"
						}
					}
				},
				"chest": {
					"rotation": {
						"0.0": {
							"post": [0, 0, 0],
							"lerp_mode": "catmullrom"
						},
						"1.75": {
							"post": [0, 0, 0],
							"lerp_mode": "catmullrom"
						},
						"2.125": {
							"post": [0, 0, 0],
							"lerp_mode": "catmullrom"
						},
						"2.5833": {
							"post": [-17.5, 0, 0],
							"lerp_mode": "catmullrom"
						}
					},
					"position": {
						"0.0": {
							"post": [0, 0, 0],
							"lerp_mode": "catmullrom"
						},
						"1.75": {
							"post": [0, 0, 0],
							"lerp_mode": "catmullrom"
						}
					}
				},
				"neck3": {
					"rotation": {
						"0.0": {
							"post": [0, 0, 0],
							"lerp_mode": "catmullrom"
						},
						"0.625": {
							"post": [12.5, 0, 0],
							"lerp_mode": "catmullrom"
						},
						"1.75": {
							"post": [0, 0, 0],
							"lerp_mode": "catmullrom"
						},
						"2.0833": {
							"post": [0, 0, -25],
							"lerp_mode": "catmullrom"
						},
						"2.5833": {
							"post": [0, 0, -10],
							"lerp_mode": "catmullrom"
						}
					}
				},
				"neck4": {
					"rotation": {
						"0.0": {
							"post": [0, 0, 0],
							"lerp_mode": "catmullrom"
						},
						"0.5": {
							"post": [15, 0, 0],
							"lerp_mode": "catmullrom"
						},
						"0.9583": {
							"post": [5, 0, 0],
							"lerp_mode": "catmullrom"
						},
						"1.75": {
							"post": [0, 0, 0],
							"lerp_mode": "catmullrom"
						},
						"2.0833": {
							"post": [4.98667, -2.74427, 12.19972],
							"lerp_mode": "catmullrom"
						},
						"2.5833": {
							"post": [15, 0, 0],
							"lerp_mode": "catmullrom"
						}
					}
				},
				"neck5": {
					"rotation": {
						"0.0": {
							"post": [0, 0, 0],
							"lerp_mode": "catmullrom"
						},
						"0.5417": {
							"post": [0, 0, 0],
							"lerp_mode": "catmullrom"
						},
						"0.75": {
							"post": [0, 0, 0],
							"lerp_mode": "catmullrom"
						},
						"1.1667": {
							"post": [-45, 0, 0],
							"lerp_mode": "catmullrom"
						},
						"1.75": {
							"post": [0, 0, 0],
							"lerp_mode": "catmullrom"
						},
						"2.0833": {
							"post": [-17.01264, 4.1309, 11.80796],
							"lerp_mode": "catmullrom"
						},
						"2.5833": {
							"post": [-55, 0, 0],
							"lerp_mode": "catmullrom"
						}
					}
				},
				"skill": {
					"scale": 0
				},
				"mouth": {
					"rotation": {
						"0.9583": {
							"pre": [0, 0, 0],
							"post": [0, 0, 0],
							"lerp_mode": "catmullrom"
						},
						"1.25": {
							"post": [35, 0, 0],
							"lerp_mode": "catmullrom"
						},
						"2.5833": {
							"post": [0, 0, 0],
							"lerp_mode": "catmullrom"
						}
					}
				},
				"eye_left": {
					"position": {
						"0.0": {
							"post": [0, 0, 0],
							"lerp_mode": "catmullrom"
						},
						"0.5": {
							"post": [0, 0.16, 0],
							"lerp_mode": "catmullrom"
						},
						"1.75": {
							"post": [0, 0.16, 0],
							"lerp_mode": "catmullrom"
						},
						"2.5833": {
							"post": [0, 0.16, 0.14],
							"lerp_mode": "catmullrom"
						}
					}
				},
				"leather2": {
					"rotation": {
						"0.0": {
							"post": [0, 0, 0],
							"lerp_mode": "catmullrom"
						},
						"1.75": {
							"post": [0, 0, 0],
							"lerp_mode": "catmullrom"
						},
						"2.5833": {
							"post": [0, 0, -20],
							"lerp_mode": "catmullrom"
						}
					}
				},
				"leg_f_right": {
					"rotation": {
						"0.0": {
							"post": [-10, 0, 17.5],
							"lerp_mode": "catmullrom"
						},
						"0.5": {
							"post": [12.5, 0, 17.5],
							"lerp_mode": "catmullrom"
						},
						"1.75": {
							"post": [-10, 0, 17.5],
							"lerp_mode": "catmullrom"
						},
						"2.5833": {
							"post": [17.10981, 17.72091, -16.10502],
							"lerp_mode": "catmullrom"
						}
					},
					"position": {
						"0.0": {
							"post": [0, -0.16, 0],
							"lerp_mode": "catmullrom"
						},
						"1.75": {
							"post": [0, -0.16, 0],
							"lerp_mode": "catmullrom"
						}
					}
				},
				"leg_f_right2": {
					"rotation": {
						"0.0": {
							"post": [-27.5, 0, -2.5],
							"lerp_mode": "catmullrom"
						},
						"0.25": {
							"post": [-57.5, 0, -2.5],
							"lerp_mode": "catmullrom"
						},
						"0.5": {
							"post": [-37.5, 0, -2.5],
							"lerp_mode": "catmullrom"
						},
						"1.75": {
							"post": [-27.5, 0, -2.5],
							"lerp_mode": "catmullrom"
						},
						"2.5833": {
							"post": [-10, 0, -2.5],
							"lerp_mode": "catmullrom"
						}
					}
				},
				"leg_f_right3": {
					"rotation": {
						"0.0": {
							"post": [0, 0, -5],
							"lerp_mode": "catmullrom"
						},
						"1.75": {
							"post": [0, 0, -5],
							"lerp_mode": "catmullrom"
						}
					},
					"position": {
						"0.0": {
							"post": [0, 0, 0],
							"lerp_mode": "catmullrom"
						},
						"1.75": {
							"post": [0, 0, 0],
							"lerp_mode": "catmullrom"
						}
					}
				},
				"leg_f_foe5": {
					"rotation": {
						"0.0": {
							"post": [29.2729, 17.52046, -0.92577],
							"lerp_mode": "catmullrom"
						},
						"0.25": {
							"post": [44.2729, 17.52046, -0.92577],
							"lerp_mode": "catmullrom"
						},
						"0.5": {
							"post": [14.2729, 17.52046, -0.92577],
							"lerp_mode": "catmullrom"
						},
						"1.75": {
							"post": [29.2729, 17.52046, -0.92577],
							"lerp_mode": "catmullrom"
						},
						"2.5833": {
							"post": [3.89326, -22.13413, 37.291],
							"lerp_mode": "catmullrom"
						}
					},
					"position": {
						"0.0": {
							"post": [0, -0.11, 0],
							"lerp_mode": "catmullrom"
						},
						"1.75": {
							"post": [0, -0.11, 0],
							"lerp_mode": "catmullrom"
						}
					}
				},
				"leg_f_left": {
					"rotation": {
						"0.0": {
							"post": [-10, 0, -17.5],
							"lerp_mode": "catmullrom"
						},
						"1.75": {
							"post": [-10, 0, -17.5],
							"lerp_mode": "catmullrom"
						},
						"2.5833": {
							"post": [-11.16414, -4.02155, 14.77733],
							"lerp_mode": "catmullrom"
						}
					},
					"position": {
						"0.0": {
							"post": [0, -0.16, 0],
							"lerp_mode": "catmullrom"
						},
						"1.75": {
							"post": [0, -0.16, 0],
							"lerp_mode": "catmullrom"
						}
					}
				},
				"leg_f_left2": {
					"rotation": {
						"0.0": {
							"post": [-27.5, 0, -2.5],
							"lerp_mode": "catmullrom"
						},
						"1.75": {
							"post": [-27.5, 0, -2.5],
							"lerp_mode": "catmullrom"
						},
						"2.5833": {
							"post": [-26.62415, 12.88565, 5.2444],
							"lerp_mode": "catmullrom"
						}
					},
					"position": {
						"0.0": {
							"post": [0, 0, 0],
							"lerp_mode": "catmullrom"
						},
						"1.75": {
							"post": [0, 0, 0],
							"lerp_mode": "catmullrom"
						}
					}
				},
				"leg_f_left3": {
					"rotation": {
						"0.0": {
							"post": [0, 0, 0],
							"lerp_mode": "catmullrom"
						},
						"1.75": {
							"post": [0, 0, 0],
							"lerp_mode": "catmullrom"
						},
						"2.5833": {
							"post": [9.92442, -0.86717, 9.96271],
							"lerp_mode": "catmullrom"
						}
					}
				},
				"leg_f_foe": {
					"rotation": {
						"0.0": {
							"post": [34.3667, -18.1426, 6.74175],
							"lerp_mode": "catmullrom"
						},
						"1.75": {
							"post": [34.3667, -18.1426, 6.74175],
							"lerp_mode": "catmullrom"
						},
						"2.5833": {
							"post": [36.42956, -4.05254, -3.86533],
							"lerp_mode": "catmullrom"
						}
					},
					"position": {
						"0.0": {
							"post": [0, -0.35, 0],
							"lerp_mode": "catmullrom"
						},
						"1.75": {
							"post": [0, -0.35, 0],
							"lerp_mode": "catmullrom"
						}
					}
				},
				"leg_f_foe3": {
					"rotation": {
						"0.0": {
							"post": [0, 0, 0],
							"lerp_mode": "catmullrom"
						},
						"1.75": {
							"post": [0, 0, 0],
							"lerp_mode": "catmullrom"
						},
						"2.5833": {
							"post": [0, 20, 0],
							"lerp_mode": "catmullrom"
						}
					}
				},
				"tail": {
					"rotation": {
						"0.0": [0, 0, 0],
						"2.5833": [0, -12.5, 0]
					}
				},
				"eye_right": {
					"position": {
						"0.0": {
							"post": [0, 0, 0],
							"lerp_mode": "catmullrom"
						},
						"0.5": {
							"post": [0, 0.03, 0],
							"lerp_mode": "catmullrom"
						},
						"1.75": {
							"post": [0, 0.03, 0],
							"lerp_mode": "catmullrom"
						},
						"2.5833": {
							"post": [0, 0.16, 0.14],
							"lerp_mode": "catmullrom"
						}
					}
				},
				"skill_p": {
					"scale": 0
				}
			}
		}
	}
}