{
	"format_version": "1.8.0",
	"animations": {
		"animation.pokemans_zacian.ground_walk": {
			"loop": true,
			"animation_length": 0.5,
			"bones": {
				"bone10": {
					"rotation": ["20+Math.cos((query.anim_time) * 90 * 8 - 90) * -10-20", 0, 0]
				},
				"bone11": {
					"rotation": [-20.57639, 9.30727, 23.30696]
				},
				"bone12": {
					"rotation": [0, 0, 7.5]
				},
				"bone13": {
					"rotation": [-15, 0, 0]
				},
				"bone14": {
					"rotation": ["20+Math.cos((query.anim_time) * 90 * 8 - 60) * -30", 0, 0]
				},
				"bone16": {
					"rotation": ["20+Math.cos((query.anim_time) * 90 * 8 - 90) * -30", 0, 0]
				},
				"bone18": {
					"rotation": ["20+Math.cos((query.anim_time) * 90 * 8 - 90) * -30", 0, 0]
				},
				"leg_f_right": {
					"rotation": {
						"0.0": [-56, -5, 0],
						"0.0417": [-49.33, -5, 0],
						"0.1667": {
							"pre": [45, -5, 0],
							"post": [45, -5, 0],
							"lerp_mode": "catmullrom"
						},
						"0.25": {
							"post": [55, -5, 0],
							"lerp_mode": "catmullrom"
						},
						"0.3333": {
							"post": [46.75, -5, 0],
							"lerp_mode": "catmullrom"
						},
						"0.375": {
							"post": [28.2, -5, 0],
							"lerp_mode": "catmullrom"
						},
						"0.4583": [-50.17, -5, 0],
						"0.5": [-56, -5, 0]
					},
					"position": [0, "0+Math.cos((query.anim_time) * 90 * 8 - 120) * -1", 0]
				},
				"leg_f_right1": {
					"rotation": {
						"0.0": [-7.5, 0, 0],
						"0.0417": [1.67, 0, 0],
						"0.0833": [-14.17, 0, 0],
						"0.125": [-28.75, 0, 0],
						"0.25": [-5, 0, 0],
						"0.2917": [-17.5, 0, 0],
						"0.375": [-95, 0, 0],
						"0.5": [-7.5, 0, 0]
					}
				},
				"bone8": {
					"rotation": {
						"0.0": [68.5, 0, 0],
						"0.0833": [40, 0, 0],
						"0.2083": [11.25, 0, 0],
						"0.2917": [-3.75, 0, 0],
						"0.3333": [52.5, 0, 0],
						"0.4583": [81.25, 0, 0],
						"0.5": [68.5, 0, 0]
					}
				},
				"leg_f_left3": {
					"rotation": {
						"0.0": [-29.78, 5, 0],
						"0.0417": [-50.17, 5, 0],
						"0.0833": [-56, 5, 0],
						"0.125": [-49.33, 5, 0],
						"0.25": {
							"pre": [45, 5, 0],
							"post": [45, 5, 0],
							"lerp_mode": "catmullrom"
						},
						"0.3333": {
							"post": [55, 5, 0],
							"lerp_mode": "catmullrom"
						},
						"0.4167": [39.75, 5, 0],
						"0.5": [-29.78, 5, 0]
					},
					"position": [0, "0+Math.cos((query.anim_time) * 90 * 8 - 60) * -1", 0]
				},
				"leg_f_left4": {
					"rotation": {
						"0.0": [-55.83, 0, 0],
						"0.0833": [-7.5, 0, 0],
						"0.125": [1.67, 0, 0],
						"0.1667": [-14.17, 0, 0],
						"0.2083": [-28.75, 0, 0],
						"0.3333": [-5, 0, 0],
						"0.375": [-17.5, 0, 0],
						"0.4583": [-92.5, 0, 0],
						"0.5": [-55.83, 0, 0]
					}
				},
				"bone5": {
					"rotation": {
						"0.0": [68.5, 0, 0],
						"0.0833": [40, 0, 0],
						"0.2083": [11.25, 0, 0],
						"0.2917": [-3.75, 0, 0],
						"0.3333": [52.5, 0, 0],
						"0.4583": [81.25, 0, 0],
						"0.5": [68.5, 0, 0]
					}
				},
				"torso": {
					"rotation": ["0+Math.cos((query.anim_time) * 90 * 8 - 90) * 12", 0, 0],
					"position": [0, "0+Math.cos((query.anim_time) * 90 * 8) * 3", 0]
				},
				"neck": {
					"rotation": ["Math.cos((query.anim_time) * 90 * 8 - 70) * -5", 0, 0],
					"position": [0, 0.6, -3]
				},
				"bone9": {
					"rotation": ["Math.cos((query.anim_time) * 90 * 8 - 60) * -10", 0, 0]
				},
				"hair_right": {
					"rotation": ["24.0443+11.88110 + math.sin(q.anim_time * 720) * 20", 12.42292, -21.85732]
				},
				"hair_right2": {
					"rotation": [0, 0, -2.5]
				},
				"hair_right3": {
					"rotation": ["35+math.sin(q.anim_time * 720 + 0* 36) * 5", 0, 0]
				},
				"hair_right4": {
					"rotation": ["math.sin(q.anim_time * 720 + 1* 36) * 5", 0, 0]
				},
				"hair_right5": {
					"rotation": ["math.sin(q.anim_time * 720 + 2* 36) * 5", 0, 0]
				},
				"hair_right6": {
					"rotation": ["math.sin(q.anim_time * 720 + 3* 36) * 5", 0, 0]
				},
				"hair_right7": {
					"rotation": ["math.sin(q.anim_time * 720 + 4* 36) * 5", 0, 0]
				},
				"hair_right8": {
					"rotation": ["math.sin(q.anim_time * 720 + 5* 36) * 10", 0, 0]
				},
				"hair_right9": {
					"rotation": ["math.sin(q.anim_time * 720 + 6* 36) * 20", 0, 0]
				},
				"hair_right10": {
					"rotation": ["math.sin(q.anim_time * 720 + 7* 36) * 20", 0, 0]
				},
				"hair_right11": {
					"rotation": ["math.sin(q.anim_time * 720 + 8* 36) * 20", 0, 0]
				},
				"hair_right13": {
					"rotation": ["math.sin(q.anim_time * 720 + 9* 36) * 20", 0, 0]
				},
				"bone7": {
					"rotation": [2.55452, 1.29256, 4.83045]
				},
				"bone6": {
					"rotation": [-14.98637, 0.64686, 2.41492]
				},
				"bone4": {
					"rotation": ["Math.cos((query.anim_time) * 90 * 8 - 60) * -10", 0, 0]
				},
				"bone": {
					"rotation": ["Math.cos((query.anim_time) * 90 * 8 - 60) * -10", 0, 0]
				},
				"leg_b_right": {
					"rotation": {
						"0.0": [-5, 0, 5],
						"0.125": [60.25, 0, 3.25],
						"0.1667": [63.75, 0, 10],
						"0.2083": {
							"pre": [59.42, 0, 16],
							"post": [59.42, 0, 16],
							"lerp_mode": "catmullrom"
						},
						"0.25": {
							"post": [28.71, 0, 19.17],
							"lerp_mode": "catmullrom"
						},
						"0.375": {
							"post": [-19.21, 0, 16.5],
							"lerp_mode": "catmullrom"
						},
						"0.4167": [-22.5, 0, 13.25],
						"0.4583": [-16.25, 0, 8.5],
						"0.5": [-5, 0, 5]
					},
					"position": [0, "0+Math.cos((query.anim_time) * 90 * 8 - 70) * 1", 0]
				},
				"leg_right2": {
					"rotation": {
						"0.0": [-2.5, 0, 0],
						"0.125": [12.5, 0, 0],
						"0.2917": [-60, 0, 0],
						"0.4167": [0, 0, 0],
						"0.5": [-2.5, 0, 0]
					}
				},
				"leg_right3": {
					"rotation": {
						"0.0": [2.5, 0, 0],
						"0.125": [50, 0, 0],
						"0.2917": [-2.5, 12.5, -12.5],
						"0.375": [40, 12.5, -15],
						"0.5": [0, 0, 0]
					}
				},
				"leg_b_left": {
					"rotation": {
						"0.0": [38.5, 0, -3.83],
						"0.0417": [60.25, 0, -3.25],
						"0.0833": [63.75, 0, -10],
						"0.125": {
							"pre": [59.42, 0, -16],
							"post": [59.42, 0, -16],
							"lerp_mode": "catmullrom"
						},
						"0.1667": {
							"post": [28.71, 0, -19.17],
							"lerp_mode": "catmullrom"
						},
						"0.2917": {
							"post": [-15.21, 0, -16.5],
							"lerp_mode": "catmullrom"
						},
						"0.3333": [-22.5, 0, -13.25],
						"0.375": [-16.25, 0, -8.5],
						"0.4167": [-5, 0, -5],
						"0.5": [38.5, 0, -3.83]
					},
					"position": [0, "0+Math.cos((query.anim_time) * 90 * 8 - 20) * 1", 0]
				},
				"leg_left2": {
					"rotation": {
						"0.0": [7.5, 0, 0],
						"0.0417": [12.5, 0, 0],
						"0.2083": [-60, 0, 0],
						"0.3333": [0, 0, 0],
						"0.4167": [-2.5, 0, 0],
						"0.5": [7.5, 0, 0]
					}
				},
				"leg_left3": {
					"rotation": {
						"0.0": [34.17, 0, 0],
						"0.0417": [50, 0, 0],
						"0.2083": [-2.5, -12.5, 12.5],
						"0.2917": [40, -12.5, 15],
						"0.4167": [0, 0, 0],
						"0.5": [34.17, 0, 0]
					}
				},
				"tail2": {
					"rotation": ["-17.5+Math.cos((query.anim_time) * 90 * 8 + 30) * -20", 0, 0]
				},
				"tail3": {
					"rotation": ["20+Math.cos((query.anim_time) * 90 * 8 - 60) * -30", 0, 0]
				},
				"tail3_4": {
					"rotation": ["20+Math.cos((query.anim_time) * 90 * 8 - 90) * -5", 0, 0]
				},
				"tail3_3_3": {
					"rotation": ["0+Math.cos((query.anim_time) * 90 * 8 - 90) * -10", 0, 0]
				},
				"tail3_3_4": {
					"rotation": ["-Math.cos((query.anim_time) * 90 * 8 - 90) * -30", 0, 0]
				},
				"tail3_3": {
					"rotation": ["20+Math.cos((query.anim_time) * 90 * 8 - 90) * -5", 0, 0]
				},
				"tail3_3_2": {
					"rotation": ["0+Math.cos((query.anim_time) * 90 * 8 - 90) * -10", 0, 0]
				},
				"tail3_3_5": {
					"rotation": ["-Math.cos((query.anim_time) * 90 * 8 - 90) * -30", 0, 0]
				},
				"tail3_2": {
					"rotation": ["20+Math.cos((query.anim_time) * 90 * 8 - 90) * -5", 0, 0]
				},
				"tail3_2_1": {
					"rotation": ["0+Math.cos((query.anim_time) * 90 * 8 - 90) * -10", 0, 0]
				},
				"tail3_2_2": {
					"rotation": ["-Math.cos((query.anim_time) * 90 * 8 - 90) * -30", 0, 0]
				},
				"tail3_5": {
					"rotation": ["20+Math.cos((query.anim_time) * 90 * 8 - 90) * -5", 0, 0]
				},
				"tail3_2_3": {
					"rotation": ["0+Math.cos((query.anim_time) * 90 * 8 - 90) * -10", 0, 0]
				},
				"tail3_2_4": {
					"rotation": ["-Math.cos((query.anim_time) * 90 * 8 - 90) * -30", 0, 0]
				},
				"chest": {
					"rotation": ["5.25+Math.cos((query.anim_time) * 90 * 8 - 120) * -16", 0, 0],
					"position": {
						"0.0": [0, 0, 0],
						"0.1667": {
							"pre": [0, 0, 0],
							"post": [0, 0, 0],
							"lerp_mode": "catmullrom"
						},
						"0.2917": {
							"post": [0, 0, 1.5],
							"lerp_mode": "catmullrom"
						},
						"0.5": [0, 0, 0]
					}
				},
				"hair_left": {
					"rotation": ["24.0443+11.88110 + math.sin(q.anim_time * 720) * 20", -12.4229, 21.8573]
				},
				"hair_left2": {
					"rotation": [0, 0, 2.5]
				},
				"hair_left3": {
					"rotation": ["35+math.sin(q.anim_time * 720 + 0* 36) * 5", 0, 0]
				},
				"hair_left4": {
					"rotation": ["math.sin(q.anim_time * 720 + 1* 36) * 5", 0, 0]
				},
				"hair_left5": {
					"rotation": ["math.sin(q.anim_time * 720 + 2* 36) * 5", 0, 0]
				},
				"hair_left6": {
					"rotation": ["math.sin(q.anim_time * 720 + 3* 36) * 5", 0, 0]
				},
				"hair_left7": {
					"rotation": ["math.sin(q.anim_time * 720 + 4* 36) * 5", 0, 0]
				},
				"hair_left8": {
					"rotation": ["math.sin(q.anim_time * 720 + 5* 36) * 10", 0, 0]
				},
				"hair_left9": {
					"rotation": ["math.sin(q.anim_time * 720 + 6* 36) * 20", 0, 0]
				},
				"hair_left10": {
					"rotation": ["math.sin(q.anim_time * 720 + 7* 36) * 20", 0, 0]
				},
				"hair_left11": {
					"rotation": ["math.sin(q.anim_time * 720 + 8* 36) * 20", 0, 0]
				},
				"hair_left13": {
					"rotation": ["math.sin(q.anim_time * 720 + 9* 36) * 20", 0, 0]
				},
				"leg_f_left_extra": {
					"rotation": ["Math.cos((query.anim_time) * 180 * 2 - 90) * -10", 0, 0]
				},
				"leg_f_right_extra": {
					"rotation": ["Math.cos((query.anim_time) * 180 * 2 - 90) * -10", 0, 0]
				}
			}
		},
		"animation.pokemans_zacian.ground_idle": {
			"loop": true,
			"bones": {
				"bone10": {
					"rotation": [
						"-30+Math.cos((query.anim_time) * 90 * 1 - 90) *4 ",
						"Math.cos((query.anim_time) * 90 * 1 - 60) * -10",
						"15+Math.cos((query.anim_time) * 90 * 2 - 45) * 4"
					]
				},
				"bone11": {
					"rotation": [-32.28388, 12.00829, 27.58896]
				},
				"bone12": {
					"rotation": [0, 0, 7.5]
				},
				"bone13": {
					"rotation": [-15, 0, 0]
				},
				"bone14": {
					"rotation": [-37.5, "Math.cos((query.anim_time) * 90 * 2 - 60) * -10", 0]
				},
				"bone15": {
					"rotation": [-25, 0, 0]
				},
				"bone16": {
					"rotation": [0, "Math.cos((query.anim_time) * 90 * 2 - 90) * -20", 0]
				},
				"bone17": {
					"rotation": [2.5, "Math.cos((query.anim_time) * 90 * 2 - 90) * -10", 0]
				},
				"body": {
					"position": [0, "-0.25+Math.cos((query.anim_time) * 90 * 2) * 0.2", "0+Math.cos((query.anim_time) * 90 * 2) * 0.2"]
				},
				"leg_b_right": {
					"rotation": ["2.4752+Math.cos((query.anim_time) * 90 * 2) * -4", -0.37867, 12.47516]
				},
				"leg_right2": {
					"rotation": ["-4.9735+Math.cos((query.anim_time-50) * 90 * 2) * 6", -0.40455, -12.45858]
				},
				"leg_right3": {
					"rotation": ["3+Math.cos((query.anim_time) * 90 * 2) * -3", 0, 0],
					"position": [0, "-Math.cos((query.anim_time)*90*2)*-0.3", "-Math.cos((query.anim_time)*90*2)*-0.3"]
				},
				"leg_b_left": {
					"rotation": ["1.5022+Math.cos((query.anim_time) * 90 * 2) * -4", 0.16684, -9.98894],
					"position": [0, "Math.cos((query.anim_time)*90*2)*-0.03", "Math.cos((query.anim_time)*90*2)*-0.07"]
				},
				"leg_left2": {
					"rotation": ["-2.5014+Math.cos((query.anim_time-50) * 90 * 2) * 6", 0.27186, 9.9798]
				},
				"leg_left3": {
					"rotation": ["3+Math.cos((query.anim_time) * 90 * 2) * -3", 0, 0],
					"position": [0, "-Math.cos((query.anim_time)*90*2)*-0.3", "-Math.cos((query.anim_time)*90*2)*-0.3"]
				},
				"torso": {
					"rotation": ["2.5+Math.cos((query.anim_time) * 90 * 2 - 90) * -1", 0, 0]
				},
				"chest": {
					"rotation": [-2.5, 0, 0]
				},
				"neck1": {
					"rotation": ["Math.cos((query.anim_time) * 90 * 2 - 90) * -0.5", 0, 0]
				},
				"head": {
					"rotation": ["Math.cos((query.anim_time) * 90 * 2 - 90) * -1", 0, 0]
				},
				"bone9": {
					"rotation": ["1+Math.cos((query.anim_time) * 90 * 2-90) * 0.7", 0, 0],
					"position": [0, "-Math.cos((query.anim_time)*90*2+30)*0.1", "-Math.cos((query.anim_time)*90*2+30)*0.2"]
				},
				"hair_right": {
					"rotation": ["7.2321+11.88110 + math.sin(q.anim_time * 180) * 10", 20.31367, -28.26643]
				},
				"hair_right2": {
					"rotation": [0, 0, -2.5]
				},
				"hair_right3": {
					"rotation": ["35+math.sin(q.anim_time * 180 + 0* 36) * 5", 0, 0]
				},
				"hair_right4": {
					"rotation": ["math.sin(q.anim_time * 180+ 1* 36) * 5", 0, 0]
				},
				"hair_right5": {
					"rotation": ["math.sin(q.anim_time * 180+ 2* 36) * 5", 0, 0]
				},
				"hair_right6": {
					"rotation": ["5+math.sin(q.anim_time * 180+ 3* 36) * 5", 0, 0]
				},
				"hair_right7": {
					"rotation": ["12.5+math.sin(q.anim_time * 180+ 4* 36) * 5", 0, 0]
				},
				"hair_right8": {
					"rotation": ["math.sin(q.anim_time * 180+ 5* 36) * 10", 0, 0]
				},
				"hair_right9": {
					"rotation": ["math.sin(q.anim_time * 180+ 6* 36) * 20", 0, 0]
				},
				"hair_right10": {
					"rotation": ["math.sin(q.anim_time * 180+ 7* 36) * 20", 0, 0]
				},
				"hair_right11": {
					"rotation": ["math.sin(q.anim_time * 180+ 8* 36) * 20", 0, 0]
				},
				"hair_right13": {
					"rotation": ["math.sin(q.anim_time * 180+ 9* 36) * 20", 0, 0]
				},
				"eye_left_lid": {
					"position": [0, 0, 0]
				},
				"bone7": {
					"rotation": [2.55452, 1.29256, 4.83045]
				},
				"bone6": {
					"rotation": [-14.98637, 0.64686, 2.41492]
				},
				"bone4": {
					"rotation": ["1+Math.cos((query.anim_time) * 90 * 2-90) * 0.7", 0, 0],
					"position": [0, "-Math.cos((query.anim_time)*90*2+30)*0.1", "-Math.cos((query.anim_time)*90*2+30)*0.5"]
				},
				"bone": {
					"rotation": ["6+Math.cos((query.anim_time) * 90 * 2-90) * 0.7", 0, 0],
					"position": [0, "-Math.cos((query.anim_time)*90*2+30)*0.1", "-Math.cos((query.anim_time)*90*2+30)*0.5"]
				},
				"leg_f_left3": {
					"rotation": [0, 0, 2.5],
					"position": [0, "0+Math.cos((query.anim_time) * 90 * 2 - 90) * -0.2", "0+Math.cos((query.anim_time) * 90 * 2 - 45) * 0.2"]
				},
				"leg_f_left4": {
					"position": [0, "0+Math.cos((query.anim_time) * 90 * 2 - 90) * -0.2", "0+Math.cos((query.anim_time) * 90 * 2 - 45) * 0.2"]
				},
				"leg_f_left5": {
					"rotation": [0, 0, -2.5]
				},
				"bone5": {
					"rotation": ["1+Math.cos((query.anim_time) * 90 * 2-90) * 0.7", 0, 0],
					"position": [0, "-Math.cos((query.anim_time)*90*2+30)*0.1", "-Math.cos((query.anim_time)*90*2+30)*0.5"]
				},
				"leg_f_right": {
					"rotation": [0, 0, -2.5],
					"position": [0, "0+Math.cos((query.anim_time) * 90 * 2 - 90) * -0.2", "0+Math.cos((query.anim_time) * 90 * 2 - 45) * 0.2"]
				},
				"leg_f_right1": {
					"position": [0, "0+Math.cos((query.anim_time) * 90 * 2 - 90) * -0.2", "0+Math.cos((query.anim_time) * 90 * 2 - 45) * 0.2"]
				},
				"leg_f_right2": {
					"rotation": [0, 0, 2.5]
				},
				"bone8": {
					"rotation": ["1+Math.cos((query.anim_time) * 90 * 2-90) * 0.7", 0, 0],
					"position": [0, "-Math.cos((query.anim_time)*90*2+30)*0.1", "-Math.cos((query.anim_time)*90*2+30)*0.5"]
				},
				"tail": {
					"rotation": [
						"10+Math.cos((query.anim_time) * 90 * 1 - 90) *4",
						"Math.cos((query.anim_time) * 90 * 1 - 60) * -10",
						"Math.cos((query.anim_time) * 90 * 2 - 45) * 4"
					]
				},
				"tail2": {
					"rotation": [
						"-35+Math.cos((query.anim_time) * 90 * 1 - 90) *4 ",
						"0.52-Math.cos((query.anim_time)*90*3+30)*0.9",
						"Math.cos((query.anim_time) * 90 * 2 - 45) * 4"
					]
				},
				"tail3": {
					"rotation": [-32.5, "Math.cos((query.anim_time) * 90 * 2 - 60) * -10", 0]
				},
				"tail3_4": {
					"rotation": [-12.5, 0, 0]
				},
				"tail3_3": {
					"rotation": [-12.5, 0, 0]
				},
				"tail3_2": {
					"rotation": [-12.5, 0, 0]
				},
				"tail3_5": {
					"rotation": [-12.5, 0, 0]
				},
				"hair_left": {
					"rotation": ["7.2321+11.88110 + math.sin(q.anim_time * 180) * 10", -20.3137, 28.2664]
				},
				"hair_left2": {
					"rotation": [0, 0, 2.5]
				},
				"hair_left3": {
					"rotation": ["40+math.sin(q.anim_time * 180+ 0* 36) * 5", 0, 0]
				},
				"hair_left4": {
					"rotation": ["math.sin(q.anim_time * 180+ 1* 36) * 5", 0, 0]
				},
				"hair_left5": {
					"rotation": ["math.sin(q.anim_time * 180+ 2* 36) * 5", 0, 0]
				},
				"hair_left6": {
					"rotation": ["5+math.sin(q.anim_time * 180+ 3* 36) * 5", 0, 0]
				},
				"hair_left7": {
					"rotation": ["12.5+math.sin(q.anim_time * 180 + 4* 36) * 5", 0, 0]
				},
				"hair_left8": {
					"rotation": ["math.sin(q.anim_time * 180+ 5* 36) * 10", 0, 0]
				},
				"hair_left9": {
					"rotation": ["math.sin(q.anim_time * 180+ 6* 36) * 20", 0, 0]
				},
				"hair_left10": {
					"rotation": ["math.sin(q.anim_time * 180+ 7* 36) * 20", 0, 0]
				},
				"hair_left11": {
					"rotation": ["math.sin(q.anim_time * 180+ 8* 36) * 20", 0, 0]
				},
				"hair_left13": {
					"rotation": ["math.sin(q.anim_time * 180+ 9* 36) * 20", 0, 0]
				},
				"leg_f_left_extra": {
					"rotation": ["Math.cos((query.anim_time) * 90 * 2 - 90) * -1", 0, 0]
				},
				"leg_f_right_extra": {
					"rotation": ["Math.cos((query.anim_time) * 90 * 2 - 90) * -1", 0, 0]
				}
			}
		},
		"animation.pokemans_zacian.battle_idle": {
			"loop": true,
			"bones": {
				"bone10": {
					"rotation": [
						"-30+Math.cos((query.anim_time) * 90 * 1 - 90) *4 ",
						"Math.cos((query.anim_time) * 90 * 1 - 60) * -10",
						"15+Math.cos((query.anim_time) * 90 * 2 - 45) * 4"
					]
				},
				"bone11": {
					"rotation": [-32.28388, 12.00829, 27.58896]
				},
				"bone12": {
					"rotation": [0, 0, 7.5]
				},
				"bone13": {
					"rotation": [-15, 0, 0]
				},
				"bone14": {
					"rotation": [-37.5, "Math.cos((query.anim_time) * 90 * 3 - 60) * -10", 0]
				},
				"bone15": {
					"rotation": [-25, 0, 0]
				},
				"bone16": {
					"rotation": [0, "Math.cos((query.anim_time) * 90 * 2 - 90) * -20", 0]
				},
				"bone17": {
					"rotation": [2.5, "Math.cos((query.anim_time) * 90 * 2 - 90) * -10", 0]
				},
				"body": {
					"position": [0, "0+Math.cos((query.anim_time) * 90 * 2) * 0.2", "0+Math.cos((query.anim_time) * 90 * 2) * 0.2"]
				},
				"leg_b_right": {
					"rotation": ["-18.5+Math.cos((query.anim_time) * 90 * 2) * -4", 0, 4.9953],
					"position": [0, -0.51, 0]
				},
				"leg_right2": {
					"rotation": ["-7.5+Math.cos((query.anim_time-50) * 90 * 2) * 6", 0, -4.9907]
				},
				"leg_right3": {
					"rotation": ["28+Math.cos((query.anim_time) * 90 * 2) * -2", 0, 0],
					"position": [0, "0.87-Math.cos((query.anim_time)*90*2)*-0.3", "0-Math.cos((query.anim_time)*90*2)*-0.3"]
				},
				"leg_b_left": {
					"rotation": ["11.5943+Math.cos((query.anim_time) * 90 * 2) * -4", -0.64439, -19.98173],
					"position": [0, -2.14, -0.07]
				},
				"leg_left2": {
					"rotation": ["-17.3429+Math.cos((query.anim_time-50) * 90 * 2) * 6", 1.98623, 14.79345]
				},
				"leg_left3": {
					"rotation": ["7.9953+Math.cos((query.anim_time) * 90 * 2) * -2", -0.21782, 2.4905],
					"position": [0, "-1.34+Math.cos((query.anim_time)*90*2)*0.7", "-Math.cos((query.anim_time)*90*2)*0.1"]
				},
				"torso": {
					"rotation": ["15+Math.cos((query.anim_time) * 90 * 2 - 90) * -1", 0, 0]
				},
				"chest": {
					"rotation": [-7.5, 0, 0]
				},
				"neck1": {
					"rotation": ["-5+Math.cos((query.anim_time) * 90 * 2 - 90) * 2", 0, 0]
				},
				"head": {
					"rotation": ["Math.cos((query.anim_time) * 90 * 2 - 90) * -1", 0, 0]
				},
				"bone9": {
					"rotation": [-2.75766, 0, 0]
				},
				"eye_left_lid": {
					"position": [0, 0, 0]
				},
				"bone7": {
					"rotation": [2.55452, 1.29256, 4.83045]
				},
				"bone6": {
					"rotation": [-14.98637, 0.64686, 2.41492]
				},
				"bone4": {
					"rotation": [-5, 0, 0]
				},
				"bone": {
					"rotation": ["-9.1219+Math.cos((query.anim_time) * 90 * 2-90) * 0.7", -6.57869, 0],
					"position": [0, "0.52-Math.cos((query.anim_time)*90*2+30)*0.1", "0.49-Math.cos((query.anim_time)*90*2+30)*0.1"]
				},
				"leg_f_left3": {
					"rotation": [-36.8161, 8.4082, 24.2829],
					"position": [-2.77, "0+Math.cos((query.anim_time) * 90 * 2 - 90) * -0.2", "0+Math.cos((query.anim_time) * 90 * 2 - 45) * 0.2"]
				},
				"leg_f_left4": {
					"rotation": [0, 0, -7.5],
					"position": [0.23, "0+Math.cos((query.anim_time) * 90 * 2 - 90) * -0.2", "0+Math.cos((query.anim_time) * 90 * 2 - 45) * 0.2"]
				},
				"leg_f_left5": {
					"rotation": [0, 0, -7.5]
				},
				"bone5": {
					"rotation": ["31.0137+Math.cos((query.anim_time) * 90 * 2-90) * 0.7", 10.46464, -8.0824],
					"position": [-0.42, "1.03-Math.cos((query.anim_time)*90*2+30)*0.1", "-Math.cos((query.anim_time)*90*2+30)*0.5"]
				},
				"leg_f_right": {
					"rotation": [22.21722, -5.16385, -17.95992],
					"position": [2.29, "0+Math.cos((query.anim_time) * 90 * 2 - 90) * -0.2", "0+Math.cos((query.anim_time) * 90 * 2 - 45) * 0.2"]
				},
				"leg_f_right1": {
					"rotation": [-22.5, 0, 7.5],
					"position": [-0.23, "0+Math.cos((query.anim_time) * 90 * 2 - 90) * -0.2", "0+Math.cos((query.anim_time) * 90 * 2 - 45) * 0.2"]
				},
				"leg_f_right2": {
					"rotation": [-47.40109, -2.68407, 3.27995]
				},
				"bone8": {
					"rotation": ["43.0335+Math.cos((query.anim_time) * 90 * 2-90) * 0.7", -1.49515, 11.07038],
					"position": [-0.15, "-0.09-Math.cos((query.anim_time)*90*2+30)*0.1", "-Math.cos((query.anim_time)*90*2+30)*0.5"]
				},
				"tail": {
					"rotation": [
						"27.5+Math.cos((query.anim_time) * 90 * 1 - 90) *4",
						"Math.cos((query.anim_time) * 90 * 1 - 60) * -10",
						"Math.cos((query.anim_time) * 90 * 2 - 45) * 4"
					]
				},
				"tail2": {
					"rotation": [
						"-45+Math.cos((query.anim_time) * 90 * 1 - 90) *4 ",
						"0.52-Math.cos((query.anim_time)*90*3+30)*0.9",
						"Math.cos((query.anim_time) * 90 * 2 - 45) * 4"
					]
				},
				"tail3": {
					"rotation": [-45, "Math.cos((query.anim_time) * 90 * 2 - 60) * -10", 0]
				},
				"hair_right": {
					"rotation": ["37.2321+11.88110 + math.sin(q.anim_time * 180) * 20", 20.31367, -28.26643]
				},
				"hair_right2": {
					"rotation": [0, 0, -2.5]
				},
				"hair_right3": {
					"rotation": ["35+math.sin(q.anim_time * 180 + 0* 36) * 5", 0, 0]
				},
				"hair_right4": {
					"rotation": ["math.sin(q.anim_time * 180+ 1* 36) * 5", 0, 0]
				},
				"hair_right5": {
					"rotation": ["math.sin(q.anim_time * 180+ 2* 36) * 5", 0, 0]
				},
				"hair_right6": {
					"rotation": ["math.sin(q.anim_time * 180+ 3* 36) * 5", 0, 0]
				},
				"hair_right7": {
					"rotation": ["math.sin(q.anim_time * 180+ 4* 36) * 5", 0, 0]
				},
				"hair_right8": {
					"rotation": ["math.sin(q.anim_time * 180+ 5* 36) * 10", 0, 0]
				},
				"hair_right9": {
					"rotation": ["math.sin(q.anim_time * 180+ 6* 36) * 20", 0, 0]
				},
				"hair_right10": {
					"rotation": ["math.sin(q.anim_time * 180+ 7* 36) * 20", 0, 0]
				},
				"hair_right11": {
					"rotation": ["math.sin(q.anim_time * 180+ 8* 36) * 20", 0, 0]
				},
				"hair_right13": {
					"rotation": ["math.sin(q.anim_time * 180+ 9* 36) * 20", 0, 0]
				},
				"tail3_3_3": {
					"rotation": [-7.5, 0, 0]
				},
				"tail3_3_2": {
					"rotation": [-5, 0, 0]
				},
				"tail3_2_1": {
					"rotation": [-12.5, 0, 0]
				},
				"tail3_2_3": {
					"rotation": [-15, 0, 0]
				},
				"hair_left": {
					"rotation": ["37.2321+11.88110 + math.sin(q.anim_time * 180) * 20", -20.3137, 28.2664]
				},
				"hair_left2": {
					"rotation": [0, 0, 2.5]
				},
				"hair_left3": {
					"rotation": ["35+math.sin(q.anim_time * 180+ 0* 36) * 5", 0, 0]
				},
				"hair_left4": {
					"rotation": ["math.sin(q.anim_time * 180+ 1* 36) * 5", 0, 0]
				},
				"hair_left5": {
					"rotation": ["math.sin(q.anim_time * 180+ 2* 36) * 5", 0, 0]
				},
				"hair_left6": {
					"rotation": ["math.sin(q.anim_time * 180+ 3* 36) * 5", 0, 0]
				},
				"hair_left7": {
					"rotation": ["math.sin(q.anim_time * 180 + 4* 36) * 5", 0, 0]
				},
				"hair_left8": {
					"rotation": ["math.sin(q.anim_time * 180+ 5* 36) * 10", 0, 0]
				},
				"hair_left9": {
					"rotation": ["math.sin(q.anim_time * 180+ 6* 36) * 20", 0, 0]
				},
				"hair_left10": {
					"rotation": ["math.sin(q.anim_time * 180+ 7* 36) * 20", 0, 0]
				},
				"hair_left11": {
					"rotation": ["math.sin(q.anim_time * 180+ 8* 36) * 20", 0, 0]
				},
				"hair_left13": {
					"rotation": ["math.sin(q.anim_time * 180+ 9* 36) * 20", 0, 0]
				},
				"leg_f_left_extra": {
					"rotation": ["Math.cos((query.anim_time) * 90 * 2 - 90) *2", 0, 0]
				},
				"leg_f_right_extra": {
					"rotation": ["Math.cos((query.anim_time) * 90 * 2 - 90) *2", 0, 0]
				}
			}
		},
		"animation.pokemans_zacian.blink": {
			"animation_length": 0.0833,
			"bones": {
				"eye_right_lid": {
					"position": {
						"0.0": [0, -1.52, 0],
						"0.0833": [0, 0, 0]
					}
				},
				"eye_left_lid": {
					"position": {
						"0.0": [0, -1.52, 0],
						"0.0833": [0, 0, 0]
					}
				}
			}
		},
		"animation.pokemans_zacian.cry": {
			"animation_length": 2.5,
			"bones": {
				"neck": {
					"rotation": {
						"0.0": {
							"post": [0, 0, 0],
							"lerp_mode": "catmullrom"
						},
						"0.125": {
							"post": [5, 0, 0],
							"lerp_mode": "catmullrom"
						},
						"0.625": {
							"post": [-12.5, 0, 0],
							"lerp_mode": "catmullrom"
						},
						"2.0": {
							"post": [-12.5, 0, 0],
							"lerp_mode": "catmullrom"
						},
						"2.5": {
							"post": [0, 0, 0],
							"lerp_mode": "catmullrom"
						}
					},
					"position": {
						"0.8333": {
							"pre": [0, 0, 0],
							"post": [0, 0, 0],
							"lerp_mode": "catmullrom"
						},
						"0.875": {
							"post": [0, -0.25, 0],
							"lerp_mode": "catmullrom"
						},
						"0.9167": {
							"post": [0, 0, 0],
							"lerp_mode": "catmullrom"
						},
						"0.9583": {
							"post": [0, -0.25, 0],
							"lerp_mode": "catmullrom"
						},
						"1.0": {
							"post": [0, 0, 0],
							"lerp_mode": "catmullrom"
						},
						"1.0417": {
							"post": [0, -0.25, 0],
							"lerp_mode": "catmullrom"
						},
						"1.0833": {
							"post": [0, 0, 0],
							"lerp_mode": "catmullrom"
						},
						"1.125": {
							"post": [0, -0.25, 0],
							"lerp_mode": "catmullrom"
						},
						"1.1667": {
							"post": [0, 0, 0],
							"lerp_mode": "catmullrom"
						},
						"1.2083": {
							"post": [0, -0.25, 0],
							"lerp_mode": "catmullrom"
						},
						"1.25": {
							"post": [0, 0, 0],
							"lerp_mode": "catmullrom"
						},
						"1.2917": {
							"post": [0, -0.25, 0],
							"lerp_mode": "catmullrom"
						},
						"1.3333": {
							"post": [0, 0, 0],
							"lerp_mode": "catmullrom"
						},
						"1.375": {
							"post": [0, -0.25, 0],
							"lerp_mode": "catmullrom"
						},
						"1.4167": {
							"post": [0, 0, 0],
							"lerp_mode": "catmullrom"
						},
						"1.4583": {
							"post": [0, -0.25, 0],
							"lerp_mode": "catmullrom"
						},
						"1.5": {
							"post": [0, 0, 0],
							"lerp_mode": "catmullrom"
						},
						"1.5417": {
							"post": [0, -0.25, 0],
							"lerp_mode": "catmullrom"
						},
						"1.5833": {
							"post": [0, 0, 0],
							"lerp_mode": "catmullrom"
						},
						"1.625": {
							"post": [0, -0.25, 0],
							"lerp_mode": "catmullrom"
						},
						"1.6667": {
							"post": [0, 0, 0],
							"lerp_mode": "catmullrom"
						},
						"1.7083": {
							"post": [0, -0.25, 0],
							"lerp_mode": "catmullrom"
						},
						"1.75": {
							"post": [0, 0, 0],
							"lerp_mode": "catmullrom"
						}
					}
				},
				"neck1": {
					"rotation": {
						"0.0": {
							"post": [0, 0, 0],
							"lerp_mode": "catmullrom"
						},
						"0.125": {
							"post": [5, 0, 0],
							"lerp_mode": "catmullrom"
						},
						"0.625": {
							"post": [-12.5, 0, 0],
							"lerp_mode": "catmullrom"
						},
						"2.0": {
							"post": [-12.5, 0, 0],
							"lerp_mode": "catmullrom"
						},
						"2.5": {
							"post": [0, 0, 0],
							"lerp_mode": "catmullrom"
						}
					},
					"position": {
						"0.8333": {
							"pre": [0, 0, 0],
							"post": [0, 0, 0],
							"lerp_mode": "catmullrom"
						},
						"0.875": {
							"post": [0, -0.25, 0],
							"lerp_mode": "catmullrom"
						},
						"0.9167": {
							"post": [0, 0, 0],
							"lerp_mode": "catmullrom"
						},
						"0.9583": {
							"post": [0, -0.25, 0],
							"lerp_mode": "catmullrom"
						},
						"1.0": {
							"post": [0, 0, 0],
							"lerp_mode": "catmullrom"
						},
						"1.0417": {
							"post": [0, -0.25, 0],
							"lerp_mode": "catmullrom"
						},
						"1.0833": {
							"post": [0, 0, 0],
							"lerp_mode": "catmullrom"
						},
						"1.125": {
							"post": [0, -0.25, 0],
							"lerp_mode": "catmullrom"
						},
						"1.1667": {
							"post": [0, 0, 0],
							"lerp_mode": "catmullrom"
						},
						"1.2083": {
							"post": [0, -0.25, 0],
							"lerp_mode": "catmullrom"
						},
						"1.25": {
							"post": [0, 0, 0],
							"lerp_mode": "catmullrom"
						},
						"1.2917": {
							"post": [0, -0.25, 0],
							"lerp_mode": "catmullrom"
						},
						"1.3333": {
							"post": [0, 0, 0],
							"lerp_mode": "catmullrom"
						},
						"1.375": {
							"post": [0, -0.25, 0],
							"lerp_mode": "catmullrom"
						},
						"1.4167": {
							"post": [0, 0, 0],
							"lerp_mode": "catmullrom"
						},
						"1.4583": {
							"post": [0, -0.25, 0],
							"lerp_mode": "catmullrom"
						},
						"1.5": {
							"post": [0, 0, 0],
							"lerp_mode": "catmullrom"
						},
						"1.5417": {
							"post": [0, -0.25, 0],
							"lerp_mode": "catmullrom"
						},
						"1.5833": {
							"post": [0, 0, 0],
							"lerp_mode": "catmullrom"
						},
						"1.625": {
							"post": [0, -0.25, 0],
							"lerp_mode": "catmullrom"
						},
						"1.6667": {
							"post": [0, 0, 0],
							"lerp_mode": "catmullrom"
						},
						"1.7083": {
							"post": [0, -0.25, 0],
							"lerp_mode": "catmullrom"
						},
						"1.75": {
							"post": [0, 0, 0],
							"lerp_mode": "catmullrom"
						}
					}
				},
				"head": {
					"rotation": {
						"0.0": {
							"post": [0, 0, 0],
							"lerp_mode": "catmullrom"
						},
						"0.125": {
							"post": [5, 0, 0],
							"lerp_mode": "catmullrom"
						},
						"0.625": {
							"post": [-27.5, 0, 0],
							"lerp_mode": "catmullrom"
						},
						"2.0": {
							"post": [-27.5, 0, 0],
							"lerp_mode": "catmullrom"
						},
						"2.5": {
							"post": [0, 0, 0],
							"lerp_mode": "catmullrom"
						}
					}
				},
				"mouth": {
					"rotation": {
						"0.0": {
							"post": [4.44, 0, 0],
							"lerp_mode": "catmullrom"
						},
						"0.25": {
							"post": [0, 0, 0],
							"lerp_mode": "catmullrom"
						},
						"0.375": {
							"post": [35, 0, 0],
							"lerp_mode": "catmullrom"
						},
						"0.875": {
							"post": [17.5, 0, 0],
							"lerp_mode": "catmullrom"
						},
						"2.25": {
							"post": [17.5, 0, 0],
							"lerp_mode": "catmullrom"
						},
						"2.5": {
							"post": [4.44, 0, 0],
							"lerp_mode": "catmullrom"
						}
					},
					"position": {
						"0.0": {
							"post": [0, 0, 0.13],
							"lerp_mode": "catmullrom"
						},
						"0.25": {
							"post": [0, 0, 0],
							"lerp_mode": "catmullrom"
						},
						"0.375": {
							"post": [0, 0.5, 0.75],
							"lerp_mode": "catmullrom"
						},
						"0.875": {
							"post": [0, 0, 0.25],
							"lerp_mode": "catmullrom"
						},
						"2.25": {
							"post": [0, 0, 0.25],
							"lerp_mode": "catmullrom"
						},
						"2.5": {
							"post": [0, 0, 0.13],
							"lerp_mode": "catmullrom"
						}
					}
				}
			},
			"sound_effects": {
				"0.1": {
					"effect": "pokemon.zacian.cry"
				}
			}
		},
		"animation.pokemans_zacian.faint": {
			"loop": "hold_on_last_frame",
			"animation_length": 3.7083,
			"bones": {
				"zamazenta": {
					"rotation": {
						"1.4583": [0, 0, 0],
						"1.625": {
							"pre": [0, 0, -4],
							"post": [0, 0, -4],
							"lerp_mode": "catmullrom"
						},
						"1.75": {
							"post": [0, 0, -18.5],
							"lerp_mode": "catmullrom"
						},
						"1.8333": {
							"post": [0, 0, -60.5],
							"lerp_mode": "catmullrom"
						},
						"1.9167": {
							"post": [0, 0, -85],
							"lerp_mode": "catmullrom"
						},
						"2.0417": {
							"post": [0, 0, -84.86],
							"lerp_mode": "catmullrom"
						},
						"2.2083": [0, 0, -82.5]
					},
					"position": {
						"1.1667": [0, 0, 0],
						"1.25": {
							"pre": [0, 1.25, 0],
							"post": [0, 1.25, 0],
							"lerp_mode": "catmullrom"
						},
						"1.3333": {
							"post": [0, -0.5, 0],
							"lerp_mode": "catmullrom"
						},
						"1.4583": {
							"post": [0, 1.25, 0],
							"lerp_mode": "catmullrom"
						},
						"1.5833": {
							"post": [0, 0.25, 0],
							"lerp_mode": "catmullrom"
						},
						"1.7083": [0, 0, 0]
					}
				},
				"bone14": {
					"rotation": {
						"0.0": {
							"post": [-45, 0, 0],
							"lerp_mode": "catmullrom"
						},
						"0.7917": {
							"post": [-35, 0, 0],
							"lerp_mode": "catmullrom"
						},
						"1.4583": {
							"post": [-5.24058, 19.22675, 22.80639],
							"lerp_mode": "catmullrom"
						},
						"1.625": {
							"post": [-0.05661, 28.22477, -0.52428],
							"lerp_mode": "catmullrom"
						},
						"1.7917": {
							"post": [2.5, -1.55, 0],
							"lerp_mode": "catmullrom"
						},
						"1.875": {
							"post": [2.5, -19.05, 0],
							"lerp_mode": "catmullrom"
						},
						"2.0417": {
							"post": [2.3462, -6.06325, 0.6505],
							"lerp_mode": "catmullrom"
						}
					}
				},
				"bone15": {
					"rotation": {
						"0.0": {
							"post": [-17.5, 0, 0],
							"lerp_mode": "catmullrom"
						},
						"0.7917": {
							"post": [7.5, 0, 0],
							"lerp_mode": "catmullrom"
						},
						"1.4583": {
							"post": [-5.24058, 19.22675, 22.80639],
							"lerp_mode": "catmullrom"
						},
						"1.625": {
							"post": [-0.05182, 15.72478, -0.51155],
							"lerp_mode": "catmullrom"
						},
						"1.7917": {
							"post": [2.59899, 15.93295, 0.78157],
							"lerp_mode": "catmullrom"
						},
						"1.875": {
							"post": [2.4573, 15.91925, 1.49082],
							"lerp_mode": "catmullrom"
						},
						"2.0417": {
							"post": [2.5, -21.05, 0],
							"lerp_mode": "catmullrom"
						}
					}
				},
				"bone16": {
					"rotation": {
						"0.0": {
							"post": [30, 0, 0],
							"lerp_mode": "catmullrom"
						},
						"1.4583": {
							"post": [-5.24058, 19.22675, 22.80639],
							"lerp_mode": "catmullrom"
						},
						"1.625": {
							"post": [-0.05182, 15.72478, -0.51155],
							"lerp_mode": "catmullrom"
						},
						"1.7917": {
							"post": [2.59899, 15.93295, 0.78157],
							"lerp_mode": "catmullrom"
						},
						"1.875": {
							"post": [2.62724, 25.90947, 1.96507],
							"lerp_mode": "catmullrom"
						},
						"2.0417": {
							"post": [2.99813, 38.89335, 2.78194],
							"lerp_mode": "catmullrom"
						}
					}
				},
				"bone17": {
					"rotation": {
						"0.0": {
							"post": [-17.5, 0, 0],
							"lerp_mode": "catmullrom"
						},
						"1.4583": {
							"post": [-5.24058, 19.22675, 22.80639],
							"lerp_mode": "catmullrom"
						},
						"1.625": {
							"post": [-0.05182, 15.72478, -0.51155],
							"lerp_mode": "catmullrom"
						},
						"1.7917": {
							"post": [2.59899, 15.93295, 0.78157],
							"lerp_mode": "catmullrom"
						},
						"1.875": {
							"post": [2.42939, 13.42152, 1.38066],
							"lerp_mode": "catmullrom"
						},
						"2.0417": {
							"post": [2.54513, -23.54758, -0.11892],
							"lerp_mode": "catmullrom"
						}
					}
				},
				"bone18": {
					"rotation": {
						"0.0": [0, 0, 0],
						"2.0417": [0, 22.5, 0]
					}
				},
				"bone10": {
					"rotation": {
						"0.0": {
							"post": [-30, 0, 15],
							"lerp_mode": "catmullrom"
						},
						"0.7917": {
							"post": [-29.09716, 7.7602, 28.64205],
							"lerp_mode": "catmullrom"
						},
						"1.5": {
							"post": [-30, 0, 15],
							"lerp_mode": "catmullrom"
						},
						"1.7083": {
							"post": [-29.62165, -4.98093, 6.3178],
							"lerp_mode": "catmullrom"
						},
						"1.9583": {
							"post": [-13.33277, -8.21728, -9.72576],
							"lerp_mode": "catmullrom"
						}
					}
				},
				"bone11": {
					"rotation": {
						"0.0": {
							"post": [-20.57639, 9.30727, 23.30696],
							"lerp_mode": "catmullrom"
						},
						"0.7917": {
							"post": [-18.90213, 12.48242, 32.25467],
							"lerp_mode": "catmullrom"
						},
						"1.5": {
							"post": [-20.58, 9.31, 23.31],
							"lerp_mode": "catmullrom"
						},
						"1.7083": {
							"post": [-18.74541, 12.68285, 32.90206],
							"lerp_mode": "catmullrom"
						},
						"1.9583": {
							"post": [27.97777, 4.75308, 11.57847],
							"lerp_mode": "catmullrom"
						}
					}
				},
				"bone12": {
					"rotation": {
						"0.0": {
							"post": [0, 0, 7.5],
							"lerp_mode": "catmullrom"
						},
						"1.5": {
							"post": [0, 0, 7.5],
							"lerp_mode": "catmullrom"
						},
						"1.7083": {
							"post": [0, 0, 22.5],
							"lerp_mode": "catmullrom"
						},
						"1.9583": {
							"post": [7.5, 0, 22.5],
							"lerp_mode": "catmullrom"
						}
					}
				},
				"bone13": {
					"rotation": {
						"0.0": {
							"post": [-15, 0, 0],
							"lerp_mode": "catmullrom"
						},
						"1.5": {
							"post": [-15, 0, 0],
							"lerp_mode": "catmullrom"
						},
						"1.9583": {
							"post": [17.5, 0, 0],
							"lerp_mode": "catmullrom"
						}
					}
				},
				"body": {
					"rotation": {
						"0.0": [0, 0, 0],
						"0.2083": [0, 10, 0],
						"0.3333": [0, 11, 0],
						"0.5833": [0, 11.5, 0],
						"1.0417": [0, 11.5, 0],
						"1.2083": {
							"pre": [0, 12.63, 0],
							"post": [0, 12.63, 0],
							"lerp_mode": "catmullrom"
						},
						"1.5833": [0, 0, 0],
						"1.75": {
							"pre": [0, 0, -4],
							"post": [0, 0, -4],
							"lerp_mode": "catmullrom"
						},
						"1.875": {
							"post": [0, 0, -18.5],
							"lerp_mode": "catmullrom"
						},
						"1.9583": {
							"post": [0, 0, -60.5],
							"lerp_mode": "catmullrom"
						},
						"2.0417": {
							"post": [0, 0, -85],
							"lerp_mode": "catmullrom"
						},
						"2.1667": {
							"post": [0, 0, -84.86],
							"lerp_mode": "catmullrom"
						},
						"2.3333": [0, 0, -82.5]
					},
					"position": {
						"0.0": [0, 0, 0],
						"0.2083": {
							"pre": [0, -0.6, 1.85],
							"post": [0, -0.6, 1.85],
							"lerp_mode": "catmullrom"
						},
						"0.3333": {
							"post": [0, -0.75, 2.25],
							"lerp_mode": "catmullrom"
						},
						"0.5833": {
							"post": [0, -0.75, 2.375],
							"lerp_mode": "catmullrom"
						},
						"0.8333": {
							"post": [0, -0.9, 2.4],
							"lerp_mode": "catmullrom"
						},
						"0.9583": {
							"post": [0, -1.385, 2.41],
							"lerp_mode": "catmullrom"
						},
						"1.0417": [0, -1.5, 2.425],
						"1.2917": [0, 0, 0],
						"1.375": {
							"pre": [0, 1.25, 0],
							"post": [0, 1.25, 0],
							"lerp_mode": "catmullrom"
						},
						"1.4583": {
							"post": [0, -0.5, 0],
							"lerp_mode": "catmullrom"
						},
						"1.5833": {
							"post": [0, 1.25, 0],
							"lerp_mode": "catmullrom"
						},
						"1.7083": {
							"post": [0, 0.25, 0],
							"lerp_mode": "catmullrom"
						},
						"1.8333": [0, 0, 0]
					}
				},
				"leg_b_right": {
					"rotation": {
						"0.0": [0, 0, 0],
						"0.125": [22.78, 0, 3.47],
						"0.2083": [8.33, 0, 10.42],
						"0.375": [10, 0, 12.5],
						"0.8333": [10, 0, 12.5],
						"1.0": [19, 0, 12.5],
						"1.125": [20, 0, 12.5],
						"1.5417": [15, -5, 2.5],
						"1.6667": [19.98585, -7.6838, -26.27367],
						"1.8333": [28.45094, -9.13222, -5.9593],
						"1.9167": {
							"pre": [25, 0.6, 0],
							"post": [25, 0.6, 0],
							"lerp_mode": "catmullrom"
						},
						"2.0": {
							"post": [30, 1.5, -0.4],
							"lerp_mode": "catmullrom"
						},
						"2.1667": [37.5, -5, -3.5]
					}
				},
				"leg_right2": {
					"rotation": {
						"0.0": [0, 0, 0],
						"0.125": [-33.47, 0, 0],
						"0.2083": [-10.42, 0, 0],
						"0.375": [-12.5, 0, 0],
						"0.8333": [-12.5, 0, 0],
						"1.0": [-21.75, 0, 0],
						"1.125": [-25, 0, 0]
					}
				},
				"leg_right3": {
					"rotation": {
						"0.0": [0, 0, 0],
						"0.2083": [2.08, 0, -12.5],
						"0.375": [2.5, 0, -15],
						"1.125": [2.5, 0, -15]
					}
				},
				"leg_b_left": {
					"rotation": {
						"0.0": [0, 0, 0],
						"0.125": [22.78, 0, -3.47],
						"0.2083": [8.33, 0, -10.42],
						"0.375": [10, 0, -12.5],
						"0.8333": [10, 0, -12.5],
						"1.0": [18.75, 0, -12.5],
						"1.125": [17.5, 0, -12.5],
						"1.5833": [17.5, 0, -12.5],
						"1.75": [-11.225, 5, -25],
						"1.8333": [-11.225, 5, -20.5],
						"2.0": {
							"pre": [0, 5, 11.1],
							"post": [0, 5, 11.1],
							"lerp_mode": "catmullrom"
						},
						"2.125": {
							"post": [0, 5, 7.1],
							"lerp_mode": "catmullrom"
						},
						"2.25": [0, 5, 6.165],
						"2.4167": [0.86805, -2.57529, 15.4237]
					}
				},
				"leg_left2": {
					"rotation": {
						"0.0": [0, 0, 0],
						"0.125": [-33.47, 0, 0],
						"0.2083": [-10.42, 0, 0],
						"0.375": [-12.5, 0, 0],
						"0.8333": [-12.5, 0, 0],
						"1.0": [-23.75, 0, 0],
						"1.125": [-20, 0, 0],
						"1.5833": [-5, -25, -17.5],
						"1.7083": [-2.5, -17.86, -17.5],
						"1.875": [-20.99611, 3.67211, 15.39653],
						"2.0": [-30.47243, 10.36012, 11.41794]
					}
				},
				"leg_left3": {
					"rotation": {
						"0.0": [0, 0, 0],
						"0.2083": [2.08, 0, 12.5],
						"0.375": [2.5, 0, 15],
						"1.125": [2.5, 0, 15]
					}
				},
				"torso": {
					"rotation": {
						"0.0": [0, 0, 0],
						"0.1667": [11.25, 0, 0],
						"0.2917": [16, 0, 0],
						"0.4167": [17.5, 0, 0],
						"0.625": [18, 0, 0],
						"0.8333": {
							"pre": [25.7, 0, 0],
							"post": [25.7, 0, 0],
							"lerp_mode": "catmullrom"
						},
						"1.0": {
							"post": [24.75, 0, 0],
							"lerp_mode": "catmullrom"
						},
						"1.2083": [30.5, 0, 0]
					}
				},
				"chest": {
					"rotation": {
						"0.0": [0, 0, 0],
						"0.2917": [-11.5, -18.25, 5.75],
						"0.4167": [-15.75, -22.5, 6.5],
						"0.5": [-17.5, -23.5, 6.75],
						"0.5833": [-17.12, -23.5, 6.75],
						"0.7917": [-12.75, -25.25, 6.75],
						"0.9167": [-14.37, -32.625, 6.75],
						"1.0": [-16.725, -35.8, 6.75],
						"1.125": [-28.725, -36, 6.75],
						"2.2917": [-16.22974, -21.68175, 1.62012]
					},
					"position": [0, 0, 0]
				},
				"neck": {
					"rotation": {
						"0.9583": {
							"pre": [0, 0, 0],
							"post": [0, 0, 0],
							"lerp_mode": "catmullrom"
						},
						"1.75": [0, -12.5, 0],
						"2.0833": [0, 17.5, 0]
					},
					"position": {
						"0.9583": {
							"pre": [0, 0, 0],
							"post": [0, 0, 0],
							"lerp_mode": "catmullrom"
						}
					}
				},
				"bone9": {
					"rotation": {
						"0.0": {
							"post": [1.43337, 9.08661, 17.89244],
							"lerp_mode": "catmullrom"
						},
						"0.7917": {
							"post": [-23.2835, 15.1162, 31.20507],
							"lerp_mode": "catmullrom"
						},
						"1.5": {
							"post": [-26.07, 9.09, 17.89],
							"lerp_mode": "catmullrom"
						},
						"1.7083": {
							"post": [-24.26982, 13.35243, 27.11515],
							"lerp_mode": "catmullrom"
						}
					}
				},
				"hair_right": {
					"rotation": {
						"0.0": {
							"post": [12.22564, 3.32301, -34.43704],
							"lerp_mode": "catmullrom"
						},
						"1.75": {
							"post": [12.23, 3.32, -34.44],
							"lerp_mode": "catmullrom"
						},
						"2.1667": {
							"post": [10.49686, -7.61844, 9.31012],
							"lerp_mode": "catmullrom"
						}
					}
				},
				"hair_right2": {
					"rotation": {
						"0.875": {
							"pre": [0, 0, 0],
							"post": [0, 0, 0],
							"lerp_mode": "catmullrom"
						},
						"1.75": {
							"post": [0, 0, 0],
							"lerp_mode": "catmullrom"
						}
					}
				},
				"hair_right3": {
					"rotation": {
						"0.0": {
							"post": [24.81197, 3.1622, -6.80423],
							"lerp_mode": "catmullrom"
						},
						"0.875": {
							"post": [19.81197, 3.1622, -6.80423],
							"lerp_mode": "catmullrom"
						},
						"1.75": {
							"post": [19.81, 3.16, -6.8],
							"lerp_mode": "catmullrom"
						}
					}
				},
				"hair_right4": {
					"rotation": {
						"0.0": {
							"post": [9.99067, 0.43399, -2.46207],
							"lerp_mode": "catmullrom"
						},
						"0.875": {
							"post": [14.99067, 0.43399, -2.46207],
							"lerp_mode": "catmullrom"
						},
						"1.75": {
							"post": [14.99, 0.43, -2.46],
							"lerp_mode": "catmullrom"
						},
						"2.1667": {
							"post": [-0.01, 0.43, -2.46],
							"lerp_mode": "catmullrom"
						}
					}
				},
				"hair_right5": {
					"rotation": {
						"0.0": {
							"post": [20, 0, 0],
							"lerp_mode": "catmullrom"
						},
						"0.875": {
							"post": [12.5, 0, 0],
							"lerp_mode": "catmullrom"
						},
						"1.75": {
							"post": [12.5, 0, 0],
							"lerp_mode": "catmullrom"
						}
					}
				},
				"hair_right6": {
					"rotation": {
						"0.0": {
							"post": [20, 0, 0],
							"lerp_mode": "catmullrom"
						},
						"1.75": {
							"post": [20, 0, 0],
							"lerp_mode": "catmullrom"
						},
						"2.1667": {
							"post": [15.02126, -13.35981, 40.73074],
							"lerp_mode": "catmullrom"
						}
					}
				},
				"hair_right7": {
					"rotation": {
						"0.0": {
							"post": [10, 0, 0],
							"lerp_mode": "catmullrom"
						},
						"0.875": {
							"post": [-7.5, 0, 0],
							"lerp_mode": "catmullrom"
						},
						"1.75": {
							"post": [-7.5, 0, 0],
							"lerp_mode": "catmullrom"
						},
						"2.1667": {
							"post": [-7.24721, 1.93597, 14.87739],
							"lerp_mode": "catmullrom"
						}
					}
				},
				"hair_right8": {
					"rotation": {
						"0.0": {
							"post": [15, 0, 0],
							"lerp_mode": "catmullrom"
						},
						"0.875": {
							"post": [-15, 0, 0],
							"lerp_mode": "catmullrom"
						},
						"1.75": {
							"post": [-15, 0, 0],
							"lerp_mode": "catmullrom"
						},
						"2.1667": {
							"post": [-14.51082, -3.84097, -14.51082],
							"lerp_mode": "catmullrom"
						}
					}
				},
				"hair_right9": {
					"rotation": {
						"0.0": {
							"post": [-10, 0, 0],
							"lerp_mode": "catmullrom"
						},
						"0.875": {
							"post": [-5, 0, 0],
							"lerp_mode": "catmullrom"
						},
						"1.75": {
							"post": [-5, 0, 0],
							"lerp_mode": "catmullrom"
						},
						"2.1667": {
							"post": [-4.69986, -1.70818, -19.9299],
							"lerp_mode": "catmullrom"
						}
					}
				},
				"hair_right10": {
					"rotation": {
						"0.0": {
							"post": [-12.5, 0, 0],
							"lerp_mode": "catmullrom"
						},
						"1.75": {
							"post": [-12.5, 0, 0],
							"lerp_mode": "catmullrom"
						},
						"2.1667": {
							"post": [-12.45392, -1.08089, -4.88206],
							"lerp_mode": "catmullrom"
						}
					}
				},
				"hair_right11": {
					"rotation": {
						"0.0": {
							"post": [-22.5, 0, 0],
							"lerp_mode": "catmullrom"
						},
						"0.875": {
							"post": [17.5, 0, 0],
							"lerp_mode": "catmullrom"
						},
						"1.75": {
							"post": [17.5, 0, 0],
							"lerp_mode": "catmullrom"
						},
						"2.1667": {
							"post": [17.10967, 3.73171, -11.93845],
							"lerp_mode": "catmullrom"
						}
					}
				},
				"hair_right13": {
					"rotation": {
						"0.0": {
							"post": [0, 0, 0],
							"lerp_mode": "catmullrom"
						},
						"0.875": {
							"post": [17.5, 0, 0],
							"lerp_mode": "catmullrom"
						},
						"1.75": {
							"post": [17.5, 0, 0],
							"lerp_mode": "catmullrom"
						},
						"2.1667": {
							"post": [17.43745, 1.50179, -4.76968],
							"lerp_mode": "catmullrom"
						}
					}
				},
				"hair_right14": {
					"rotation": {
						"0.0": {
							"post": [0, 0, 0],
							"lerp_mode": "catmullrom"
						},
						"0.875": {
							"post": [0, 0, 0],
							"lerp_mode": "catmullrom"
						},
						"2.1667": {
							"post": [0, 0, 0],
							"lerp_mode": "catmullrom"
						}
					}
				},
				"eye_right_lid": {
					"position": {
						"0.0": [0, 0, 0],
						"1.2917": [0, -0.3, 0],
						"1.75": [0, -1.44, 0]
					}
				},
				"eye_left_lid": {
					"position": {
						"0.0": [0, 0, 0],
						"1.2917": [0, -0.31, 0],
						"1.75": [0, -1.44, 0]
					}
				},
				"bone4": {
					"rotation": {
						"0.0": [0, 0, 0],
						"0.75": [-10, 0, 0]
					}
				},
				"bone": {
					"rotation": {
						"0.0": [0, 0, 0],
						"0.75": [-2.56, 3.87333, 12.42667],
						"2.3333": [-2.88794, 3.63556, 7.42157]
					}
				},
				"leg_f_left3": {
					"rotation": {
						"0.0": [0, 0, 0],
						"0.1667": [28.4, 13.5, 7.5],
						"0.2917": [21.42601, 8.85095, 13.12365],
						"0.4167": [24.41752, 6.23029, 14.10803],
						"0.5833": [24.52131, 8.05069, 13.94288],
						"1.0417": [45.23972, 3.52392, 15.80518],
						"1.25": [45.20038, 2.81952, 15.09428],
						"1.5833": [48.87168, -8.51206, 14.61211],
						"1.75": [11.15608, 0.49255, -9.31349],
						"1.8333": [-53.5, 12.5, -17.5],
						"1.9583": {
							"pre": [-62.75798, 13.13553, -9.58064],
							"post": [-62.75798, 13.13553, -9.58064],
							"lerp_mode": "catmullrom"
						},
						"2.0833": {
							"post": [-62.39014, 15.87495, -10.60423],
							"lerp_mode": "catmullrom"
						},
						"2.2917": [-61.58903, 15.25509, -10.59081]
					},
					"position": [-1.57, 0, 0]
				},
				"leg_f_left5": {
					"rotation": {
						"0.0": [0, 0, 0],
						"0.1667": [-62.14, 0, 0],
						"0.2917": [-39.29, 0, 0],
						"0.4167": [-42.5, 0, 0],
						"0.5833": [-44.5, 0, 0],
						"0.8333": {
							"pre": [-85.93, 0, 0],
							"post": [-85.93, 0, 0],
							"lerp_mode": "catmullrom"
						},
						"0.9583": {
							"post": [-79.46, 0, 0],
							"lerp_mode": "catmullrom"
						},
						"1.0417": [-79.29778, 7.36036, 3.14317],
						"1.75": [-57.5, 0, 0],
						"1.875": {
							"pre": [-57.5, -25, 0],
							"post": [-57.5, -25, 0],
							"lerp_mode": "catmullrom"
						},
						"2.0417": {
							"post": [-60.42828, 7.59627, 0.25285],
							"lerp_mode": "catmullrom"
						},
						"2.2083": [-59.25, 0, 0]
					}
				},
				"bone5": {
					"rotation": {
						"0.0": [0, 0, 0],
						"0.2917": [6.79, 0, -8.57],
						"0.4167": [7.5, 0, -15],
						"0.5833": [9.5, 0, -15],
						"0.8333": [33.27351, -0.3623, -22.17587],
						"1.0417": [36.71144, -3.50007, -17.96473],
						"1.5833": [12.71144, -3.50007, -17.96473]
					}
				},
				"leg_f_right": {
					"rotation": {
						"0.0": [0, 0, 0],
						"0.1667": [28.4, 0, -7.5],
						"0.2917": [21.79, 0, -15],
						"0.4167": [25, 0, -17.5],
						"0.5833": [25, 0, -16.5],
						"0.9167": [24.14, 19.94, -13.07],
						"1.0417": [24, 23.875, -12.5],
						"1.1667": [24, 25.3, -12.5],
						"1.5": [31.75, 0, 0],
						"1.6667": [24.25, -12.5, -17.5],
						"1.7917": [-1.75052, -35.01306, -18.54372],
						"1.9167": [-38.5, 12.5, -17.5],
						"2.0417": {
							"pre": [-20.00195, 13.89908, 10.48023],
							"post": [-20.00195, 13.89908, 10.48023],
							"lerp_mode": "catmullrom"
						},
						"2.2083": {
							"post": [-15.24807, 13.53868, 0.53542],
							"lerp_mode": "catmullrom"
						},
						"2.375": [-11.88562, 25.47494, 1.5242]
					},
					"position": {
						"0.0": [1.72, 0, 0],
						"1.0417": [2.72, 0, 0],
						"1.5": [1.72, 0, 0]
					}
				},
				"leg_f_right1": {
					"rotation": {
						"0.0": [0, 0, 0],
						"1.5": [0, 0, 0],
						"1.9167": [-9.54524, 4.8613, 28.55029],
						"2.0417": {
							"pre": [-7.55677, 12.45463, 12.49777],
							"post": [-7.55677, 12.45463, 12.49777],
							"lerp_mode": "catmullrom"
						},
						"2.2083": {
							"post": [-11.18287, -11.70678, 27.98876],
							"lerp_mode": "catmullrom"
						},
						"2.375": {
							"post": [-10.80561, -6.20335, 25.56823],
							"lerp_mode": "catmullrom"
						}
					},
					"position": {
						"0.0": [0, 0, 0],
						"1.5": [0, 0, 0],
						"1.9167": [-1.18, 0, 0],
						"2.2083": [-1.59, 0, -0.25],
						"2.375": [-1.47, 0, -0.39]
					}
				},
				"leg_f_right2": {
					"rotation": {
						"0.0": [0, 0, 0],
						"0.1667": [-62.14, 0, 0],
						"0.2917": [-39.29, 0, 0],
						"0.4167": [-42.5, 0, 0],
						"0.5833": [-44.5, 0, 0],
						"0.8333": {
							"pre": [-85.93, 0, 0],
							"post": [-85.93, 0, 0],
							"lerp_mode": "catmullrom"
						},
						"0.9583": {
							"post": [-70.72, 0, 4],
							"lerp_mode": "catmullrom"
						},
						"1.0417": [-68, 0, 8],
						"1.9167": [-12.5, 0, -7.5],
						"2.0417": {
							"pre": [-32.5, -25, 0],
							"post": [-32.5, -25, 0],
							"lerp_mode": "catmullrom"
						},
						"2.2083": {
							"post": [-24.79128, 17.753, 7.40761],
							"lerp_mode": "catmullrom"
						},
						"2.375": [-20.89632, 3.89526, 24.71397]
					}
				},
				"bone8": {
					"rotation": {
						"0.0": {
							"post": [0, 0, 0],
							"lerp_mode": "catmullrom"
						},
						"0.2917": {
							"post": [12.5, 0, 7.53379],
							"lerp_mode": "catmullrom"
						},
						"0.7917": {
							"post": [42.79487, -18.88952, 4.79459],
							"lerp_mode": "catmullrom"
						},
						"1.7083": {
							"post": [0, 0, 15],
							"lerp_mode": "catmullrom"
						},
						"1.9583": {
							"post": [67.5, 0, -22.5],
							"lerp_mode": "catmullrom"
						},
						"2.3333": {
							"post": [57.5, 0, -22.5],
							"lerp_mode": "catmullrom"
						}
					}
				},
				"tail": {
					"rotation": {
						"0.0": {
							"post": [32.5, 0, 0],
							"lerp_mode": "catmullrom"
						},
						"1.4583": {
							"post": [-5.24058, 19.22675, 22.80639],
							"lerp_mode": "catmullrom"
						},
						"1.625": {
							"post": [-0.05182, 15.72478, -0.51155],
							"lerp_mode": "catmullrom"
						},
						"1.7917": {
							"post": [2.50534, -4.04762, -0.10929],
							"lerp_mode": "catmullrom"
						},
						"1.875": {
							"post": [2.5, -19.05, 0],
							"lerp_mode": "catmullrom"
						},
						"2.0417": {
							"post": [2.5, -21.05, 0],
							"lerp_mode": "catmullrom"
						}
					}
				},
				"tail2": {
					"rotation": {
						"0.0": {
							"post": [-52.5, 0, 0],
							"lerp_mode": "catmullrom"
						},
						"0.7917": {
							"post": [-35, 0, 0],
							"lerp_mode": "catmullrom"
						},
						"1.625": {
							"post": [-25.76926, -13.56626, 6.46066],
							"lerp_mode": "catmullrom"
						},
						"1.75": {
							"post": [-26.39218, 18.05776, -8.74472],
							"lerp_mode": "catmullrom"
						},
						"2.0417": {
							"post": [-25.18908, 6.79382, -3.18458],
							"lerp_mode": "catmullrom"
						}
					}
				},
				"tail3": {
					"rotation": {
						"0.0": {
							"post": [-45, 0, 0],
							"lerp_mode": "catmullrom"
						},
						"0.7917": {
							"post": [-35, 0, 0],
							"lerp_mode": "catmullrom"
						},
						"1.4583": {
							"post": [-5.24058, 19.22675, 22.80639],
							"lerp_mode": "catmullrom"
						},
						"1.625": {
							"post": [-0.05661, 28.22477, -0.52428],
							"lerp_mode": "catmullrom"
						},
						"1.7917": {
							"post": [2.5, -1.55, 0],
							"lerp_mode": "catmullrom"
						},
						"1.875": {
							"post": [2.5, -19.05, 0],
							"lerp_mode": "catmullrom"
						},
						"2.0417": {
							"post": [2.3462, -6.06325, 0.6505],
							"lerp_mode": "catmullrom"
						}
					}
				},
				"tail3_4": {
					"rotation": {
						"1.625": [0, 0, 0],
						"1.9583": [-7.66977, -7.43457, 1.00367]
					}
				},
				"tail3_3": {
					"rotation": {
						"1.625": [0, 0, 0],
						"1.9583": [12.93736, -21.96165, -4.94211]
					}
				},
				"tail3_2": {
					"rotation": {
						"0.0": [0, 0, 0],
						"1.625": [0, 0, 0],
						"1.9583": [-25, 0, 0]
					}
				},
				"tail3_5": {
					"rotation": {
						"1.625": [0, 0, 0],
						"1.9583": [31.57509, -32.98684, -11.14195]
					}
				},
				"hair_left": {
					"rotation": {
						"0.0": {
							"post": [14.93902, -1.46016, 32.28256],
							"lerp_mode": "catmullrom"
						},
						"0.875": {
							"post": [14.94, -1.46, 32.28],
							"lerp_mode": "catmullrom"
						},
						"1.75": {
							"post": [14.75722, 2.91055, 17.9262],
							"lerp_mode": "catmullrom"
						}
					}
				},
				"hair_left2": {
					"rotation": {
						"0.875": {
							"pre": [-10, 0, 0],
							"post": [-10, 0, 0],
							"lerp_mode": "catmullrom"
						}
					}
				},
				"hair_left3": {
					"rotation": {
						"0.0": {
							"post": [15, 0, 0],
							"lerp_mode": "catmullrom"
						},
						"0.875": {
							"post": [15, 0, 0],
							"lerp_mode": "catmullrom"
						},
						"1.75": {
							"post": [14.78217, 2.57594, -9.6658],
							"lerp_mode": "catmullrom"
						}
					}
				},
				"hair_left4": {
					"rotation": {
						"0.0": {
							"post": [20, 0, 0],
							"lerp_mode": "catmullrom"
						},
						"0.875": {
							"post": [25, 0, 0],
							"lerp_mode": "catmullrom"
						},
						"2.1667": {
							"post": [24.47761, -5.24826, 11.36081],
							"lerp_mode": "catmullrom"
						}
					}
				},
				"hair_left5": {
					"rotation": {
						"0.0": {
							"post": [21.55613, -6.60796, 16.24074],
							"lerp_mode": "catmullrom"
						},
						"0.875": {
							"post": [16.56, -6.61, 16.24],
							"lerp_mode": "catmullrom"
						},
						"1.75": {
							"post": [17.05382, -5.16341, 11.42832],
							"lerp_mode": "catmullrom"
						},
						"2.1667": {
							"post": [17.78463, -0.64941, -2.89862],
							"lerp_mode": "catmullrom"
						}
					}
				},
				"hair_left6": {
					"rotation": {
						"0.0": {
							"post": [10, 0, 0],
							"lerp_mode": "catmullrom"
						},
						"0.875": {
							"post": [10, 0, 0],
							"lerp_mode": "catmullrom"
						}
					}
				},
				"hair_left7": {
					"rotation": {
						"0.0": {
							"post": [27.47766, 1.15408, -2.21783],
							"lerp_mode": "catmullrom"
						},
						"0.875": {
							"post": [-0.02, 1.15, -2.22],
							"lerp_mode": "catmullrom"
						},
						"1.75": {
							"post": [7.16941, 2.42812, -12.14304],
							"lerp_mode": "catmullrom"
						},
						"2.1667": {
							"post": [-2.23811, 2.98306, 0.35868],
							"lerp_mode": "catmullrom"
						}
					}
				},
				"hair_left8": {
					"rotation": {
						"0.0": {
							"post": [-17.5, 0, 0],
							"lerp_mode": "catmullrom"
						},
						"0.875": {
							"post": [5, 0, 0],
							"lerp_mode": "catmullrom"
						},
						"2.1667": {
							"post": [-17.50473, -0.21782, 2.4905],
							"lerp_mode": "catmullrom"
						}
					}
				},
				"hair_left9": {
					"rotation": {
						"0.0": {
							"post": [-20, 0, 0],
							"lerp_mode": "catmullrom"
						},
						"0.875": {
							"post": [15, 0, 0],
							"lerp_mode": "catmullrom"
						}
					}
				},
				"hair_left10": {
					"rotation": {
						"0.0": {
							"post": [-19.71975, -3.40487, -9.40804],
							"lerp_mode": "catmullrom"
						},
						"0.875": {
							"post": [15.28, -3.4, -9.41],
							"lerp_mode": "catmullrom"
						},
						"2.1667": {
							"post": [14.2188, -6.59439, 2.72284],
							"lerp_mode": "catmullrom"
						}
					}
				},
				"hair_left11": {
					"rotation": {
						"0.0": {
							"post": [20, 0, 0],
							"lerp_mode": "catmullrom"
						},
						"0.875": {
							"post": [20, 0, 0],
							"lerp_mode": "catmullrom"
						},
						"2.1667": {
							"post": [12.5, 0, 0],
							"lerp_mode": "catmullrom"
						}
					}
				},
				"hair_left13": {
					"rotation": {
						"0.0": {
							"post": [27.5, 0, 0],
							"lerp_mode": "catmullrom"
						},
						"0.875": {
							"post": [27.5, 0, 0],
							"lerp_mode": "catmullrom"
						}
					}
				},
				"hair_left15": {
					"rotation": {
						"0.875": {
							"pre": [0, 0, 0],
							"post": [0, 0, 0],
							"lerp_mode": "catmullrom"
						}
					}
				}
			}
		}
	}
}