{
	"format_version": "1.8.0",
	"animations": {
		"animation.pokemans_keldeo.new": {
			"loop": true,
			"bones": {
				"tail": {
					"rotation": [43.04296, 0, 0]
				},
				"head": {
					"rotation": [21.70543, -3.20509, 1.96457]
				},
				"leg_left2": {
					"rotation": [-47.5, 0, 0]
				},
				"leg_left3": {
					"rotation": [42.5, 0, 0]
				},
				"keldo": {
					"rotation": [10, 0, 0],
					"position": [0, -1.1, 0]
				},
				"fur_front_right": {
					"rotation": [-12.5, 0, 0]
				},
				"core": {
					"rotation": [-2, 0, 0]
				},
				"tail3": {
					"rotation": [-23, 0, 0]
				},
				"neck": {
					"rotation": [-10, 0, 0]
				},
				"leg_right2": {
					"rotation": [-62.5, 0, 0]
				},
				"leg_right3": {
					"rotation": [27.5, 0, 0]
				},
				"backleg_left": {
					"rotation": [3, 0, 0]
				},
				"backleg_left2": {
					"rotation": [22, 0, 0]
				},
				"backleg_right": {
					"rotation": [-49.5, 0, 0]
				},
				"backleg_right2": {
					"rotation": [34.5, 0, 0]
				},
				"backleg_right3": {
					"rotation": [-2.5, 0, 0]
				},
				"backfoot_right": {
					"rotation": [10, 0, 0]
				},
				"pupil_right": {
					"position": [0, 0.4, 0]
				},
				"pupil_left": {
					"position": [0, 0.4, 0]
				},
				"leg_left": {
					"rotation": [40, 0, 0]
				}
			}
		},
		"animation.pokemans_keldeo.pose": {
			"loop": true,
			"bones": {
				"body": {
					"rotation": [5, 0, 0]
				},
				"tail": {
					"rotation": [-20.2614, -14.8687, 2.00307]
				},
				"neck": {
					"position": [0, 0.77274, -0.20706]
				},
				"head": {
					"rotation": [-12.6056, -54.81643, 62.93419],
					"position": [0.41739, 0.63028, 0.26179]
				},
				"leg_right2": {
					"rotation": [-10, 0, 0]
				},
				"leg_left2": {
					"rotation": [-7.5, 0, 0]
				},
				"leg_left3": {
					"rotation": [0, 0, 0],
					"position": [0, 0, 0]
				},
				"backleg_left": {
					"rotation": [12.5, 0, 0]
				},
				"core": {
					"rotation": [20.44582, 11.73507, 4.3361]
				},
				"backlegs": {
					"position": [2, 3, 0]
				},
				"booty": {
					"rotation": [30, 0, 0]
				},
				"hair3": {
					"rotation": [0, 10, 0],
					"position": [1.28025, 0, -0.22574]
				},
				"backleg_right": {
					"rotation": [65, 0, 0]
				},
				"eye_right": {
					"scale": 0
				},
				"backleg_right3": {
					"rotation": [12.5, 0, 0]
				},
				"iris_look_right": {
					"position": [0.1, 0, -0.1]
				}
			}
		},
		"animation.pokemans_keldeo.ground_walk": {
			"loop": true,
			"animation_length": 1,
			"bones": {
				"body": {
					"rotation": ["5+math.sin(q.anim_time*90*4+60)*4", 0, "math.sin(q.anim_time*90*4-30)*-0.7"]
				},
				"chest": {
					"rotation": ["math.sin(q.anim_time*90*4-60)*-4", 0, 0]
				},
				"core": {
					"rotation": ["math.sin(q.anim_time*90*4-60)*-8", 0, 0]
				},
				"tail": {
					"rotation": ["15+math.sin(q.anim_time*90*4-80)*6", "math.sin(q.anim_time*90*4)*2", "math.sin(q.anim_time*90*4)*6"]
				},
				"tail2": {
					"rotation": ["-10+math.sin(q.anim_time*90*4-80)*6", "math.sin(q.anim_time*90*4)*2", "math.sin(q.anim_time*90*4)*6"]
				},
				"neck": {
					"rotation": ["13+math.sin(q.anim_time*90*4-30)*7", 0, 0],
					"position": [0, 0, "-0.5+math.sin(q.anim_time*90*4-30)*0.2"]
				},
				"head": {
					"rotation": ["math.sin(q.anim_time*90*4-60)*-8", 0, 0]
				},
				"hair3": {
					"rotation": ["7.5+math.sin(q.anim_time*90*4-80)*6", "math.sin(q.anim_time*90*4)*2", "math.sin(q.anim_time*90*4)*6"]
				},
				"hair4": {
					"rotation": ["7.5+math.sin(q.anim_time*90*4-80)*6", "math.sin(q.anim_time*90*4)*2", "math.sin(q.anim_time*90*4)*6"]
				},
				"leg_left2": {
					"rotation": {
						"0.0": {
							"post": [12.5, 0, 0],
							"lerp_mode": "catmullrom"
						},
						"0.1667": {
							"post": [17.5, 0, 0],
							"lerp_mode": "catmullrom"
						},
						"0.3333": [-17.5, 0, 0],
						"0.5417": {
							"pre": [-57.5, 0, 0],
							"post": [-57.5, 0, 0],
							"lerp_mode": "catmullrom"
						},
						"0.7083": {
							"post": [-17.5, 0, 0],
							"lerp_mode": "catmullrom"
						},
						"1.0": {
							"post": [12.5, 0, 0],
							"lerp_mode": "catmullrom"
						}
					},
					"position": {
						"0.0": {
							"post": [0, 0, 0.5],
							"lerp_mode": "catmullrom"
						},
						"0.1667": {
							"post": [0, -0.75, 1.5],
							"lerp_mode": "catmullrom"
						},
						"0.3333": [0, -0.5, -0.5],
						"0.5417": {
							"pre": [0, -0.25, -1],
							"post": [0, -0.25, -1],
							"lerp_mode": "catmullrom"
						},
						"0.7083": {
							"post": [0, -2, -1],
							"lerp_mode": "catmullrom"
						},
						"0.875": {
							"post": [0, -0.25, -0.25],
							"lerp_mode": "catmullrom"
						},
						"1.0": {
							"post": [0, 0, 0.5],
							"lerp_mode": "catmullrom"
						}
					}
				},
				"leg_left3": {
					"rotation": {
						"0.0": {
							"post": [0, 0, 0],
							"lerp_mode": "catmullrom"
						},
						"0.3333": {
							"post": [50, 0, 0],
							"lerp_mode": "catmullrom"
						},
						"0.5417": {
							"post": [57.5, 0, 0],
							"lerp_mode": "catmullrom"
						},
						"0.7083": [0, 0, 0],
						"1.0": [0, 0, 0]
					}
				},
				"leg_right2": {
					"rotation": {
						"0.0": {
							"post": [-17.5, 0, 0],
							"lerp_mode": "catmullrom"
						},
						"0.2917": {
							"post": [12.5, 0, 0],
							"lerp_mode": "catmullrom"
						},
						"0.4583": {
							"post": [17.5, 0, 0],
							"lerp_mode": "catmullrom"
						},
						"0.625": [-17.5, 0, 0],
						"0.8333": {
							"pre": [-57.5, 0, 0],
							"post": [-57.5, 0, 0],
							"lerp_mode": "catmullrom"
						},
						"1.0": {
							"post": [-17.5, 0, 0],
							"lerp_mode": "catmullrom"
						}
					},
					"position": {
						"0.0": {
							"post": [0, -2, -1],
							"lerp_mode": "catmullrom"
						},
						"0.1667": {
							"post": [0, -0.25, -0.25],
							"lerp_mode": "catmullrom"
						},
						"0.2917": {
							"post": [0, 0, 0.5],
							"lerp_mode": "catmullrom"
						},
						"0.4583": {
							"post": [0, -0.75, 1.5],
							"lerp_mode": "catmullrom"
						},
						"0.625": [0, -0.5, -0.5],
						"0.8333": {
							"pre": [0, -0.25, -1],
							"post": [0, -0.25, -1],
							"lerp_mode": "catmullrom"
						},
						"1.0": {
							"post": [0, -2, -1],
							"lerp_mode": "catmullrom"
						}
					}
				},
				"leg_right3": {
					"rotation": {
						"0.0": [0, 0, 0],
						"0.2917": [0, 0, 0],
						"0.4583": [17.5, 0, 0],
						"0.625": {
							"pre": [50, 0, 0],
							"post": [50, 0, 0],
							"lerp_mode": "catmullrom"
						},
						"0.8333": {
							"post": [57.5, 0, 0],
							"lerp_mode": "catmullrom"
						},
						"1.0": [0, 0, 0]
					}
				},
				"backleg_left": {
					"rotation": {
						"0.0": [11.22, 0, 0],
						"0.0833": [3.5, 0, 0],
						"0.25": {
							"pre": [-12.5, 0, 0],
							"post": [-12.5, 0, 0],
							"lerp_mode": "catmullrom"
						},
						"0.4583": {
							"post": [-22.5, 0, 0],
							"lerp_mode": "catmullrom"
						},
						"0.75": {
							"post": [12.5, 0, 0],
							"lerp_mode": "catmullrom"
						},
						"0.875": {
							"post": [20, 0, 0],
							"lerp_mode": "catmullrom"
						},
						"1.0": [11.22, 0, 0]
					},
					"position": {
						"0.0": [0, 0.46, 0.44],
						"0.125": {
							"pre": [0, 1.25, -0.5],
							"post": [0, 1.25, -0.5],
							"lerp_mode": "catmullrom"
						},
						"0.4583": {
							"post": [0, -1, -1.25],
							"lerp_mode": "catmullrom"
						},
						"0.75": {
							"post": [0, -0.75, 0.75],
							"lerp_mode": "catmullrom"
						},
						"0.875": [0, -0.5, 0.75],
						"1.0": [0, 0.46, 0.44]
					}
				},
				"backleg_left3": {
					"rotation": {
						"0.0": {
							"post": [-8.91, 0, 0],
							"lerp_mode": "catmullrom"
						},
						"0.125": {
							"post": [-20, 0, 0],
							"lerp_mode": "catmullrom"
						},
						"0.2917": [-20, 0, 0],
						"0.4583": {
							"pre": [5, 0, 0],
							"post": [5, 0, 0],
							"lerp_mode": "catmullrom"
						},
						"0.75": {
							"post": [-2.5, 0, 0],
							"lerp_mode": "catmullrom"
						},
						"0.875": {
							"post": [7.5, 0, 0],
							"lerp_mode": "catmullrom"
						},
						"1.0": {
							"post": [-8.91, 0, 0],
							"lerp_mode": "catmullrom"
						}
					},
					"position": {
						"0.0": [0, 1.05, 0.35],
						"0.125": [0, 1.5, 0.5],
						"0.2917": [0, 1.5, 0.5],
						"0.4583": [0, 0.5, 0.5],
						"0.75": [0, 0, 0],
						"1.0": [0, 1.05, 0.35]
					}
				},
				"backleg_right": {
					"rotation": {
						"0.0": {
							"post": [8.94, 0, 0],
							"lerp_mode": "catmullrom"
						},
						"0.0417": {
							"post": [12.5, 0, 0],
							"lerp_mode": "catmullrom"
						},
						"0.1667": {
							"post": [20, 0, 0],
							"lerp_mode": "catmullrom"
						},
						"0.2917": [11.22, 0, 0],
						"0.375": [3.5, 0, 0],
						"0.5417": {
							"pre": [-12.5, 0, 0],
							"post": [-12.5, 0, 0],
							"lerp_mode": "catmullrom"
						},
						"0.75": {
							"post": [-22.5, 0, 0],
							"lerp_mode": "catmullrom"
						},
						"1.0": {
							"post": [8.94, 0, 0],
							"lerp_mode": "catmullrom"
						}
					},
					"position": {
						"0.0": {
							"post": [0, -0.78, 0.44],
							"lerp_mode": "catmullrom"
						},
						"0.0417": {
							"post": [0, -0.75, 0.75],
							"lerp_mode": "catmullrom"
						},
						"0.2083": [0, -0.5, 0.75],
						"0.4167": {
							"pre": [0, -1.23, 0.02],
							"post": [0, -1.23, 0.02],
							"lerp_mode": "catmullrom"
						},
						"0.75": {
							"post": [0, -1, -1.25],
							"lerp_mode": "catmullrom"
						},
						"1.0": {
							"post": [0, -0.78, 0.44],
							"lerp_mode": "catmullrom"
						}
					}
				},
				"backleg_right3": {
					"rotation": {
						"0.0": {
							"post": [-1.54588, 4.99819, -0.13472],
							"lerp_mode": "catmullrom"
						},
						"0.0417": {
							"post": [-2.5, 0, 0],
							"lerp_mode": "catmullrom"
						},
						"0.1667": {
							"post": [7.5, 0, 0],
							"lerp_mode": "catmullrom"
						},
						"0.2917": {
							"post": [-8.91, 0, 0],
							"lerp_mode": "catmullrom"
						},
						"0.4167": {
							"post": [-20, 0, 0],
							"lerp_mode": "catmullrom"
						},
						"0.5833": [-20, 0, 0],
						"0.75": {
							"pre": [5, 0, 0],
							"post": [5, 0, 0],
							"lerp_mode": "catmullrom"
						},
						"1.0": {
							"post": [-1.54, 0, 0],
							"lerp_mode": "catmullrom"
						}
					},
					"position": {
						"0.0": [0, 0.07, 0.07],
						"0.0417": [0, 0, 0],
						"0.2917": [0, 1.05, 0.35],
						"0.4167": [0, 1.5, 0.5],
						"0.5833": [0, 1.5, 0.5],
						"0.75": [0, 0.5, 0.5],
						"1.0": [0, 0.07, 0.07]
					}
				}
			}
		},
		"animation.pokemans_keldeo.blink": {
			"animation_length": 0.125,
			"bones": {
				"eye_right": {
					"position": {
						"0.0": [-0.06, 0, 0.13],
						"0.125": [0, 0, 0]
					}
				},
				"eye_left": {
					"position": {
						"0.0": [0.06, 0, 0.13],
						"0.125": [0, 0, 0]
					}
				}
			}
		},
		"animation.pokemans_keldeo.cry": {
			"animation_length": 1.4583,
			"bones": {
				"neck": {
					"rotation": {
						"0.0": [0, 0, 0],
						"0.0833": {
							"pre": [1, 0, 0],
							"post": [1, 0, 0],
							"lerp_mode": "catmullrom"
						},
						"0.375": {
							"post": [-7, 0, 0],
							"lerp_mode": "catmullrom"
						},
						"0.9583": {
							"post": [-4.5, 0, 0],
							"lerp_mode": "catmullrom"
						},
						"1.125": {
							"post": [2.05, 0, 0],
							"lerp_mode": "catmullrom"
						},
						"1.375": [0, 0, 0]
					}
				},
				"head": {
					"rotation": {
						"0.0": [0, 0, 0],
						"0.125": {
							"pre": [2, 0, 0],
							"post": [2, 0, 0],
							"lerp_mode": "catmullrom"
						},
						"0.4167": {
							"post": [-0.5, 0, 0],
							"lerp_mode": "catmullrom"
						},
						"1.0": {
							"post": [0.5, 0, 0],
							"lerp_mode": "catmullrom"
						},
						"1.1667": {
							"post": [3.8, 0, 0],
							"lerp_mode": "catmullrom"
						},
						"1.4583": [0, 0, 0]
					}
				},
				"jaw": {
					"rotation": {
						"0.2917": [0, 0, 0],
						"0.4583": {
							"pre": [27.5, 0, 0],
							"post": [27.5, 0, 0],
							"lerp_mode": "catmullrom"
						},
						"0.7083": {
							"post": [35, 0, 0],
							"lerp_mode": "catmullrom"
						},
						"1.0417": {
							"post": [27.5, 0, 0],
							"lerp_mode": "catmullrom"
						},
						"1.1667": [0, 0, 0]
					}
				}
			},
			"sound_effects": {
				"0.1": {
					"effect": "pokemon.keldeo.cry"
				}
			}
		},
		"animation.pokemans_keldeo.ground_idle": {
			"loop": true,
			"bones": {
				"body": {
					"rotation": ["math.sin(q.anim_time*90*2)*1", 0, 0],
					"position": [0, "-0.5+math.sin(q.anim_time*90*1.7-90)*0.1", 0]
				},
				"tail": {
					"rotation": ["-10+math.sin(q.anim_time*90*2)*5", 0, 0]
				},
				"tail2": {
					"rotation": ["0+math.sin(q.anim_time*90*2)*3", 0, 0]
				},
				"tail4": {
					"rotation": ["0+math.sin(q.anim_time*90*2)*3", 0, 0]
				},
				"neck": {
					"rotation": ["3+math.sin(q.anim_time*90*1-30)*2", 0, 0]
				},
				"head": {
					"rotation": ["3+math.sin(q.anim_time*90*2-30)*2", 0, 0]
				},
				"leg_left2": {
					"rotation": ["-2.5+math.sin(q.anim_time*90*2)*1", -8, -2.5],
					"position": [0, "-0.1+math.sin(q.anim_time*90*1)*0.1", 0.1]
				},
				"leg_left3": {
					"rotation": ["2.5+math.sin(q.anim_time*90*2)*-2", 0, 2.5]
				},
				"leg_right2": {
					"rotation": ["-2.5+math.sin(q.anim_time*90*2)*1", 8, 2.5],
					"position": [0, "-0.1+math.sin(q.anim_time*90*1)*0.1", 0.1]
				},
				"leg_right3": {
					"rotation": ["2.5+math.sin(q.anim_time*90*2)*-2", 0, -2.5]
				},
				"backleg_left": {
					"rotation": ["-2+math.sin(q.anim_time*90*2)*2", 5, -5],
					"position": [0, "math.sin(q.anim_time*90*2)*0.1", 0]
				},
				"backleg_left3": {
					"rotation": ["2+math.sin(q.anim_time*90*2)*-3", -5, 5],
					"position": [-0.13, "math.sin(q.anim_time*90*2)*-0.3", 0]
				},
				"backleg_right": {
					"rotation": ["-2+math.sin(q.anim_time*90*2)*2", -5, 5],
					"position": [0, "math.sin(q.anim_time*90*2)*0.1", 0]
				},
				"backleg_right3": {
					"rotation": ["0.935-math.sin(q.anim_time*90*2)*3", -4.93735, -0.01848],
					"position": [-0.13, "math.sin(q.anim_time*90*2)*-0.3", 0]
				}
			}
		},
		"animation.pokemans_keldeo.battle_idle": {
			"loop": true,
			"bones": {
				"body": {
					"rotation": ["12.5+math.sin(q.anim_time*90*2+60)*1", 0, "math.sin(q.anim_time*90*2-30)*-0.2"]
				},
				"chest": {
					"rotation": [7.5, 0, 0],
					"position": [0, -0.89, -0.21]
				},
				"fur_front_right": {
					"rotation": [-15, 0, 0]
				},
				"fur_front_left": {
					"rotation": [-12.5, 0, 0]
				},
				"booty": {
					"rotation": ["7.5+math.sin(q.anim_time*90*2+60)*1", 0, "math.sin(q.anim_time*90*2-30)*-0.2"]
				},
				"tail": {
					"rotation": ["-35+math.sin(q.anim_time*90*2-80)*2", "Math.cos((query.anim_time) * 90 * 2 - 90) * -5", 0]
				},
				"tail2": {
					"rotation": [22.5, 0, 0]
				},
				"neck": {
					"rotation": [15, 0, 0]
				},
				"head": {
					"rotation": ["-19.5+math.sin(q.anim_time*90*2-30)*2", 0, 0]
				},
				"leg_left2": {
					"rotation": [-15, 0, -10],
					"position": [0, -1, -2]
				},
				"leg_left3": {
					"rotation": [14.87739, -1.93597, 7.24721]
				},
				"leg_right2": {
					"rotation": [-15, 0, 10],
					"position": [0, -1, -2]
				},
				"leg_right3": {
					"rotation": [14.87739, 1.93597, -7.24721]
				},
				"backleg_left": {
					"rotation": ["-2+math.sin(q.anim_time*90*2)*2", 5, -5],
					"position": [0, "math.sin(q.anim_time*90*2)*0.1", 0]
				},
				"backleg_left3": {
					"rotation": ["2+math.sin(q.anim_time*90*2)*-3", -5, 5],
					"position": [-0.13, "math.sin(q.anim_time*90*2)*-0.3", 0]
				},
				"backleg_right": {
					"rotation": ["-2+math.sin(q.anim_time*90*2)*2", -5, 5],
					"position": [0, "math.sin(q.anim_time*90*2)*0.1", 0]
				},
				"backleg_right3": {
					"rotation": ["0.935-math.sin(q.anim_time*90*2)*3", -4.93735, -0.01848],
					"position": [-0.13, "math.sin(q.anim_time*90*2)*-0.3", 0]
				}
			}
		},
		"animation.pokemans_keldeo.faint": {
			"animation_length": 1.5417,
			"bones": {
				"body": {
					"rotation": {
						"0.0": {
							"post": [0, 0, 0],
							"lerp_mode": "catmullrom"
						},
						"0.375": {
							"post": [22.99008, -11.53486, -4.8493],
							"lerp_mode": "catmullrom"
						},
						"0.7083": {
							"post": [0, 0, 0],
							"lerp_mode": "catmullrom"
						},
						"0.875": {
							"post": [0, 0, -4],
							"lerp_mode": "catmullrom"
						},
						"1.0": {
							"post": [0, 0, -18.5],
							"lerp_mode": "catmullrom"
						},
						"1.0833": {
							"post": [0, 0, -60.5],
							"lerp_mode": "catmullrom"
						},
						"1.1667": {
							"post": [0, 0, -85],
							"lerp_mode": "catmullrom"
						},
						"1.2917": {
							"post": [0, 0, -84.86],
							"lerp_mode": "catmullrom"
						},
						"1.4583": {
							"post": [0, 0, -82.5],
							"lerp_mode": "catmullrom"
						}
					},
					"position": {
						"0.0": {
							"post": [0, 0, 0],
							"lerp_mode": "catmullrom"
						},
						"0.375": {
							"post": [0, -1, 0],
							"lerp_mode": "catmullrom"
						},
						"0.4583": {
							"post": [0, 0, 0],
							"lerp_mode": "catmullrom"
						},
						"0.5417": {
							"post": [0, 0.2, 0],
							"lerp_mode": "catmullrom"
						},
						"0.625": {
							"post": [0, 0.1, 0],
							"lerp_mode": "catmullrom"
						},
						"0.7083": {
							"post": [0, 1.25, 0],
							"lerp_mode": "catmullrom"
						},
						"0.8333": {
							"post": [0, 0.25, 0],
							"lerp_mode": "catmullrom"
						},
						"0.9583": {
							"post": [0, 0, 0],
							"lerp_mode": "catmullrom"
						}
					}
				},
				"fur_front_right": {
					"rotation": {
						"0.0": {
							"post": [0, 0, 0],
							"lerp_mode": "catmullrom"
						},
						"0.2083": {
							"post": [-17.5, 0, 0],
							"lerp_mode": "catmullrom"
						}
					}
				},
				"tail": {
					"rotation": {
						"0.0": {
							"post": [0, 0, 0],
							"lerp_mode": "catmullrom"
						},
						"1.5417": {
							"post": [-0.4425, 10.53175, -2.48255],
							"lerp_mode": "catmullrom"
						}
					}
				},
				"tail3": {
					"rotation": {
						"0.0": {
							"post": [0, 0, 0],
							"lerp_mode": "catmullrom"
						},
						"1.5417": {
							"post": [0, 10, 0],
							"lerp_mode": "catmullrom"
						}
					}
				},
				"tail4": {
					"rotation": {
						"0.0": {
							"post": [0, 0, 0],
							"lerp_mode": "catmullrom"
						},
						"1.5417": {
							"post": [0, -7.5, 0],
							"lerp_mode": "catmullrom"
						}
					}
				},
				"neck": {
					"rotation": {
						"0.0": {
							"post": [0, 0, 0],
							"lerp_mode": "catmullrom"
						},
						"0.5": {
							"post": [10, 0, 0],
							"lerp_mode": "catmullrom"
						},
						"1.5417": {
							"post": [2.35932, 2.24944, -7.15656],
							"lerp_mode": "catmullrom"
						}
					}
				},
				"head": {
					"rotation": {
						"0.0": {
							"post": [0, 0, 0],
							"lerp_mode": "catmullrom"
						},
						"0.375": {
							"post": [10, 0, 0],
							"lerp_mode": "catmullrom"
						},
						"0.7917": {
							"post": [23.67, 0, 0],
							"lerp_mode": "catmullrom"
						},
						"1.5417": {
							"post": [0.34031, 14.96537, -13.54092],
							"lerp_mode": "catmullrom"
						}
					}
				},
				"leg_left2": {
					"rotation": {
						"0.0": {
							"post": [0, 0, 0],
							"lerp_mode": "catmullrom"
						},
						"0.2083": {
							"post": [25.92194, -2.47095, -12.23375],
							"lerp_mode": "catmullrom"
						},
						"1.5417": {
							"post": [18.85466, -18.28581, 25.27356],
							"lerp_mode": "catmullrom"
						}
					},
					"position": {
						"0.0": {
							"post": [0, 0, 0],
							"lerp_mode": "catmullrom"
						},
						"0.2083": {
							"post": [2, -2, 2],
							"lerp_mode": "catmullrom"
						},
						"1.5417": {
							"post": [4, -1, 0],
							"lerp_mode": "catmullrom"
						}
					}
				},
				"leg_left3": {
					"rotation": {
						"0.0": {
							"post": [0, 0, 0],
							"lerp_mode": "catmullrom"
						},
						"0.2083": {
							"post": [-40, 0, 0],
							"lerp_mode": "catmullrom"
						},
						"1.5417": {
							"post": [-17.25002, -2.99318, -9.54589],
							"lerp_mode": "catmullrom"
						}
					}
				},
				"leg_right2": {
					"rotation": {
						"0.0": {
							"post": [0, 0, 0],
							"lerp_mode": "catmullrom"
						},
						"0.2083": {
							"post": [-14.87739, -1.93597, 2.75279],
							"lerp_mode": "catmullrom"
						},
						"1.5417": {
							"post": [-27.37739, -1.93597, 2.75279],
							"lerp_mode": "catmullrom"
						}
					},
					"position": {
						"0.0": {
							"post": [0, 0, 0],
							"lerp_mode": "catmullrom"
						},
						"0.2083": {
							"post": [1, -2, 2],
							"lerp_mode": "catmullrom"
						}
					}
				},
				"leg_right3": {
					"rotation": {
						"0.0": {
							"post": [0, 0, 0],
							"lerp_mode": "catmullrom"
						},
						"0.2083": {
							"post": [7.5, 0, 0],
							"lerp_mode": "catmullrom"
						},
						"1.5417": {
							"post": [-15, 0, 0],
							"lerp_mode": "catmullrom"
						}
					}
				},
				"backleg_left": {
					"rotation": {
						"0.0": {
							"post": [0, 0, 0],
							"lerp_mode": "catmullrom"
						},
						"1.5417": {
							"post": [7.48295, -0.3918, 4.98466],
							"lerp_mode": "catmullrom"
						}
					}
				},
				"backleg_left3": {
					"rotation": {
						"0.0": {
							"post": [0, 0, 0],
							"lerp_mode": "catmullrom"
						},
						"1.5417": {
							"post": [14.65993, -3.21132, 12.08681],
							"lerp_mode": "catmullrom"
						}
					}
				},
				"backleg_right": {
					"rotation": {
						"0.0": {
							"post": [0, 0, 0],
							"lerp_mode": "catmullrom"
						},
						"1.5417": {
							"post": [17.5, 0, 0],
							"lerp_mode": "catmullrom"
						}
					}
				},
				"backleg_right2": {
					"rotation": {
						"0.0": {
							"post": [0, 0, 0],
							"lerp_mode": "catmullrom"
						},
						"1.5417": {
							"post": [0, 0, -5],
							"lerp_mode": "catmullrom"
						}
					}
				},
				"backleg_right3": {
					"rotation": {
						"0.0": {
							"post": [0, 0, 0],
							"lerp_mode": "catmullrom"
						},
						"1.5417": {
							"post": [51.83416, 9.88744, -7.68615],
							"lerp_mode": "catmullrom"
						}
					}
				},
				"legs": {
					"rotation": {
						"0.7083": {
							"pre": [0, 0, 0],
							"post": [0, 0, 0],
							"lerp_mode": "catmullrom"
						},
						"0.875": {
							"post": [0, 0, -4],
							"lerp_mode": "catmullrom"
						},
						"1.0": {
							"post": [0, 0, -18.5],
							"lerp_mode": "catmullrom"
						},
						"1.0833": {
							"post": [0, 0, -60.5],
							"lerp_mode": "catmullrom"
						},
						"1.1667": {
							"post": [0, 0, -85],
							"lerp_mode": "catmullrom"
						},
						"1.2917": {
							"post": [0, 0, -84.86],
							"lerp_mode": "catmullrom"
						},
						"1.4583": {
							"post": [0, 0, -82.5],
							"lerp_mode": "catmullrom"
						}
					},
					"position": {
						"0.4583": {
							"pre": [0, 0, 0],
							"post": [0, 0, 0],
							"lerp_mode": "catmullrom"
						},
						"0.5417": {
							"post": [0, 0.2, 0],
							"lerp_mode": "catmullrom"
						},
						"0.625": {
							"post": [0, 0.1, 0],
							"lerp_mode": "catmullrom"
						},
						"0.7083": {
							"post": [0, 1.25, 0],
							"lerp_mode": "catmullrom"
						},
						"0.8333": {
							"post": [0, 0.25, 0],
							"lerp_mode": "catmullrom"
						},
						"0.9583": {
							"post": [0, 0, 0],
							"lerp_mode": "catmullrom"
						}
					}
				}
			}
		},
		"animation.pokemans_keldeo.physical": {
			"animation_length": 2,
			"bones": {
				"tail": {
					"rotation": {
						"0.0": {
							"post": [0, 0, 0],
							"lerp_mode": "catmullrom"
						},
						"0.8333": {
							"post": [10, 0, 0],
							"lerp_mode": "catmullrom"
						},
						"1.25": {
							"post": [-12.5, 0, 0],
							"lerp_mode": "catmullrom"
						},
						"1.9167": {
							"post": [0, 0, 0],
							"lerp_mode": "catmullrom"
						}
					}
				},
				"tail2": {
					"rotation": {
						"0.0": {
							"post": [0, 0, 0],
							"lerp_mode": "catmullrom"
						},
						"0.8333": {
							"post": [17.5, 0, 0],
							"lerp_mode": "catmullrom"
						},
						"1.25": {
							"post": [12.5, 0, 0],
							"lerp_mode": "catmullrom"
						},
						"1.9167": {
							"post": [0, 0, 0],
							"lerp_mode": "catmullrom"
						}
					}
				},
				"tail3": {
					"rotation": {
						"0.0": {
							"post": [0, 0, 0],
							"lerp_mode": "catmullrom"
						},
						"0.8333": {
							"post": [20, 0, 0],
							"lerp_mode": "catmullrom"
						},
						"1.25": {
							"post": [45, 0, 0],
							"lerp_mode": "catmullrom"
						},
						"1.9167": {
							"post": [0, 0, 0],
							"lerp_mode": "catmullrom"
						}
					}
				},
				"tail4": {
					"rotation": {
						"0.0": {
							"post": [0, 0, 0],
							"lerp_mode": "catmullrom"
						},
						"1.25": {
							"post": [-32.5, 0, 0],
							"lerp_mode": "catmullrom"
						},
						"1.9167": {
							"post": [0, 0, 0],
							"lerp_mode": "catmullrom"
						}
					}
				},
				"neck": {
					"rotation": {
						"0.2083": {
							"pre": [0, 0, 0],
							"post": [0, 0, 0],
							"lerp_mode": "catmullrom"
						},
						"0.8333": {
							"post": [62.5, 0, 0],
							"lerp_mode": "catmullrom"
						},
						"1.9167": {
							"post": [0, 0, 0],
							"lerp_mode": "catmullrom"
						}
					}
				},
				"head": {
					"rotation": {
						"0.2917": {
							"pre": [0, 0, 0],
							"post": [0, 0, 0],
							"lerp_mode": "catmullrom"
						},
						"1.0": {
							"post": [-25, 0, 0],
							"lerp_mode": "catmullrom"
						},
						"2.0": {
							"post": [0, 0, 0],
							"lerp_mode": "catmullrom"
						}
					}
				},
				"hair2": {
					"rotation": {
						"1.0": {
							"pre": [0, 0, 0],
							"post": [0, 0, 0],
							"lerp_mode": "catmullrom"
						}
					}
				},
				"hair3": {
					"rotation": {
						"1.0": {
							"pre": [0, 0, 0],
							"post": [0, 0, 0],
							"lerp_mode": "catmullrom"
						},
						"1.0833": {
							"post": [15, 0, 0],
							"lerp_mode": "catmullrom"
						},
						"1.875": {
							"post": [0, 0, 0],
							"lerp_mode": "catmullrom"
						}
					}
				},
				"hair4": {
					"rotation": {
						"1.0": {
							"pre": [0, 0, 0],
							"post": [0, 0, 0],
							"lerp_mode": "catmullrom"
						},
						"1.0833": {
							"post": [20, 0, 0],
							"lerp_mode": "catmullrom"
						},
						"1.875": {
							"post": [0, 0, 0],
							"lerp_mode": "catmullrom"
						}
					}
				},
				"hair5": {
					"rotation": {
						"1.0": {
							"pre": [0, 0, 0],
							"post": [0, 0, 0],
							"lerp_mode": "catmullrom"
						},
						"1.0833": {
							"post": [7.5, 0, 0],
							"lerp_mode": "catmullrom"
						},
						"1.875": {
							"post": [0, 0, 0],
							"lerp_mode": "catmullrom"
						}
					}
				},
				"leg_left2": {
					"rotation": {
						"0.0": {
							"post": [0, 0, 0],
							"lerp_mode": "catmullrom"
						},
						"0.5833": {
							"post": [-22.5, 0, 0],
							"lerp_mode": "catmullrom"
						},
						"1.0": {
							"post": [0, 0, 0],
							"lerp_mode": "catmullrom"
						},
						"1.0833": {
							"post": [32.5, 0, 0],
							"lerp_mode": "catmullrom"
						},
						"1.5": {
							"post": [10, 0, 0],
							"lerp_mode": "catmullrom"
						},
						"1.7083": {
							"post": [-33.91, 0, 0],
							"lerp_mode": "catmullrom"
						},
						"1.9167": {
							"post": [0, 0, 0],
							"lerp_mode": "catmullrom"
						}
					},
					"position": {
						"0.0": {
							"post": [0, 0, 0],
							"lerp_mode": "catmullrom"
						},
						"1.0833": {
							"post": [0, 0, 0],
							"lerp_mode": "catmullrom"
						},
						"1.5": {
							"post": [0, -1, 0],
							"lerp_mode": "catmullrom"
						},
						"1.9167": {
							"post": [0, 0, 0],
							"lerp_mode": "catmullrom"
						}
					}
				},
				"leg_left3": {
					"rotation": {
						"0.0": {
							"post": [0, 0, 0],
							"lerp_mode": "catmullrom"
						},
						"0.5833": {
							"post": [20, 0, 0],
							"lerp_mode": "catmullrom"
						},
						"1.0": {
							"post": [0, 0, 0],
							"lerp_mode": "catmullrom"
						},
						"1.0833": {
							"post": [22.5, 0, 0],
							"lerp_mode": "catmullrom"
						},
						"1.5": {
							"post": [7.5, 0, 0],
							"lerp_mode": "catmullrom"
						},
						"1.7083": {
							"post": [20.31, 0, 0],
							"lerp_mode": "catmullrom"
						},
						"1.9167": {
							"post": [0, 0, 0],
							"lerp_mode": "catmullrom"
						}
					}
				},
				"leg_right2": {
					"rotation": {
						"0.0": {
							"post": [0, 0, 0],
							"lerp_mode": "catmullrom"
						},
						"0.375": {
							"post": [22.5, 0, 0],
							"lerp_mode": "catmullrom"
						},
						"1.0": {
							"post": [0, 0, 0],
							"lerp_mode": "catmullrom"
						},
						"1.0833": {
							"post": [15, 0, 0],
							"lerp_mode": "catmullrom"
						},
						"1.5": {
							"post": [-37.5, 0, 0],
							"lerp_mode": "catmullrom"
						},
						"1.7083": {
							"post": [7.97, 0, 0],
							"lerp_mode": "catmullrom"
						},
						"1.9167": {
							"post": [0, 0, 0],
							"lerp_mode": "catmullrom"
						}
					},
					"position": {
						"0.0": {
							"post": [0, 0, 0],
							"lerp_mode": "catmullrom"
						},
						"1.0833": {
							"post": [0, 0, 0],
							"lerp_mode": "catmullrom"
						},
						"1.5": {
							"post": [0, -2, 0],
							"lerp_mode": "catmullrom"
						},
						"1.9167": {
							"post": [0, 0, 0],
							"lerp_mode": "catmullrom"
						}
					}
				},
				"leg_right3": {
					"rotation": {
						"0.0": {
							"post": [0, 0, 0],
							"lerp_mode": "catmullrom"
						},
						"0.375": {
							"post": [20, 0, 0],
							"lerp_mode": "catmullrom"
						},
						"1.0": {
							"post": [0, 0, 0],
							"lerp_mode": "catmullrom"
						},
						"1.0833": {
							"post": [27.5, 0, 0],
							"lerp_mode": "catmullrom"
						},
						"1.5": {
							"post": [20, 0, 0],
							"lerp_mode": "catmullrom"
						},
						"1.7083": {
							"post": [19.53, 0, 0],
							"lerp_mode": "catmullrom"
						},
						"1.9167": {
							"post": [0, 0, 0],
							"lerp_mode": "catmullrom"
						}
					}
				},
				"backleg_left": {
					"rotation": {
						"0.0": {
							"post": [0, 0, 0],
							"lerp_mode": "catmullrom"
						},
						"0.375": {
							"post": [20, 0, 0],
							"lerp_mode": "catmullrom"
						},
						"1.0": {
							"post": [0, 0, 0],
							"lerp_mode": "catmullrom"
						},
						"1.0833": {
							"post": [12.5, 0, 0],
							"lerp_mode": "catmullrom"
						},
						"1.5": {
							"post": [-27.5, 0, 0],
							"lerp_mode": "catmullrom"
						},
						"1.7083": {
							"post": [6.25, 0, 0],
							"lerp_mode": "catmullrom"
						},
						"1.9167": {
							"post": [0, 0, 0],
							"lerp_mode": "catmullrom"
						}
					},
					"position": {
						"0.0": {
							"post": [0, 0, 0],
							"lerp_mode": "catmullrom"
						},
						"1.0833": {
							"post": [0, 0, 0],
							"lerp_mode": "catmullrom"
						},
						"1.5": {
							"post": [0, 1, 0],
							"lerp_mode": "catmullrom"
						},
						"1.9167": {
							"post": [0, 0, 0],
							"lerp_mode": "catmullrom"
						}
					}
				},
				"backleg_left3": {
					"rotation": {
						"0.0": {
							"post": [0, 0, 0],
							"lerp_mode": "catmullrom"
						},
						"0.375": {
							"post": [22.5, 0, 0],
							"lerp_mode": "catmullrom"
						},
						"1.0": {
							"post": [0, 0, 0],
							"lerp_mode": "catmullrom"
						},
						"1.0833": {
							"post": [32.5, 0, 0],
							"lerp_mode": "catmullrom"
						},
						"1.5": {
							"post": [17.5, 0, 0],
							"lerp_mode": "catmullrom"
						},
						"1.7083": {
							"post": [30.31, 0, 0],
							"lerp_mode": "catmullrom"
						},
						"1.9167": {
							"post": [0, 0, 0],
							"lerp_mode": "catmullrom"
						}
					}
				},
				"backleg_right": {
					"rotation": {
						"0.0": {
							"post": [0, 0, 0],
							"lerp_mode": "catmullrom"
						},
						"0.5833": {
							"post": [-10, 0, 0],
							"lerp_mode": "catmullrom"
						},
						"1.0": {
							"post": [0, 0, 0],
							"lerp_mode": "catmullrom"
						},
						"1.0833": {
							"post": [20, 0, 0],
							"lerp_mode": "catmullrom"
						},
						"1.5": {
							"post": [22.5, 0, 0],
							"lerp_mode": "catmullrom"
						},
						"1.7083": {
							"post": [-11.09, 0, 0],
							"lerp_mode": "catmullrom"
						},
						"1.9167": {
							"post": [0, 0, 0],
							"lerp_mode": "catmullrom"
						}
					},
					"position": {
						"0.0": {
							"post": [0, 0, 0],
							"lerp_mode": "catmullrom"
						},
						"1.0833": {
							"post": [0, 0, 0],
							"lerp_mode": "catmullrom"
						},
						"1.5": {
							"post": [0, -2, 0],
							"lerp_mode": "catmullrom"
						},
						"1.7083": {
							"post": [0, 0, 0],
							"lerp_mode": "catmullrom"
						},
						"1.9167": {
							"post": [0, 0, 0],
							"lerp_mode": "catmullrom"
						}
					}
				},
				"backleg_right3": {
					"rotation": {
						"0.0": {
							"post": [0, 0, 0],
							"lerp_mode": "catmullrom"
						},
						"0.5833": {
							"post": [10, 0, 0],
							"lerp_mode": "catmullrom"
						},
						"1.0": {
							"post": [0, 0, 0],
							"lerp_mode": "catmullrom"
						},
						"1.0833": {
							"post": [42.5, 0, 0],
							"lerp_mode": "catmullrom"
						},
						"1.5": {
							"post": [5, 0, 0],
							"lerp_mode": "catmullrom"
						},
						"1.7083": {
							"post": [-7.34, 0, 0],
							"lerp_mode": "catmullrom"
						},
						"1.9167": {
							"post": [0, 0, 0],
							"lerp_mode": "catmullrom"
						}
					}
				},
				"body": {
					"position": {
						"0.0": {
							"post": [0, 0, 0],
							"lerp_mode": "catmullrom"
						},
						"0.2083": {
							"post": [0, 0, 0],
							"lerp_mode": "catmullrom"
						},
						"0.3333": {
							"post": [0, 0, 2],
							"lerp_mode": "catmullrom"
						},
						"0.4583": {
							"post": [0, 0, 6.6],
							"lerp_mode": "catmullrom"
						},
						"0.7083": {
							"post": [0, 0, 10.46],
							"lerp_mode": "catmullrom"
						},
						"0.9167": {
							"post": [0, 0, 13.87],
							"lerp_mode": "catmullrom"
						},
						"1.0417": {
							"post": [0, 0, 15.54],
							"lerp_mode": "catmullrom"
						},
						"1.125": {
							"post": [0, 0, -25.36],
							"lerp_mode": "catmullrom"
						},
						"1.1667": {
							"post": [0, 4.32, -29.57],
							"lerp_mode": "catmullrom"
						},
						"1.2083": {
							"post": [0, 4.75, -24.71],
							"lerp_mode": "catmullrom"
						},
						"1.5": {
							"post": [0, 0, -19.66],
							"lerp_mode": "catmullrom"
						},
						"1.875": {
							"post": [0, 0, 0],
							"lerp_mode": "catmullrom"
						},
						"1.9167": {
							"post": [0, 0, 0],
							"lerp_mode": "catmullrom"
						}
					}
				},
				"legs": {
					"position": {
						"0.0": {
							"post": [0, 0, 0],
							"lerp_mode": "catmullrom"
						},
						"0.2083": {
							"post": [0, 0, 0],
							"lerp_mode": "catmullrom"
						},
						"0.3333": {
							"post": [0, 0, 2],
							"lerp_mode": "catmullrom"
						},
						"0.4583": {
							"post": [0, 0, 6.6],
							"lerp_mode": "catmullrom"
						},
						"0.7083": {
							"post": [0, 0, 10.46],
							"lerp_mode": "catmullrom"
						},
						"0.9167": {
							"post": [0, 0, 13.87],
							"lerp_mode": "catmullrom"
						},
						"1.0417": {
							"post": [0, 0, 15.54],
							"lerp_mode": "catmullrom"
						},
						"1.125": {
							"post": [0, 0, -25.36],
							"lerp_mode": "catmullrom"
						},
						"1.1667": {
							"post": [0, 4.32, -29.57],
							"lerp_mode": "catmullrom"
						},
						"1.2083": {
							"post": [0, 4.75, -24.71],
							"lerp_mode": "catmullrom"
						},
						"1.5": {
							"post": [0, 0, -19.66],
							"lerp_mode": "catmullrom"
						},
						"1.875": {
							"post": [0, 0, 0],
							"lerp_mode": "catmullrom"
						},
						"1.9167": {
							"post": [0, 0, 0],
							"lerp_mode": "catmullrom"
						}
					}
				}
			}
		}
	}
}