{
	"credit": "Made with Blockbench",
	"texture_size": [64, 64],
	"textures": {
		"0": "item/custom/busteraxe",
		"particle": "item/custom/busteraxe_e"
	},
	"elements": [
		{
			"from": [7.1499, -0.0001, 7.1499],
			"to": [8.8501, 1.1001, 8.8501],
			"faces": {
				"north": {"uv": [7.5, 5, 8, 5.25], "texture": "#0"},
				"east": {"uv": [7.75, 1.75, 8.25, 2], "texture": "#0"},
				"south": {"uv": [7.75, 2, 8.25, 2.25], "texture": "#0"},
				"west": {"uv": [7.75, 2.25, 8.25, 2.5], "texture": "#0"},
				"up": {"uv": [7, 1.75, 6.5, 1.25], "texture": "#0"},
				"down": {"uv": [2, 6.5, 1.5, 7], "texture": "#0"}
			}
		},
		{
			"from": [15.05, -10.6, 7.25],
			"to": [15.55, -9.1, 8.75],
			"rotation": {"angle": 45, "axis": "z", "origin": [-0.1, -13, 0]},
			"faces": {
				"north": {"uv": [7.75, 0, 8, 0.5], "texture": "#0"},
				"east": {"uv": [6.5, 0.75, 7, 1.25], "texture": "#0"},
				"south": {"uv": [0.25, 7.75, 0.5, 8.25], "texture": "#0"},
				"west": {"uv": [1, 6.5, 1.5, 7], "texture": "#0"},
				"up": {"uv": [8, 1, 7.75, 0.5], "texture": "#0"},
				"down": {"uv": [1.75, 7.75, 1.5, 8.25], "texture": "#0"}
			}
		},
		{
			"from": [-4.3, 0.65, 7.25],
			"to": [-3.8, 2.65, 8.75],
			"rotation": {"angle": -45, "axis": "z", "origin": [-0.1, -13, 0]},
			"faces": {
				"north": {"uv": [7, 7.5, 7.25, 8], "texture": "#0"},
				"east": {"uv": [6.25, 4.75, 6.75, 5.25], "texture": "#0"},
				"south": {"uv": [7.25, 7.5, 7.5, 8], "texture": "#0"},
				"west": {"uv": [6, 6.25, 6.5, 6.75], "texture": "#0"},
				"up": {"uv": [7.75, 7.75, 7.5, 7.25], "texture": "#0"},
				"down": {"uv": [0.25, 7.75, 0, 8.25], "texture": "#0"}
			}
		},
		{
			"from": [-2.8, 0.65, 7.25],
			"to": [-2.3, 2.65, 8.75],
			"rotation": {"angle": -45, "axis": "z", "origin": [-0.1, -13, 0]},
			"faces": {
				"north": {"uv": [6.25, 7.5, 6.5, 8], "texture": "#0"},
				"east": {"uv": [6.25, 3.75, 6.75, 4.25], "texture": "#0"},
				"south": {"uv": [6.5, 7.5, 6.75, 8], "texture": "#0"},
				"west": {"uv": [6.25, 4.25, 6.75, 4.75], "texture": "#0"},
				"up": {"uv": [7.75, 7, 7.5, 6.5], "texture": "#0"},
				"down": {"uv": [7, 7.5, 6.75, 8], "texture": "#0"}
			}
		},
		{
			"from": [13.55, -10.6, 7.25],
			"to": [14.05, -9.1, 8.75],
			"rotation": {"angle": 45, "axis": "z", "origin": [-0.1, -13, 0]},
			"faces": {
				"north": {"uv": [0.5, 7.5, 0.75, 8], "texture": "#0"},
				"east": {"uv": [2, 6.25, 2.5, 6.75], "texture": "#0"},
				"south": {"uv": [5.25, 7.5, 5.5, 8], "texture": "#0"},
				"west": {"uv": [6.25, 2.5, 6.75, 3], "texture": "#0"},
				"up": {"uv": [5.75, 8, 5.5, 7.5], "texture": "#0"},
				"down": {"uv": [6.25, 7.5, 6, 8], "texture": "#0"}
			}
		},
		{
			"from": [14.13, -10.2, 7.4],
			"to": [14.93, -9.4, 8.65],
			"rotation": {"angle": 45, "axis": "z", "origin": [-0.1, -13, 0]},
			"faces": {
				"north": {"uv": [8, 6, 8.25, 6.25], "texture": "#0"},
				"east": {"uv": [6.75, 8, 7, 8.25], "texture": "#0"},
				"south": {"uv": [7, 8, 7.25, 8.25], "texture": "#0"},
				"west": {"uv": [7.25, 8, 7.5, 8.25], "texture": "#0"},
				"up": {"uv": [8.25, 7.5, 8, 7.25], "texture": "#0"},
				"down": {"uv": [8.25, 7.5, 8, 7.75], "texture": "#0"}
			}
		},
		{
			"from": [-1.05, 20.799, 7.099],
			"to": [-0.698, 22.851, 8.901],
			"rotation": {"angle": -45, "axis": "z", "origin": [-0.1, 10.5, 0]},
			"faces": {
				"north": {"uv": [7.75, 7.25, 8, 7.75], "texture": "#0"},
				"east": {"uv": [3, 6.75, 3.5, 7.25], "texture": "#0"},
				"south": {"uv": [7.5, 7.75, 7.75, 8.25], "texture": "#0"},
				"west": {"uv": [6.75, 3.5, 7.25, 4], "texture": "#0"},
				"up": {"uv": [8, 8.25, 7.75, 7.75], "texture": "#0"},
				"down": {"uv": [8.25, 0, 8, 0.5], "texture": "#0"}
			}
		},
		{
			"from": [-0.801, 22.449, 7.099],
			"to": [0.751, 22.849, 8.901],
			"rotation": {"angle": -45, "axis": "z", "origin": [-0.1, 10.5, 0]},
			"faces": {
				"north": {"uv": [7.75, 6.25, 8.25, 6.5], "texture": "#0"},
				"east": {"uv": [7.75, 6.5, 8.25, 6.75], "texture": "#0"},
				"south": {"uv": [7.75, 6.75, 8.25, 7], "texture": "#0"},
				"west": {"uv": [7.75, 7, 8.25, 7.25], "texture": "#0"},
				"up": {"uv": [7.25, 2.75, 6.75, 2.25], "texture": "#0"},
				"down": {"uv": [3, 6.75, 2.5, 7.25], "texture": "#0"}
			}
		},
		{
			"from": [0.699, 20.799, 7.099],
			"to": [1.051, 22.851, 8.901],
			"rotation": {"angle": -45, "axis": "z", "origin": [-0.1, 10.5, 0]},
			"faces": {
				"north": {"uv": [5, 7.75, 5.25, 8.25], "texture": "#0"},
				"east": {"uv": [6.5, 6.25, 7, 6.75], "texture": "#0"},
				"south": {"uv": [7.75, 5.25, 8, 5.75], "texture": "#0"},
				"west": {"uv": [2, 6.75, 2.5, 7.25], "texture": "#0"},
				"up": {"uv": [6, 8.25, 5.75, 7.75], "texture": "#0"},
				"down": {"uv": [8, 5.75, 7.75, 6.25], "texture": "#0"}
			}
		},
		{
			"from": [-0.701, 20.8, 7.099],
			"to": [0.751, 21.2, 8.901],
			"rotation": {"angle": -45, "axis": "z", "origin": [-0.1, 10.5, 0]},
			"faces": {
				"north": {"uv": [6.5, 2.25, 6.75, 2.5], "texture": "#0"},
				"east": {"uv": [7.75, 4, 8.25, 4.25], "texture": "#0"},
				"south": {"uv": [6.5, 3.5, 6.75, 3.75], "texture": "#0"},
				"west": {"uv": [4.25, 7.75, 4.75, 8], "texture": "#0"},
				"up": {"uv": [8, 4.75, 7.75, 4.25], "texture": "#0"},
				"down": {"uv": [5, 7.75, 4.75, 8.25], "texture": "#0"}
			}
		},
		{
			"from": [13.65, 7.8, 7.3],
			"to": [15.95, 10.2, 8.7],
			"rotation": {"angle": 45, "axis": "z", "origin": [0, 5.5, 0]},
			"faces": {
				"north": {"uv": [6.5, 5.25, 7, 5.75], "texture": "#0"},
				"east": {"uv": [7.75, 3.25, 8, 3.75], "texture": "#0"},
				"south": {"uv": [6.5, 5.75, 7, 6.25], "texture": "#0"},
				"west": {"uv": [3.5, 7.75, 3.75, 8.25], "texture": "#0"},
				"up": {"uv": [4.25, 8, 3.75, 7.75], "texture": "#0"},
				"down": {"uv": [8.25, 3.75, 7.75, 4], "texture": "#0"}
			}
		},
		{
			"from": [6.399, 14.499, 7.399],
			"to": [9.601, 18.451, 8.601],
			"rotation": {"angle": 0, "axis": "y", "origin": [-0.1, 5.5, 0]},
			"faces": {
				"north": {"uv": [2.5, 4, 3.25, 5], "texture": "#0"},
				"east": {"uv": [3.5, 6.5, 3.75, 7.5], "texture": "#0"},
				"south": {"uv": [4.25, 1.5, 5, 2.5], "texture": "#0"},
				"west": {"uv": [3.75, 6.5, 4, 7.5], "texture": "#0"},
				"up": {"uv": [1.5, 7.25, 0.75, 7], "texture": "#0"},
				"down": {"uv": [7.75, 0.75, 7, 1], "texture": "#0"}
			}
		},
		{
			"from": [12.83, 6.97, 7.35],
			"to": [14.33, 8.47, 8.65],
			"rotation": {"angle": 45, "axis": "z", "origin": [0, 5.5, 0]},
			"faces": {
				"north": {"uv": [6.5, 1.75, 7, 2.25], "texture": "#0"},
				"east": {"uv": [1.75, 7.75, 2, 8.25], "texture": "#0"},
				"south": {"uv": [6.5, 3, 7, 3.5], "texture": "#0"},
				"west": {"uv": [7.75, 2.5, 8, 3], "texture": "#0"},
				"up": {"uv": [3.5, 8, 3, 7.75], "texture": "#0"},
				"down": {"uv": [8.25, 3, 7.75, 3.25], "texture": "#0"}
			}
		},
		{
			"from": [10.25, 4.45, 7.3],
			"to": [13.25, 7.45, 8.7],
			"rotation": {"angle": 45, "axis": "z", "origin": [0, 5.5, 0]},
			"faces": {
				"north": {"uv": [4.75, 3.75, 5.5, 4.5], "texture": "#0"},
				"east": {"uv": [6.5, 6.75, 6.75, 7.5], "texture": "#0"},
				"south": {"uv": [4.75, 4.5, 5.5, 5.25], "texture": "#0"},
				"west": {"uv": [6.75, 6.75, 7, 7.5], "texture": "#0"},
				"up": {"uv": [0.75, 7.25, 0, 7], "texture": "#0"},
				"down": {"uv": [7.75, 0, 7, 0.25], "texture": "#0"}
			}
		},
		{
			"from": [7.4, 0, 7.4],
			"to": [8.6, 18, 8.6],
			"rotation": {"angle": 0, "axis": "y", "origin": [6.5, 0, 6.5]},
			"faces": {
				"north": {"uv": [0, 2.5, 0.25, 7], "texture": "#0"},
				"east": {"uv": [0.25, 2.5, 0.5, 7], "texture": "#0"},
				"south": {"uv": [0.5, 2.5, 0.75, 7], "texture": "#0"},
				"west": {"uv": [0.75, 2.5, 1, 7], "texture": "#0"},
				"up": {"uv": [4.75, 5.25, 4.5, 5], "texture": "#0"},
				"down": {"uv": [6.5, 3, 6.25, 3.25], "texture": "#0"}
			}
		},
		{
			"from": [7.149, 1.499, 7.149],
			"to": [8.851, 2.501, 8.851],
			"rotation": {"angle": 0, "axis": "y", "origin": [6.5, -0.5, 6.5]},
			"faces": {
				"north": {"uv": [7.25, 0.25, 7.75, 0.5], "texture": "#0"},
				"east": {"uv": [7.25, 0.5, 7.75, 0.75], "texture": "#0"},
				"south": {"uv": [7.25, 2.25, 7.75, 2.5], "texture": "#0"},
				"west": {"uv": [7.25, 2.5, 7.75, 2.75], "texture": "#0"},
				"up": {"uv": [6.5, 1.25, 6, 0.75], "texture": "#0"},
				"down": {"uv": [6.5, 1.5, 6, 2], "texture": "#0"}
			}
		},
		{
			"from": [7.15, 7.5, 7.15],
			"to": [8.85, 8.5, 8.85],
			"rotation": {"angle": 0, "axis": "y", "origin": [6.5, 5.5, 6.5]},
			"faces": {
				"north": {"uv": [3, 7.25, 3.5, 7.5], "texture": "#0"},
				"east": {"uv": [7.25, 3.5, 7.75, 3.75], "texture": "#0"},
				"south": {"uv": [7.25, 3.75, 7.75, 4], "texture": "#0"},
				"west": {"uv": [5.25, 7.25, 5.75, 7.5], "texture": "#0"},
				"up": {"uv": [6.5, 2.5, 6, 2], "texture": "#0"},
				"down": {"uv": [6.5, 3.25, 6, 3.75], "texture": "#0"}
			}
		},
		{
			"from": [15.89776, 17.82798, 7.49],
			"to": [17.91776, 22.84798, 8.51],
			"rotation": {"angle": 22.5, "axis": "z", "origin": [12.8, 13.8, 0]},
			"faces": {
				"north": {"uv": [4.25, 2.5, 4.75, 3.75], "texture": "#0"},
				"east": {"uv": [4, 5.75, 4.25, 7], "texture": "#0"},
				"south": {"uv": [4.25, 3.75, 4.75, 5], "texture": "#0"},
				"west": {"uv": [4.25, 5.75, 4.5, 7], "texture": "#0"},
				"up": {"uv": [7.75, 5.75, 7.25, 5.5], "texture": "#0"},
				"down": {"uv": [7.75, 5.75, 7.25, 6], "texture": "#0"}
			}
		},
		{
			"from": [6.39, 16.79, 7.49],
			"to": [8.41, 23.81, 8.51],
			"rotation": {"angle": -22.5, "axis": "z", "origin": [-11.2, 0.1, 0]},
			"faces": {
				"north": {"uv": [3.25, 1.5, 3.75, 3.25], "texture": "#0"},
				"east": {"uv": [2.5, 5, 2.75, 6.75], "texture": "#0"},
				"south": {"uv": [3.25, 3.25, 3.75, 5], "texture": "#0"},
				"west": {"uv": [2.75, 5, 3, 6.75], "texture": "#0"},
				"up": {"uv": [7.75, 6.25, 7.25, 6], "texture": "#0"},
				"down": {"uv": [7.75, 6.25, 7.25, 6.5], "texture": "#0"}
			}
		},
		{
			"from": [15.15776, 11.73798, 7.5],
			"to": [17.15776, 13.83798, 8.5],
			"rotation": {"angle": 22.5, "axis": "z", "origin": [12.05, 6.8, 0]},
			"faces": {
				"north": {"uv": [6, 5.25, 6.5, 5.75], "texture": "#0"},
				"east": {"uv": [5.75, 7.25, 6, 7.75], "texture": "#0"},
				"south": {"uv": [6, 5.75, 6.5, 6.25], "texture": "#0"},
				"west": {"uv": [7.25, 6.5, 7.5, 7], "texture": "#0"},
				"up": {"uv": [7.5, 7.5, 7, 7.25], "texture": "#0"},
				"down": {"uv": [0.5, 7.5, 0, 7.75], "texture": "#0"}
			}
		},
		{
			"from": [7.35, 12.04, 7.75],
			"to": [9.6, 19.29, 8.25],
			"rotation": {"angle": -22.5, "axis": "z", "origin": [0.25, 0.05, 0]},
			"faces": {
				"north": {"uv": [3.75, 1.5, 4.25, 3.25], "texture": "#0"},
				"east": {"uv": [3, 5, 3.25, 6.75], "texture": "#0"},
				"south": {"uv": [3.75, 3.25, 4.25, 5], "texture": "#0"},
				"west": {"uv": [3.25, 5, 3.5, 6.75], "texture": "#0"},
				"up": {"uv": [8, 1.25, 7.5, 1], "texture": "#0"},
				"down": {"uv": [8, 1.25, 7.5, 1.5], "texture": "#0"}
			}
		},
		{
			"from": [7.82, 11.79, 8],
			"to": [9.92, 19.19, 8],
			"rotation": {"angle": -22.5, "axis": "z", "origin": [0.25, 0.05, 0]},
			"faces": {
				"north": {"uv": [1, 4, 1.5, 5.75], "texture": "#0"},
				"east": {"uv": [0, 0, 0, 1.75], "texture": "#0"},
				"south": {"uv": [1.5, 4, 2, 5.75], "texture": "#0"},
				"west": {"uv": [0, 0, 0, 1.75], "texture": "#0"},
				"up": {"uv": [0.5, 0, 0, 0], "texture": "#0"},
				"down": {"uv": [0.5, 0, 0, 0], "texture": "#0"}
			}
		},
		{
			"from": [13.75, 14.25, 7.75],
			"to": [16.25, 19.75, 8.25],
			"rotation": {"angle": 0, "axis": "y", "origin": [6.9, 0.5, 0]},
			"faces": {
				"north": {"uv": [1, 2.5, 1.75, 4], "texture": "#0"},
				"east": {"uv": [3.5, 5, 3.75, 6.5], "texture": "#0"},
				"south": {"uv": [1.75, 2.5, 2.5, 4], "texture": "#0"},
				"west": {"uv": [3.75, 5, 4, 6.5], "texture": "#0"},
				"up": {"uv": [7.5, 5, 6.75, 4.75], "texture": "#0"},
				"down": {"uv": [7.5, 5, 6.75, 5.25], "texture": "#0"}
			}
		},
		{
			"from": [20, 17.22, 7.75],
			"to": [22.25, 22.47, 8.25],
			"rotation": {"angle": 22.5, "axis": "z", "origin": [12.9, 3.4, 0]},
			"faces": {
				"north": {"uv": [4.5, 0, 5, 1.25], "texture": "#0"},
				"east": {"uv": [4.5, 5.75, 4.75, 7], "texture": "#0"},
				"south": {"uv": [4.75, 2.5, 5.25, 3.75], "texture": "#0"},
				"west": {"uv": [4.75, 5.75, 5, 7], "texture": "#0"},
				"up": {"uv": [8, 1.75, 7.5, 1.5], "texture": "#0"},
				"down": {"uv": [3.5, 7.5, 3, 7.75], "texture": "#0"}
			}
		},
		{
			"from": [20.4, 17.38, 8],
			"to": [22.5, 22.88, 8],
			"rotation": {"angle": 22.5, "axis": "z", "origin": [12.9, 3.6, 0]},
			"faces": {
				"north": {"uv": [4, 0, 4.5, 1.5], "texture": "#0"},
				"east": {"uv": [0, 0, 0, 1.5], "texture": "#0"},
				"south": {"uv": [2, 4, 2.5, 5.5], "texture": "#0"},
				"west": {"uv": [0, 0, 0, 1.5], "texture": "#0"},
				"up": {"uv": [0.5, 0, 0, 0], "texture": "#0"},
				"down": {"uv": [0.5, 0, 0, 0], "texture": "#0"}
			}
		},
		{
			"from": [13.5, 14, 8],
			"to": [16.5, 20, 8],
			"rotation": {"angle": 0, "axis": "y", "origin": [6.9, 0.5, 0]},
			"faces": {
				"north": {"uv": [2.5, 2.5, 3.25, 4], "texture": "#0"},
				"east": {"uv": [0, 0, 0, 1.5], "texture": "#0"},
				"south": {"uv": [3.25, 0, 4, 1.5], "texture": "#0"},
				"west": {"uv": [0, 0, 0, 1.5], "texture": "#0"},
				"up": {"uv": [0.75, 0, 0, 0], "texture": "#0"},
				"down": {"uv": [0.75, 0, 0, 0], "texture": "#0"}
			}
		},
		{
			"from": [5.4, 27.8, 7.5],
			"to": [7.4, 30.3, 8.5],
			"rotation": {"angle": -22.5, "axis": "z", "origin": [-12.2, 7.1, 0]},
			"faces": {
				"north": {"uv": [4, 5, 4.5, 5.75], "texture": "#0"},
				"east": {"uv": [6, 6.75, 6.25, 7.5], "texture": "#0"},
				"south": {"uv": [5.25, 2.5, 5.75, 3.25], "texture": "#0"},
				"west": {"uv": [6.25, 6.75, 6.5, 7.5], "texture": "#0"},
				"up": {"uv": [4, 7.75, 3.5, 7.5], "texture": "#0"},
				"down": {"uv": [8, 4.75, 7.5, 5], "texture": "#0"}
			}
		},
		{
			"from": [7.689, 14.489, 7.489],
			"to": [16.011, 19.511, 8.511],
			"rotation": {"angle": 0, "axis": "y", "origin": [-11.1, 0.5, 0]},
			"faces": {
				"north": {"uv": [0, 0, 2, 1.25], "texture": "#0"},
				"east": {"uv": [5, 5.75, 5.25, 7], "texture": "#0"},
				"south": {"uv": [0, 1.25, 2, 2.5], "texture": "#0"},
				"west": {"uv": [5.25, 5.75, 5.5, 7], "texture": "#0"},
				"up": {"uv": [6.5, 1.5, 4.5, 1.25], "texture": "#0"},
				"down": {"uv": [7, 0, 5, 0.25], "texture": "#0"}
			}
		},
		{
			"from": [7, 13.6, 7.2],
			"to": [7.5, 14.6, 8.9],
			"faces": {
				"north": {"uv": [8, 7.75, 8.25, 8], "texture": "#0"},
				"east": {"uv": [0.5, 8, 1, 8.25], "texture": "#0"},
				"south": {"uv": [8, 8, 8.25, 8.25], "texture": "#0"},
				"west": {"uv": [8, 0.5, 8.5, 0.75], "texture": "#0"},
				"up": {"uv": [8.25, 1.25, 8, 0.75], "texture": "#0"},
				"down": {"uv": [1.25, 8, 1, 8.5], "texture": "#0"}
			}
		},
		{
			"from": [14.65, 8.36, 6.95],
			"to": [15.65, 9.36, 9.05],
			"rotation": {"angle": 45, "axis": "z", "origin": [0, 5, 0]},
			"faces": {
				"north": {"uv": [8.25, 1.5, 8.5, 1.75], "texture": "#0"},
				"east": {"uv": [8, 2.75, 8.5, 3], "texture": "#0"},
				"south": {"uv": [1.75, 8.25, 2, 8.5], "texture": "#0"},
				"west": {"uv": [4, 8, 4.5, 8.25], "texture": "#0"},
				"up": {"uv": [8.25, 4.75, 8, 4.25], "texture": "#0"},
				"down": {"uv": [4.75, 8, 4.5, 8.5], "texture": "#0"}
			}
		},
		{
			"from": [6.5, 13.1, 6.7],
			"to": [7, 15.1, 9.4],
			"faces": {
				"north": {"uv": [1.25, 8, 1.5, 8.5], "texture": "#0"},
				"east": {"uv": [5.25, 3.25, 6, 3.75], "texture": "#0"},
				"south": {"uv": [8, 1.25, 8.25, 1.75], "texture": "#0"},
				"west": {"uv": [4.5, 5.25, 5.25, 5.75], "texture": "#0"},
				"up": {"uv": [7.25, 1.75, 7, 1], "texture": "#0"},
				"down": {"uv": [1.75, 7, 1.5, 7.75], "texture": "#0"}
			}
		},
		{
			"from": [7, 14.6, 6.7],
			"to": [7.5, 15.1, 9.4],
			"faces": {
				"north": {"uv": [0, 8.25, 0.25, 8.5], "texture": "#0"},
				"east": {"uv": [7, 1.75, 7.75, 2], "texture": "#0"},
				"south": {"uv": [8.25, 0, 8.5, 0.25], "texture": "#0"},
				"west": {"uv": [7, 2, 7.75, 2.25], "texture": "#0"},
				"up": {"uv": [2, 7.75, 1.75, 7], "texture": "#0"},
				"down": {"uv": [4.25, 7, 4, 7.75], "texture": "#0"}
			}
		},
		{
			"from": [7, 13.1, 6.7],
			"to": [7.5, 13.6, 9.4],
			"faces": {
				"north": {"uv": [0.25, 8.25, 0.5, 8.5], "texture": "#0"},
				"east": {"uv": [7, 3, 7.75, 3.25], "texture": "#0"},
				"south": {"uv": [8.25, 0.25, 8.5, 0.5], "texture": "#0"},
				"west": {"uv": [7, 3.25, 7.75, 3.5], "texture": "#0"},
				"up": {"uv": [4.5, 7.75, 4.25, 7], "texture": "#0"},
				"down": {"uv": [4.75, 7, 4.5, 7.75], "texture": "#0"}
			}
		},
		{
			"from": [7.5, 13.1, 6.7],
			"to": [8.5, 15.1, 9.4],
			"faces": {
				"north": {"uv": [2, 8, 2.25, 8.5], "texture": "#0"},
				"east": {"uv": [5.25, 5.25, 6, 5.75], "texture": "#0"},
				"south": {"uv": [2.25, 8, 2.5, 8.5], "texture": "#0"},
				"west": {"uv": [5.5, 3.75, 6.25, 4.25], "texture": "#0"},
				"up": {"uv": [5, 7.75, 4.75, 7], "texture": "#0"},
				"down": {"uv": [5.25, 7, 5, 7.75], "texture": "#0"}
			}
		},
		{
			"from": [8.5, 13.6, 7.2],
			"to": [9, 14.6, 8.9],
			"faces": {
				"north": {"uv": [0.5, 8.25, 0.75, 8.5], "texture": "#0"},
				"east": {"uv": [2.5, 8, 3, 8.25], "texture": "#0"},
				"south": {"uv": [0.75, 8.25, 1, 8.5], "texture": "#0"},
				"west": {"uv": [8, 2.5, 8.5, 2.75], "texture": "#0"},
				"up": {"uv": [3.25, 8.5, 3, 8], "texture": "#0"},
				"down": {"uv": [3.5, 8, 3.25, 8.5], "texture": "#0"}
			}
		},
		{
			"from": [8.5, 14.6, 6.7],
			"to": [9, 15.1, 9.4],
			"faces": {
				"north": {"uv": [8.25, 0.75, 8.5, 1], "texture": "#0"},
				"east": {"uv": [5.25, 7, 6, 7.25], "texture": "#0"},
				"south": {"uv": [8.25, 1, 8.5, 1.25], "texture": "#0"},
				"west": {"uv": [7, 5.25, 7.75, 5.5], "texture": "#0"},
				"up": {"uv": [7.25, 6.25, 7, 5.5], "texture": "#0"},
				"down": {"uv": [7.25, 6.25, 7, 7], "texture": "#0"}
			}
		},
		{
			"from": [8.5, 13.1, 6.7],
			"to": [9, 13.6, 9.4],
			"faces": {
				"north": {"uv": [8.25, 1.25, 8.5, 1.5], "texture": "#0"},
				"east": {"uv": [7, 7, 7.75, 7.25], "texture": "#0"},
				"south": {"uv": [1.5, 8.25, 1.75, 8.5], "texture": "#0"},
				"west": {"uv": [0, 7.25, 0.75, 7.5], "texture": "#0"},
				"up": {"uv": [1, 8, 0.75, 7.25], "texture": "#0"},
				"down": {"uv": [1.25, 7.25, 1, 8], "texture": "#0"}
			}
		},
		{
			"from": [9, 13.1, 6.7],
			"to": [9.5, 15.1, 9.4],
			"faces": {
				"north": {"uv": [8, 3.25, 8.25, 3.75], "texture": "#0"},
				"east": {"uv": [5.5, 4.25, 6.25, 4.75], "texture": "#0"},
				"south": {"uv": [3.75, 8, 4, 8.5], "texture": "#0"},
				"west": {"uv": [5.5, 4.75, 6.25, 5.25], "texture": "#0"},
				"up": {"uv": [7.5, 1.75, 7.25, 1], "texture": "#0"},
				"down": {"uv": [1.5, 7.25, 1.25, 8], "texture": "#0"}
			}
		},
		{
			"from": [11.1, 5.75, 7.15],
			"to": [11.9, 6.3, 7.7],
			"faces": {
				"north": {"uv": [8.25, 3.25, 8.5, 3.5], "texture": "#0"},
				"east": {"uv": [3.5, 8.25, 3.75, 8.5], "texture": "#0"},
				"south": {"uv": [8.25, 3.5, 8.5, 3.75], "texture": "#0"},
				"west": {"uv": [8.25, 3.75, 8.5, 4], "texture": "#0"},
				"up": {"uv": [4.25, 8.5, 4, 8.25], "texture": "#0"},
				"down": {"uv": [8.5, 4, 8.25, 4.25], "texture": "#0"}
			}
		},
		{
			"from": [11.1, 5.75, 8.3],
			"to": [11.9, 6.3, 8.85],
			"faces": {
				"north": {"uv": [8.25, 1.75, 8.5, 2], "texture": "#0"},
				"east": {"uv": [8.25, 2, 8.5, 2.25], "texture": "#0"},
				"south": {"uv": [8.25, 2.25, 8.5, 2.5], "texture": "#0"},
				"west": {"uv": [2.5, 8.25, 2.75, 8.5], "texture": "#0"},
				"up": {"uv": [3, 8.5, 2.75, 8.25], "texture": "#0"},
				"down": {"uv": [8.5, 3, 8.25, 3.25], "texture": "#0"}
			}
		},
		{
			"from": [10.1, 5.75, 7.15],
			"to": [11.1, 8.75, 8.85],
			"rotation": {"angle": 0, "axis": "y", "origin": [0, -1, 0]},
			"faces": {
				"north": {"uv": [2, 7.25, 2.25, 8], "texture": "#0"},
				"east": {"uv": [2, 5.5, 2.5, 6.25], "texture": "#0"},
				"south": {"uv": [2.25, 7.25, 2.5, 8], "texture": "#0"},
				"west": {"uv": [1, 5.75, 1.5, 6.5], "texture": "#0"},
				"up": {"uv": [5.5, 8.5, 5.25, 8], "texture": "#0"},
				"down": {"uv": [8.25, 5.25, 8, 5.75], "texture": "#0"}
			}
		},
		{
			"from": [7.1, 8.75, 7.15],
			"to": [11.1, 9.75, 8.85],
			"rotation": {"angle": 0, "axis": "y", "origin": [0, -0.5, 0]},
			"faces": {
				"north": {"uv": [6.75, 2.75, 7.75, 3], "texture": "#0"},
				"east": {"uv": [8, 4.75, 8.5, 5], "texture": "#0"},
				"south": {"uv": [6.75, 4, 7.75, 4.25], "texture": "#0"},
				"west": {"uv": [8, 5, 8.5, 5.25], "texture": "#0"},
				"up": {"uv": [6, 0.75, 5, 0.25], "texture": "#0"},
				"down": {"uv": [6, 0.75, 5, 1.25], "texture": "#0"}
			}
		},
		{
			"from": [11.1, 4.2, 8.3],
			"to": [11.9, 4.75, 8.85],
			"faces": {
				"north": {"uv": [8.25, 5.5, 8.5, 5.75], "texture": "#0"},
				"east": {"uv": [5.75, 8.25, 6, 8.5], "texture": "#0"},
				"south": {"uv": [6, 8.25, 6.25, 8.5], "texture": "#0"},
				"west": {"uv": [8.25, 6, 8.5, 6.25], "texture": "#0"},
				"up": {"uv": [6.5, 8.5, 6.25, 8.25], "texture": "#0"},
				"down": {"uv": [8.5, 6.25, 8.25, 6.5], "texture": "#0"}
			}
		},
		{
			"from": [11.1, 4.2, 7.15],
			"to": [11.9, 4.75, 7.7],
			"faces": {
				"north": {"uv": [4.25, 8.25, 4.5, 8.5], "texture": "#0"},
				"east": {"uv": [8.25, 4.25, 8.5, 4.5], "texture": "#0"},
				"south": {"uv": [8.25, 4.5, 8.5, 4.75], "texture": "#0"},
				"west": {"uv": [4.75, 8.25, 5, 8.5], "texture": "#0"},
				"up": {"uv": [5.25, 8.5, 5, 8.25], "texture": "#0"},
				"down": {"uv": [8.5, 5.25, 8.25, 5.5], "texture": "#0"}
			}
		},
		{
			"from": [10.1, 1.75, 7.15],
			"to": [11.1, 4.75, 8.85],
			"rotation": {"angle": 0, "axis": "y", "origin": [0, -1, 0]},
			"faces": {
				"north": {"uv": [2.5, 7.25, 2.75, 8], "texture": "#0"},
				"east": {"uv": [1.5, 5.75, 2, 6.5], "texture": "#0"},
				"south": {"uv": [2.75, 7.25, 3, 8], "texture": "#0"},
				"west": {"uv": [5.75, 2.5, 6.25, 3.25], "texture": "#0"},
				"up": {"uv": [5.75, 8.5, 5.5, 8], "texture": "#0"},
				"down": {"uv": [6.75, 8, 6.5, 8.5], "texture": "#0"}
			}
		},
		{
			"from": [7.1, 0.75, 7.15],
			"to": [11.1, 1.75, 8.85],
			"rotation": {"angle": 0, "axis": "y", "origin": [0, -0.5, 0]},
			"faces": {
				"north": {"uv": [6.75, 4.25, 7.75, 4.5], "texture": "#0"},
				"east": {"uv": [8, 5.75, 8.5, 6], "texture": "#0"},
				"south": {"uv": [6.75, 4.5, 7.75, 4.75], "texture": "#0"},
				"west": {"uv": [6, 8, 6.5, 8.25], "texture": "#0"},
				"up": {"uv": [6, 2, 5, 1.5], "texture": "#0"},
				"down": {"uv": [6, 2, 5, 2.5], "texture": "#0"}
			}
		},
		{
			"from": [18.45, 9.25, 7.5],
			"to": [23.25, 14.25, 8.5],
			"rotation": {"angle": 45, "axis": "z", "origin": [6.15, -5.25, 0]},
			"faces": {
				"north": {"uv": [2, 0, 3.25, 1.25], "texture": "#0"},
				"east": {"uv": [5.5, 5.75, 5.75, 7], "texture": "#0"},
				"south": {"uv": [2, 1.25, 3.25, 2.5], "texture": "#0"},
				"west": {"uv": [5.75, 5.75, 6, 7], "texture": "#0"},
				"up": {"uv": [7.25, 0.5, 6, 0.25], "texture": "#0"},
				"down": {"uv": [7.25, 0.5, 6, 0.75], "texture": "#0"}
			}
		}
	],
	"gui_light": "front",
	"display": {
		"thirdperson_righthand": {
			"rotation": [-123.42, 89.66, 130.85],
			"translation": [0, 1, 2.25]
		},
		"thirdperson_lefthand": {
			"rotation": [6, -89.38, 2.3],
			"translation": [0, 1.25, 2.25]
		},
		"firstperson_righthand": {
			"rotation": [-180, 78.25, -180],
			"translation": [0.75, -1, 0]
		},
		"firstperson_lefthand": {
			"rotation": [-180, -88.25, 180],
			"translation": [1, -1, 0]
		},
		"ground": {
			"translation": [0, 2, 0],
			"scale": [0.52148, 0.52148, 0.52148]
		},
		"gui": {
			"rotation": [-180, 0, -132.25],
			"translation": [-1.75, -3.25, 0],
			"scale": [0.70899, 0.70899, 0.70899]
		},
		"fixed": {
			"rotation": [0.08, 0.25, 0],
			"translation": [0, -6.75, -2],
			"scale": [2.00196, 2.00196, 2.00196]
		}
	}
}