{
	"credit": "Made with Blockbench",
	"texture_size": [128, 128],
	"textures": {
		"0": "item/custom/obsidian_hammer",
		"particle": "item/custom/obsidian_hammer"
	},
	"elements": [
		{
			"from": [4, 21, 0],
			"to": [12, 28, 16],
			"faces": {
				"north": {"uv": [4, 0, 5, 0.875], "texture": "#0"},
				"east": {"uv": [0, 2, 2, 2.875], "texture": "#0"},
				"south": {"uv": [3.25, 4.25, 4.25, 5.125], "texture": "#0"},
				"west": {"uv": [2, 0, 4, 0.875], "texture": "#0"},
				"up": {"uv": [1, 2, 0, 0], "texture": "#0"},
				"down": {"uv": [2, 0, 1, 2], "texture": "#0"}
			}
		},
		{
			"from": [3.75, 20.5, 5],
			"to": [12.25, 28.5, 11],
			"faces": {
				"north": {"uv": [0, 4, 1.125, 5], "texture": "#0"},
				"east": {"uv": [0, 5, 0.75, 6], "texture": "#0"},
				"south": {"uv": [1.125, 4.25, 2.25, 5.25], "texture": "#0"},
				"west": {"uv": [5, 3.125, 5.75, 4.125], "texture": "#0"},
				"up": {"uv": [5.375, 5, 4.25, 4.25], "texture": "#0"},
				"down": {"uv": [5.625, 0.875, 4.5, 1.625], "texture": "#0"}
			}
		},
		{
			"from": [3, 20, 14],
			"to": [13, 29, 17],
			"faces": {
				"north": {"uv": [2, 0.875, 3.25, 2], "texture": "#0"},
				"east": {"uv": [3.25, 5.125, 3.625, 6.25], "texture": "#0"},
				"south": {"uv": [2, 2, 3.25, 3.125], "texture": "#0"},
				"west": {"uv": [3.625, 5.125, 4, 6.25], "texture": "#0"},
				"up": {"uv": [6.25, 0.875, 5, 0.5], "texture": "#0"},
				"down": {"uv": [6.625, 4.625, 5.375, 5], "texture": "#0"}
			}
		},
		{
			"from": [3, 20, 12],
			"to": [13, 29, 13],
			"faces": {
				"north": {"uv": [3.25, 2, 4.5, 3.125], "texture": "#0"},
				"east": {"uv": [4.875, 6.125, 5, 7.25], "texture": "#0"},
				"south": {"uv": [3.75, 3.125, 5, 4.25], "texture": "#0"},
				"west": {"uv": [6.25, 0.375, 6.375, 1.5], "texture": "#0"},
				"up": {"uv": [7.25, 1.75, 6, 1.625], "texture": "#0"},
				"down": {"uv": [7.25, 1.75, 6, 1.875], "texture": "#0"}
			}
		},
		{
			"from": [3, 20, 3],
			"to": [13, 29, 4],
			"faces": {
				"north": {"uv": [2.5, 3.125, 3.75, 4.25], "texture": "#0"},
				"east": {"uv": [0.625, 6, 0.75, 7.125], "texture": "#0"},
				"south": {"uv": [3.25, 0.875, 4.5, 2], "texture": "#0"},
				"west": {"uv": [4.75, 6.125, 4.875, 7.25], "texture": "#0"},
				"up": {"uv": [7, 4.125, 5.75, 4], "texture": "#0"},
				"down": {"uv": [7.25, 1.5, 6, 1.625], "texture": "#0"}
			}
		},
		{
			"from": [3, 20, -1],
			"to": [13, 29, 2],
			"faces": {
				"north": {"uv": [0, 2.875, 1.25, 4], "texture": "#0"},
				"east": {"uv": [1.875, 5.25, 2.25, 6.375], "texture": "#0"},
				"south": {"uv": [1.25, 3.125, 2.5, 4.25], "texture": "#0"},
				"west": {"uv": [4, 5.5, 4.375, 6.625], "texture": "#0"},
				"up": {"uv": [6.625, 5.375, 5.375, 5], "texture": "#0"},
				"down": {"uv": [6.625, 5.375, 5.375, 5.75], "texture": "#0"}
			}
		},
		{
			"from": [3.5, 22.5, 6],
			"to": [12.5, 26.5, 7],
			"faces": {
				"north": {"uv": [0.75, 5.25, 1.875, 5.75], "texture": "#0"},
				"east": {"uv": [0.375, 6.375, 0.5, 6.875], "texture": "#0"},
				"south": {"uv": [5.375, 4.125, 6.5, 4.625], "texture": "#0"},
				"west": {"uv": [0.5, 6.375, 0.625, 6.875], "texture": "#0"},
				"up": {"uv": [7.375, 3.875, 6.25, 3.75], "texture": "#0"},
				"down": {"uv": [7.375, 3.875, 6.25, 4], "texture": "#0"}
			}
		},
		{
			"from": [3.5, 21.5, 7],
			"to": [12.5, 27.5, 9],
			"faces": {
				"north": {"uv": [4.5, 1.625, 5.625, 2.375], "texture": "#0"},
				"east": {"uv": [1.625, 5.75, 1.875, 6.5], "texture": "#0"},
				"south": {"uv": [4.5, 2.375, 5.625, 3.125], "texture": "#0"},
				"west": {"uv": [0, 6, 0.25, 6.75], "texture": "#0"},
				"up": {"uv": [6.875, 3.25, 5.75, 3], "texture": "#0"},
				"down": {"uv": [6.875, 3.25, 5.75, 3.5], "texture": "#0"}
			}
		},
		{
			"from": [3.5, 22.5, 9],
			"to": [12.5, 26.5, 10],
			"faces": {
				"north": {"uv": [5, 0, 6.125, 0.5], "texture": "#0"},
				"east": {"uv": [3.875, 6.25, 4, 6.75], "texture": "#0"},
				"south": {"uv": [4.25, 5, 5.375, 5.5], "texture": "#0"},
				"west": {"uv": [0.25, 6.375, 0.375, 6.875], "texture": "#0"},
				"up": {"uv": [7.375, 3.625, 6.25, 3.5], "texture": "#0"},
				"down": {"uv": [7.375, 3.625, 6.25, 3.75], "texture": "#0"}
			}
		},
		{
			"name": "handel",
			"from": [7, 0, 7],
			"to": [9, 32, 9],
			"faces": {
				"north": {"uv": [2.25, 4.25, 2.5, 8.25], "texture": "#0"},
				"east": {"uv": [2.5, 4.25, 2.75, 8.25], "texture": "#0"},
				"south": {"uv": [2.75, 4.25, 3, 8.25], "texture": "#0"},
				"west": {"uv": [3, 4.25, 3.25, 8.25], "texture": "#0"},
				"up": {"uv": [1, 5.25, 0.75, 5], "texture": "#0"},
				"down": {"uv": [4.25, 5.125, 4, 5.375], "texture": "#0"}
			}
		},
		{
			"from": [6.5, 1, 6.5],
			"to": [9.5, 2, 9.5],
			"faces": {
				"north": {"uv": [5, 4.125, 5.375, 4.25], "texture": "#0"},
				"east": {"uv": [6.375, 1, 6.75, 1.125], "texture": "#0"},
				"south": {"uv": [1.125, 6.375, 1.5, 6.5], "texture": "#0"},
				"west": {"uv": [6.375, 1.125, 6.75, 1.25], "texture": "#0"},
				"up": {"uv": [0.625, 6.375, 0.25, 6], "texture": "#0"},
				"down": {"uv": [6.375, 1.875, 6, 2.25], "texture": "#0"}
			}
		},
		{
			"from": [6.25, 14, 6.25],
			"to": [9.75, 15, 9.75],
			"faces": {
				"north": {"uv": [1.125, 6.25, 1.625, 6.375], "texture": "#0"},
				"east": {"uv": [5.625, 6.25, 6.125, 6.375], "texture": "#0"},
				"south": {"uv": [6.125, 6.25, 6.625, 6.375], "texture": "#0"},
				"west": {"uv": [6.375, 0.375, 6.875, 0.5], "texture": "#0"},
				"up": {"uv": [1.625, 6.25, 1.125, 5.75], "texture": "#0"},
				"down": {"uv": [6.25, 3.5, 5.75, 4], "texture": "#0"}
			}
		},
		{
			"from": [6.75, 5, 6.75],
			"to": [9.25, 11, 9.25],
			"faces": {
				"north": {"uv": [5, 5.5, 5.375, 6.25], "texture": "#0"},
				"east": {"uv": [5.625, 1.5, 6, 2.25], "texture": "#0"},
				"south": {"uv": [5.625, 2.25, 6, 3], "texture": "#0"},
				"west": {"uv": [0.75, 5.75, 1.125, 6.5], "texture": "#0"},
				"up": {"uv": [6.375, 2.625, 6, 2.25], "texture": "#0"},
				"down": {"uv": [6.375, 2.625, 6, 3], "texture": "#0"}
			}
		},
		{
			"from": [6, 16, 6],
			"to": [10, 17, 10],
			"faces": {
				"north": {"uv": [6.375, 0.5, 6.875, 0.625], "texture": "#0"},
				"east": {"uv": [6.375, 0.625, 6.875, 0.75], "texture": "#0"},
				"south": {"uv": [6.375, 0.75, 6.875, 0.875], "texture": "#0"},
				"west": {"uv": [6.375, 0.875, 6.875, 1], "texture": "#0"},
				"up": {"uv": [5.875, 6.25, 5.375, 5.75], "texture": "#0"},
				"down": {"uv": [6.375, 5.75, 5.875, 6.25], "texture": "#0"}
			}
		},
		{
			"from": [5.75, 18, 5.75],
			"to": [10.25, 19, 10.25],
			"faces": {
				"north": {"uv": [1.25, 2.875, 1.875, 3], "texture": "#0"},
				"east": {"uv": [1.25, 3, 1.875, 3.125], "texture": "#0"},
				"south": {"uv": [3.25, 6.25, 3.875, 6.375], "texture": "#0"},
				"west": {"uv": [5, 6.25, 5.625, 6.375], "texture": "#0"},
				"up": {"uv": [5, 6.125, 4.375, 5.5], "texture": "#0"},
				"down": {"uv": [6.25, 0.875, 5.625, 1.5], "texture": "#0"}
			}
		},
		{
			"from": [6.5, 30, 6.5],
			"to": [9.5, 31, 9.5],
			"faces": {
				"north": {"uv": [6.375, 1.25, 6.75, 1.375], "texture": "#0"},
				"east": {"uv": [6.375, 1.375, 6.75, 1.5], "texture": "#0"},
				"south": {"uv": [1.875, 6.375, 2.25, 6.5], "texture": "#0"},
				"west": {"uv": [6.375, 1.875, 6.75, 2], "texture": "#0"},
				"up": {"uv": [6.5, 0.375, 6.125, 0], "texture": "#0"},
				"down": {"uv": [4.75, 6.125, 4.375, 6.5], "texture": "#0"}
			}
		}
	],
	"display": {
		"thirdperson_righthand": {
			"translation": [0, -2, 0.5],
			"scale": [0.58, 0.58, 0.58]
		},
		"thirdperson_lefthand": {
			"translation": [0, -2, 2],
			"scale": [0.5, 0.5, 0.5]
		},
		"firstperson_righthand": {
			"rotation": [-12, 0, 0],
			"translation": [5.5, -0.5, 0],
			"scale": [0.6, 0.6, 0.6]
		},
		"firstperson_lefthand": {
			"rotation": [-19, 0, 0],
			"translation": [7, -0.5, 0],
			"scale": [0.6, 0.6, 0.6]
		},
		"ground": {
			"translation": [0, 2.25, 0],
			"scale": [0.7, 0.7, 0.7]
		},
		"gui": {
			"rotation": [65, 35, -59],
			"translation": [-3, -4, 0],
			"scale": [0.5, 0.5, 0.5]
		},
		"head": {
			"rotation": [-90, -45, 90],
			"translation": [1, 27.25, 0]
		},
		"fixed": {
			"rotation": [0, 90, 0],
			"translation": [0, -4, 0],
			"scale": [0.5, 0.5, 0.5]
		}
	},
	"groups": [
		{
			"name": "head",
			"origin": [0, 0, 0],
			"color": 0,
			"nbt": "{}",
			"children": [0, 1]
		},
		{
			"name": "headdecor",
			"origin": [0, 0, 0],
			"color": 0,
			"nbt": "{}",
			"children": [2, 3, 4, 5]
		},
		{
			"name": "gem",
			"origin": [0, 0, 0],
			"color": 0,
			"nbt": "{}",
			"children": [6, 7, 8]
		},
		9,
		{
			"name": "handeldecor",
			"origin": [0, 0, 0],
			"color": 0,
			"nbt": "{}",
			"children": [10, 11, 12, 13, 14, 15]
		}
	]
}