{
	"credit": "Made with Blockbench",
	"textures": {
		"0": "item/custom/wood",
		"1": "item/custom/rose",
		"2": "item/custom/leaves",
		"3": "item/custom/stringgem",
		"particle": "item/custom/wood"
	},
	"elements": [
		{
			"from": [7.91555, 0.33582, 7],
			"to": [10.41555, 1.33582, 8],
			"rotation": {"angle": 0, "axis": "z", "origin": [9.25068, 1.33514, 7.25]},
			"faces": {
				"north": {"uv": [0, 12, 3, 13], "texture": "#0"},
				"east": {"uv": [7, 13, 8, 14], "texture": "#0"},
				"south": {"uv": [3, 12, 6, 13], "texture": "#0"},
				"west": {"uv": [8, 13, 9, 14], "texture": "#0"},
				"up": {"uv": [15, 5, 12, 4], "texture": "#0"},
				"down": {"uv": [15, 5, 12, 6], "texture": "#0"}
			}
		},
		{
			"from": [10.40535, 0.20135, 7],
			"to": [15.40535, 1.20135, 8],
			"rotation": {"angle": 22.5, "axis": "z", "origin": [9.25068, 1.33514, 7.25]},
			"faces": {
				"north": {"uv": [0, 8, 5, 9], "texture": "#0"},
				"east": {"uv": [5, 13, 6, 14], "texture": "#0"},
				"south": {"uv": [5, 8, 10, 9], "texture": "#0"},
				"west": {"uv": [6, 13, 7, 14], "texture": "#0"},
				"up": {"uv": [5, 10, 0, 9], "texture": "#0"},
				"down": {"uv": [10, 9, 5, 10], "texture": "#0"}
			}
		},
		{
			"from": [14.98909, 4.56159, 7],
			"to": [24.48909, 5.56159, 8],
			"rotation": {"angle": 45, "axis": "z", "origin": [17.48909, 4.06159, 7.5]},
			"faces": {
				"north": {"uv": [0, 0, 10, 1], "texture": "#0"},
				"east": {"uv": [12, 12, 13, 13], "texture": "#0"},
				"south": {"uv": [0, 1, 10, 2], "texture": "#0"},
				"west": {"uv": [0, 13, 1, 14], "texture": "#0"},
				"up": {"uv": [10, 3, 0, 2], "texture": "#0"},
				"down": {"uv": [10, 3, 0, 4], "texture": "#0"}
			}
		},
		{
			"from": [24.48909, 4.31159, 6.75],
			"to": [25.48909, 5.81159, 8.25],
			"rotation": {"angle": 45, "axis": "z", "origin": [17.48909, 4.06159, 7.5]},
			"faces": {
				"north": {"uv": [6, 0, 7, 2], "texture": "#1"},
				"east": {"uv": [0, 0, 2, 2], "texture": "#1"},
				"south": {"uv": [2, 6, 3, 8], "texture": "#1"},
				"west": {"uv": [0, 2, 2, 4], "texture": "#1"},
				"up": {"uv": [7, 4, 6, 2], "texture": "#1"},
				"down": {"uv": [4, 6, 3, 8], "texture": "#1"}
			}
		},
		{
			"from": [24.46409, 3.56159, 6],
			"to": [24.46409, 6.56159, 9],
			"rotation": {"angle": 45, "axis": "z", "origin": [17.48909, 4.06159, 7.5]},
			"faces": {
				"north": {"uv": [0, 0, 0, 3], "texture": "#2"},
				"east": {"uv": [4, 0, 7, 3], "texture": "#2"},
				"south": {"uv": [0, 0, 0, 3], "texture": "#2"},
				"west": {"uv": [4, 0, 7, 3], "texture": "#2"},
				"up": {"uv": [0, 3, 0, 0], "texture": "#2"},
				"down": {"uv": [0, 0, 0, 3], "texture": "#2"}
			}
		},
		{
			"from": [9.64082, 1.12269, 6.875],
			"to": [10.89082, 2.37269, 8.125],
			"rotation": {"angle": -45, "axis": "z", "origin": [9.25068, 1.33514, 7.25]},
			"faces": {
				"north": {"uv": [8, 14, 9, 15], "texture": "#0"},
				"east": {"uv": [9, 14, 10, 15], "texture": "#0"},
				"south": {"uv": [10, 14, 11, 15], "texture": "#0"},
				"west": {"uv": [11, 14, 12, 15], "texture": "#0"},
				"up": {"uv": [13, 15, 12, 14], "texture": "#0"},
				"down": {"uv": [15, 12, 14, 13], "texture": "#0"}
			}
		},
		{
			"from": [9.76582, 1.24769, 6.725],
			"to": [10.76582, 2.24769, 8.225],
			"rotation": {"angle": -45, "axis": "z", "origin": [9.25068, 1.33514, 7.25]},
			"faces": {
				"north": {"uv": [3.875, 5.875, 4.875, 6.875], "texture": "#3"},
				"east": {"uv": [3.75, 6.125, 5.25, 7.125], "texture": "#3"},
				"south": {"uv": [3.875, 5.875, 4.875, 6.875], "texture": "#3"},
				"west": {"uv": [3.75, 6, 5.25, 7], "texture": "#3"},
				"up": {"uv": [5, 7.25, 4, 5.75], "texture": "#3"},
				"down": {"uv": [5, 5.625, 4, 7.125], "texture": "#3"}
			}
		},
		{
			"from": [6.56022, -2.76595, 6.725],
			"to": [7.56022, -1.76595, 8.225],
			"rotation": {"angle": -45, "axis": "z", "origin": [10.26022, 0.90905, 7.475]},
			"faces": {
				"north": {"uv": [4, 6, 5, 7], "texture": "#3"},
				"east": {"uv": [1, 5, 2.5, 6], "texture": "#3"},
				"south": {"uv": [6, 5, 7, 6], "texture": "#3"},
				"west": {"uv": [5, 4, 6.5, 5], "texture": "#3"},
				"up": {"uv": [4, 6.5, 3, 5], "texture": "#3"},
				"down": {"uv": [6, 5, 5, 6.5], "texture": "#3"}
			}
		},
		{
			"from": [5.58445, 0.33582, 7],
			"to": [8.08445, 1.33582, 8],
			"rotation": {"angle": 0, "axis": "z", "origin": [6.74932, 1.33514, 7.25]},
			"faces": {
				"north": {"uv": [6, 12, 9, 13], "texture": "#0"},
				"east": {"uv": [9, 13, 10, 14], "texture": "#0"},
				"south": {"uv": [12, 6, 15, 7], "texture": "#0"},
				"west": {"uv": [10, 13, 11, 14], "texture": "#0"},
				"up": {"uv": [15, 8, 12, 7], "texture": "#0"},
				"down": {"uv": [12, 12, 9, 13], "texture": "#0"}
			}
		},
		{
			"from": [5.10918, 1.12269, 6.875],
			"to": [6.35918, 2.37269, 8.125],
			"rotation": {"angle": 45, "axis": "z", "origin": [6.74932, 1.33514, 7.25]},
			"faces": {
				"north": {"uv": [2, 14, 3, 15], "texture": "#0"},
				"east": {"uv": [3, 14, 4, 15], "texture": "#0"},
				"south": {"uv": [4, 14, 5, 15], "texture": "#0"},
				"west": {"uv": [5, 14, 6, 15], "texture": "#0"},
				"up": {"uv": [7, 15, 6, 14], "texture": "#0"},
				"down": {"uv": [8, 14, 7, 15], "texture": "#0"}
			}
		},
		{
			"from": [-3.98909, 4.56159, 7],
			"to": [1.01091, 5.56159, 8],
			"rotation": {"angle": -45, "axis": "z", "origin": [-1.48909, 4.06159, 7.5]},
			"faces": {
				"north": {"uv": [10, 3, 15, 4], "texture": "#0"},
				"east": {"uv": [13, 12, 14, 13], "texture": "#0"},
				"south": {"uv": [5, 10, 10, 11], "texture": "#0"},
				"west": {"uv": [13, 13, 14, 14], "texture": "#0"},
				"up": {"uv": [15, 9, 10, 8], "texture": "#0"},
				"down": {"uv": [15, 9, 10, 10], "texture": "#0"}
			}
		},
		{
			"from": [-7.54252, 6.79001, 7],
			"to": [-2.54252, 7.79001, 8],
			"rotation": {"angle": -22.5, "axis": "z", "origin": [-4.69252, 6.39001, 7.5]},
			"faces": {
				"north": {"uv": [10, 10, 15, 11], "texture": "#0"},
				"east": {"uv": [0, 14, 1, 15], "texture": "#0"},
				"south": {"uv": [0, 11, 5, 12], "texture": "#0"},
				"west": {"uv": [1, 14, 2, 15], "texture": "#0"},
				"up": {"uv": [10, 12, 5, 11], "texture": "#0"},
				"down": {"uv": [15, 11, 10, 12], "texture": "#0"}
			}
		},
		{
			"from": [0.59465, 0.20135, 7],
			"to": [5.59465, 1.20135, 8],
			"rotation": {"angle": -22.5, "axis": "z", "origin": [6.74932, 1.33514, 7.25]},
			"faces": {
				"north": {"uv": [0, 10, 5, 11], "texture": "#0"},
				"east": {"uv": [11, 13, 12, 14], "texture": "#0"},
				"south": {"uv": [10, 0, 15, 1], "texture": "#0"},
				"west": {"uv": [12, 13, 13, 14], "texture": "#0"},
				"up": {"uv": [15, 2, 10, 1], "texture": "#0"},
				"down": {"uv": [15, 2, 10, 3], "texture": "#0"}
			}
		},
		{
			"from": [7.25, 8, 7.5],
			"to": [18.25, 9, 7.5],
			"rotation": {"angle": -22.5, "axis": "z", "origin": [13.125, 6.5, 7.5]},
			"faces": {
				"north": {"uv": [0, 0, 10.25, 1], "texture": "#3"},
				"east": {"uv": [0, 0, 0, 1], "texture": "#3"},
				"south": {"uv": [0, 0, 10.25, 1], "texture": "#3"},
				"west": {"uv": [0, 0, 0, 1], "texture": "#3"},
				"up": {"uv": [10.25, 0, 0, 0], "texture": "#3"},
				"down": {"uv": [10.25, 0, 0, 0], "texture": "#3"}
			}
		},
		{
			"from": [-2.25, 7.5, 7.5],
			"to": [9.75, 8.5, 7.5],
			"rotation": {"angle": 22.5, "axis": "z", "origin": [2.875, 6.5, 7.5]},
			"faces": {
				"north": {"uv": [0, 2, 10.25, 3], "texture": "#3"},
				"east": {"uv": [0, 0, 0, 1], "texture": "#3"},
				"south": {"uv": [0, 2, 10.25, 3], "texture": "#3"},
				"west": {"uv": [0, 0, 0, 1], "texture": "#3"},
				"up": {"uv": [10.25, 0, 0, 0], "texture": "#3"},
				"down": {"uv": [10.25, 0, 0, 0], "texture": "#3"}
			}
		},
		{
			"from": [-8.25, 7.5, 7.5],
			"to": [-6.25, 9.25, 7.5],
			"rotation": {"angle": 22.5, "axis": "z", "origin": [-7.625, 8.25, 7.5]},
			"faces": {
				"north": {"uv": [6.75, 3, 8.75, 4.75], "texture": "#2"},
				"east": {"uv": [0, 0, 0, 1.75], "texture": "#2"},
				"south": {"uv": [8.5, 3, 10.5, 4.75], "texture": "#2"},
				"west": {"uv": [0, 0, 0, 1.75], "texture": "#2"},
				"up": {"uv": [2, 0, 0, 0], "texture": "#2"},
				"down": {"uv": [2, 0, 0, 0], "texture": "#2"}
			}
		},
		{
			"from": [-4, 5.25, 7.5],
			"to": [-2.25, 6.25, 7.5],
			"rotation": {"angle": 45, "axis": "z", "origin": [-3.125, 5.75, 7.5]},
			"faces": {
				"north": {"uv": [8, 7, 9.75, 8], "texture": "#2"},
				"east": {"uv": [0, 0, 0, 1], "texture": "#2"},
				"south": {"uv": [8, 7, 9.75, 8], "texture": "#2"},
				"west": {"uv": [0, 0, 0, 1], "texture": "#2"},
				"up": {"uv": [1.75, 0, 0, 0], "texture": "#2"},
				"down": {"uv": [1.75, 0, 0, 0], "texture": "#2"}
			}
		},
		{
			"from": [0.16053, 1.33947, 7.5],
			"to": [1.16053, 3.08947, 7.5],
			"rotation": {"angle": -22.5, "axis": "z", "origin": [0.41053, 2.21447, 7.5]},
			"faces": {
				"north": {"uv": [1, 8, 2, 9.75], "texture": "#2"},
				"east": {"uv": [0, 0, 0, 1.75], "texture": "#2"},
				"south": {"uv": [1, 8, 2, 9.75], "texture": "#2"},
				"west": {"uv": [0, 0, 0, 1.75], "texture": "#2"},
				"up": {"uv": [1, 0, 0, 0], "texture": "#2"},
				"down": {"uv": [1, 0, 0, 0], "texture": "#2"}
			}
		},
		{
			"from": [14.71707, 0.90786, 7.5],
			"to": [15.71707, 2.65786, 7.5],
			"rotation": {"angle": 22.5, "axis": "z", "origin": [14.71707, 2.78286, 7.5]},
			"faces": {
				"north": {"uv": [7, 7, 8, 8.75], "texture": "#2"},
				"east": {"uv": [0, 0, 0, 1.75], "texture": "#2"},
				"south": {"uv": [7, 7, 8, 8.75], "texture": "#2"},
				"west": {"uv": [0, 0, 0, 1.75], "texture": "#2"},
				"up": {"uv": [1, 0, 0, 0], "texture": "#2"},
				"down": {"uv": [1, 0, 0, 0], "texture": "#2"}
			}
		},
		{
			"from": [24.9134, 6.82932, 5.55],
			"to": [24.9134, 10.82932, 9.55],
			"rotation": {"angle": 22.5, "axis": "z", "origin": [24.6884, 7.45432, 7.5]},
			"faces": {
				"north": {"uv": [0, 0, 0, 4], "texture": "#2"},
				"east": {"uv": [0, 0, 4, 4], "texture": "#2"},
				"south": {"uv": [0, 0, 0, 4], "texture": "#2"},
				"west": {"uv": [0, 0, 4, 4], "texture": "#2"},
				"up": {"uv": [0, 4, 0, 0], "texture": "#2"},
				"down": {"uv": [0, 0, 0, 4], "texture": "#2"}
			}
		},
		{
			"from": [24.9384, 8.07932, 6.65],
			"to": [26.4384, 9.82932, 8.4],
			"rotation": {"angle": 22.5, "axis": "z", "origin": [24.6884, 7.45432, 7.5]},
			"faces": {
				"north": {"uv": [2, 0, 4, 2], "texture": "#1"},
				"east": {"uv": [2, 2, 4, 4], "texture": "#1"},
				"south": {"uv": [0, 4, 2, 6], "texture": "#1"},
				"west": {"uv": [4, 0, 6, 2], "texture": "#1"},
				"up": {"uv": [4, 6, 2, 4], "texture": "#1"},
				"down": {"uv": [6, 2, 4, 4], "texture": "#1"}
			}
		},
		{
			"from": [18.54252, 6.79001, 7],
			"to": [25.04252, 7.79001, 8],
			"rotation": {"angle": 22.5, "axis": "z", "origin": [20.69252, 6.39001, 7.5]},
			"faces": {
				"north": {"uv": [0, 4, 7, 5], "texture": "#0"},
				"east": {"uv": [1, 13, 2, 14], "texture": "#0"},
				"south": {"uv": [0, 5, 7, 6], "texture": "#0"},
				"west": {"uv": [2, 13, 3, 14], "texture": "#0"},
				"up": {"uv": [7, 7, 0, 6], "texture": "#0"},
				"down": {"uv": [7, 7, 0, 8], "texture": "#0"}
			}
		},
		{
			"from": [18.17146, 5.85544, 7],
			"to": [23.17146, 6.85544, 8],
			"rotation": {"angle": 0, "axis": "z", "origin": [20.67146, 7.35544, 7.5]},
			"faces": {
				"north": {"uv": [7, 4, 12, 5], "texture": "#0"},
				"east": {"uv": [3, 13, 4, 14], "texture": "#0"},
				"south": {"uv": [7, 5, 12, 6], "texture": "#0"},
				"west": {"uv": [4, 13, 5, 14], "texture": "#0"},
				"up": {"uv": [12, 7, 7, 6], "texture": "#0"},
				"down": {"uv": [12, 7, 7, 8], "texture": "#0"}
			}
		},
		{
			"from": [23.17146, 5.60544, 6.75],
			"to": [24.17146, 7.10544, 8.25],
			"rotation": {"angle": 0, "axis": "z", "origin": [20.67146, 7.35544, 7.5]},
			"faces": {
				"north": {"uv": [4, 6, 5, 8], "texture": "#1"},
				"east": {"uv": [4, 4, 6, 6], "texture": "#1"},
				"south": {"uv": [6, 4, 7, 6], "texture": "#1"},
				"west": {"uv": [0, 6, 2, 8], "texture": "#1"},
				"up": {"uv": [6, 8, 5, 6], "texture": "#1"},
				"down": {"uv": [7, 6, 6, 8], "texture": "#1"}
			}
		},
		{
			"from": [23.14646, 4.85544, 6],
			"to": [23.14646, 7.85544, 9],
			"rotation": {"angle": 0, "axis": "z", "origin": [20.67146, 7.35544, 7.5]},
			"faces": {
				"north": {"uv": [0, 0, 0, 3], "texture": "#2"},
				"east": {"uv": [4, 6, 7, 9], "texture": "#2"},
				"south": {"uv": [0, 0, 0, 3], "texture": "#2"},
				"west": {"uv": [4, 6, 7, 9], "texture": "#2"},
				"up": {"uv": [0, 3, 0, 0], "texture": "#2"},
				"down": {"uv": [0, 0, 0, 3], "texture": "#2"}
			}
		}
	],
	"display": {
		"thirdperson_righthand": {
			"rotation": [90, 90, 0],
			"translation": [0.5, -1, 7.5]
		},
		"thirdperson_lefthand": {
			"rotation": [-90, -90, -180],
			"translation": [-2, -0.75, 6.75]
		},
		"firstperson_righthand": {
			"rotation": [-52, 90, 133],
			"translation": [6, -0.75, 0]
		},
		"firstperson_lefthand": {
			"rotation": [86, -90, 0],
			"translation": [5.25, -2.5, 0]
		},
		"ground": {
			"rotation": [83.07, 8.96, 10.13],
			"translation": [0, -2, 0]
		},
		"gui": {
			"rotation": [170, -3, -52],
			"translation": [-1, -0.5, 0],
			"scale": [0.625, 0.625, 0.625]
		}
	}
}