{
	"credit": "Made with Blockbench",
	"texture_size": [32, 32],
	"textures": {
		"0": "block/custom/blahaj",
		"particle": "block/custom/blahaj"
	},
	"elements": [
		{
			"from": [5.5, 1, 1.25],
			"to": [9.5, 4, 4.25],
			"faces": {
				"north": {"uv": [5, 2, 7, 3.5], "texture": "#0"},
				"east": {"uv": [0, 7.5, 1.5, 9], "texture": "#0"},
				"south": {"uv": [5, 3.5, 7, 5], "texture": "#0"},
				"west": {"uv": [1.5, 7.5, 3, 9], "texture": "#0"},
				"up": {"uv": [7, 6.5, 5, 5], "texture": "#0"},
				"down": {"uv": [2, 6, 0, 7.5], "texture": "#0"}
			}
		},
		{
			"from": [5.5, 0, 2.25],
			"to": [9.5, 1, 4.25],
			"faces": {
				"north": {"uv": [9, 5, 11, 5.5], "texture": "#0"},
				"east": {"uv": [4, 6, 5, 6.5], "texture": "#0"},
				"south": {"uv": [5.5, 9, 7.5, 9.5], "texture": "#0"},
				"west": {"uv": [7, 6, 8, 6.5], "texture": "#0"},
				"up": {"uv": [10, 2, 8, 1], "texture": "#0"},
				"down": {"uv": [10, 2, 8, 3], "texture": "#0"}
			}
		},
		{
			"from": [5.5, 0, 4.25],
			"to": [9.5, 4, 10.25],
			"faces": {
				"north": {"uv": [0, 4, 2, 6], "texture": "#0"},
				"east": {"uv": [0, 0, 3, 2], "texture": "#0"},
				"south": {"uv": [5, 0, 7, 2], "texture": "#0"},
				"west": {"uv": [0, 2, 3, 4], "texture": "#0"},
				"up": {"uv": [5, 3, 3, 0], "texture": "#0"},
				"down": {"uv": [5, 3, 3, 6], "texture": "#0"}
			}
		},
		{
			"from": [6, 0.5, 10.25],
			"to": [9, 3.5, 12.25],
			"faces": {
				"north": {"uv": [6, 7.5, 7.5, 9], "texture": "#0"},
				"east": {"uv": [8.5, 6, 9.5, 7.5], "texture": "#0"},
				"south": {"uv": [7.5, 7.5, 9, 9], "texture": "#0"},
				"west": {"uv": [1, 9, 2, 10.5], "texture": "#0"},
				"up": {"uv": [5.5, 10, 4, 9], "texture": "#0"},
				"down": {"uv": [10.5, 4, 9, 5], "texture": "#0"}
			}
		},
		{
			"from": [6.5, 1, 12.25],
			"to": [8.5, 3, 17.25],
			"faces": {
				"north": {"uv": [9, 7.5, 10, 8.5], "texture": "#0"},
				"east": {"uv": [6, 6.5, 8.5, 7.5], "texture": "#0"},
				"south": {"uv": [9.5, 0, 10.5, 1], "texture": "#0"},
				"west": {"uv": [7, 0, 9.5, 1], "texture": "#0"},
				"up": {"uv": [8, 3.5, 7, 1], "texture": "#0"},
				"down": {"uv": [8, 3.5, 7, 6], "texture": "#0"}
			}
		},
		{
			"from": [7, 3.5, 4.25],
			"to": [8, 6, 8.25],
			"rotation": {"angle": -45, "axis": "x", "origin": [7.5, 4.5, 6.75]},
			"faces": {
				"north": {"uv": [8.5, 9.5, 9, 11], "texture": "#0"},
				"east": {"uv": [2, 6, 4, 7.5], "texture": "#0"},
				"south": {"uv": [9, 9.5, 9.5, 11], "texture": "#0"},
				"west": {"uv": [4, 6.5, 6, 8], "texture": "#0"},
				"up": {"uv": [2.5, 11, 2, 9], "texture": "#0"},
				"down": {"uv": [3, 9, 2.5, 11], "texture": "#0"}
			}
		},
		{
			"from": [7.15, -5, 11.25],
			"to": [7.9, -3, 15.25],
			"rotation": {"angle": -45, "axis": "x", "origin": [7.5, 4.5, 6.75]},
			"faces": {
				"north": {"uv": [9.5, 9.5, 10, 10.5], "texture": "#0"},
				"east": {"uv": [8, 3, 10, 4], "texture": "#0"},
				"south": {"uv": [10, 1, 10.5, 2], "texture": "#0"},
				"west": {"uv": [4, 8, 6, 9], "texture": "#0"},
				"up": {"uv": [3.5, 11.5, 3, 9.5], "texture": "#0"},
				"down": {"uv": [4, 9.5, 3.5, 11.5], "texture": "#0"}
			}
		},
		{
			"from": [7.15, 1.08579, 18.3566],
			"to": [7.9, 3.08579, 20.3566],
			"rotation": {"angle": 45, "axis": "x", "origin": [7.525, 3.08579, 17.3566]},
			"faces": {
				"north": {"uv": [4.5, 10, 5, 11], "texture": "#0"},
				"east": {"uv": [5.5, 9.5, 6.5, 10.5], "texture": "#0"},
				"south": {"uv": [5, 10, 5.5, 11], "texture": "#0"},
				"west": {"uv": [9.5, 6, 10.5, 7], "texture": "#0"},
				"up": {"uv": [7, 11, 6.5, 10], "texture": "#0"},
				"down": {"uv": [7.5, 10, 7, 11], "texture": "#0"}
			}
		},
		{
			"from": [7.25, -2.25, 9.75],
			"to": [7.75, -1, 11.25],
			"rotation": {"angle": -45, "axis": "x", "origin": [7.5, 4.5, 6.75]},
			"faces": {
				"north": {"uv": [8, 6, 8.5, 6.5], "texture": "#0"},
				"east": {"uv": [10, 2, 11, 2.5], "texture": "#0"},
				"south": {"uv": [10, 8, 10.5, 8.5], "texture": "#0"},
				"west": {"uv": [10, 2.5, 11, 3], "texture": "#0"},
				"up": {"uv": [10.5, 4, 10, 3], "texture": "#0"},
				"down": {"uv": [4.5, 10, 4, 11], "texture": "#0"}
			}
		},
		{
			"from": [9, 0.05, 4.75],
			"to": [11, 1.05, 8.75],
			"rotation": {"angle": 45, "axis": "y", "origin": [10, 0.55, 6.75]},
			"faces": {
				"north": {"uv": [9.5, 7, 10.5, 7.5], "texture": "#0"},
				"east": {"uv": [9, 5.5, 11, 6], "texture": "#0"},
				"south": {"uv": [9.5, 9, 10.5, 9.5], "texture": "#0"},
				"west": {"uv": [7.5, 9, 9.5, 9.5], "texture": "#0"},
				"up": {"uv": [3, 6, 2, 4], "texture": "#0"},
				"down": {"uv": [4, 7.5, 3, 9.5], "texture": "#0"}
			}
		},
		{
			"from": [5.5, 0.05, 8.25],
			"to": [7.5, 1.05, 12.25],
			"rotation": {"angle": -45, "axis": "y", "origin": [10, 0.55, 6.75]},
			"faces": {
				"north": {"uv": [7.5, 10, 8.5, 10.5], "texture": "#0"},
				"east": {"uv": [9, 8.5, 11, 9], "texture": "#0"},
				"south": {"uv": [10, 7.5, 11, 8], "texture": "#0"},
				"west": {"uv": [6.5, 9.5, 8.5, 10], "texture": "#0"},
				"up": {"uv": [9, 6, 8, 4], "texture": "#0"},
				"down": {"uv": [1, 9, 0, 11], "texture": "#0"}
			}
		}
	],
	"display": {
		"thirdperson_righthand": {
			"rotation": [156.95, -67.32, 74.69],
			"translation": [-6.75, 1.25, 8]
		},
		"thirdperson_lefthand": {
			"rotation": [157.82, -65.81, 106.92],
			"translation": [-4.25, 5.25, 8.5],
			"scale": [0.97, 1, 1]
		},
		"firstperson_righthand": {
			"rotation": [46.75, 0, 0],
			"translation": [2.25, 6.5, 4]
		},
		"firstperson_lefthand": {
			"rotation": [29.5, 0, 0],
			"translation": [0, 7.25, 5.75]
		},
		"ground": {
			"translation": [0, 5, 0]
		},
		"gui": {
			"rotation": [33.49, 26.85, -16.66],
			"translation": [1.5, 5.75, 0]
		},
		"head": {
			"translation": [0, 22.5, 2.75],
			"scale": [2, 2, 2]
		},
		"fixed": {
			"rotation": [-90, 0, 0],
			"translation": [1.5, 0, -32],
			"scale": [4, 4, 4]
		}
	}
}