{
  "parent": "item/generated",
  "textures": {
    "layer0": "item/bundle"
  },
  "overrides": [
    {
      "predicate": {
        "filled": 1e-7
      },
      "model": "item/bundle_filled"
    }
  ],
  "model": {
    "type": "select",
    "property": "custom_model_data",
    "fallback": {
      "type": "model",
      "model": "item/bundle"
    },
    "cases": [
      {
        "when": "gift",
        "model": {
          "type": "model",
          "model": "item/gift"
        }
      },
      {
        "when": "easter",
        "model": {
          "type": "model",
          "model": "item/easterbask"
        }
      }
    ]
  }
}